PO_ID,ProductID,SupplierID,WarehouseID,OrderDate,ExpectedDeliveryDate,ActualDeliveryDate,QuantityOrdered,QuantityReceived,UnitCost,TotalCost,Status,DelayDays
PO000001,PROD0001,SUP005,WH02,06-01-2025,21-01-2025,28-01-2025,1588,1588,4.71,7479.48,Delivered,7
PO000002,PROD0001,SUP005,WH02,09-02-2025,24-02-2025,25-02-2025,1588,1588,4.71,7479.48,Delivered,1
PO000003,PROD0001,SUP005,WH02,17-03-2025,01-04-2025,02-04-2025,1588,1588,4.71,7479.48,Delivered,1
PO000004,PROD0001,SUP005,WH02,20-04-2025,05-05-2025,07-05-2025,1588,1588,4.71,7479.48,Delivered,2
PO000005,PROD0001,SUP005,WH02,25-05-2025,09-06-2025,10-06-2025,1588,1588,4.71,7479.48,Delivered,1
PO000006,PROD0001,SUP005,WH02,28-06-2025,13-07-2025,17-07-2025,1588,1588,4.71,7479.48,Delivered,4
PO000007,PROD0001,SUP005,WH02,04-08-2025,19-08-2025,21-08-2025,1588,1588,4.71,7479.48,Delivered,2
PO000008,PROD0001,SUP005,WH02,11-09-2025,26-09-2025,26-09-2025,1588,1588,4.71,7479.48,Delivered,0
PO000009,PROD0001,SUP005,WH02,17-10-2025,01-11-2025,02-11-2025,1588,1588,4.71,7479.48,Delivered,1
PO000010,PROD0001,SUP005,WH02,17-11-2025,02-12-2025,03-12-2025,1588,1588,4.71,7479.48,Delivered,1
PO000011,PROD0001,SUP005,WH02,14-12-2025,29-12-2025,06-01-2026,1588,1588,4.71,7479.48,Delivered,8
PO000012,PROD0001,SUP005,WH02,15-12-2025,30-12-2025,31-12-2025,1588,1588,4.71,7479.48,Delivered,1
PO000013,PROD0001,SUP005,WH01,08-01-2025,23-01-2025,25-01-2025,1468,1468,4.71,6914.28,Delivered,2
PO000014,PROD0001,SUP005,WH01,10-02-2025,25-02-2025,27-02-2025,1468,1468,4.71,6914.28,Delivered,2
PO000015,PROD0001,SUP005,WH01,19-03-2025,03-04-2025,12-04-2025,1468,1468,4.71,6914.28,Delivered,9
PO000016,PROD0001,SUP005,WH01,01-05-2025,16-05-2025,18-05-2025,1468,1468,4.71,6914.28,Delivered,2
PO000017,PROD0001,SUP005,WH01,06-06-2025,21-06-2025,21-06-2025,1468,1468,4.71,6914.28,Delivered,0
PO000018,PROD0001,SUP005,WH01,13-07-2025,28-07-2025,07-08-2025,1468,1468,4.71,6914.28,Delivered,10
PO000019,PROD0001,SUP005,WH01,26-08-2025,10-09-2025,12-09-2025,1468,1468,4.71,6914.28,Delivered,2
PO000020,PROD0001,SUP005,WH01,01-10-2025,16-10-2025,21-10-2025,1468,1468,4.71,6914.28,Delivered,5
PO000021,PROD0001,SUP005,WH01,08-11-2025,23-11-2025,25-11-2025,1468,1468,4.71,6914.28,Delivered,2
PO000022,PROD0001,SUP005,WH01,09-12-2025,24-12-2025,25-12-2025,1468,1468,4.71,6914.28,Delivered,1
PO000023,PROD0002,SUP016,WH03,05-01-2025,10-01-2025,10-01-2025,593,593,110.72,65656.96,Delivered,0
PO000024,PROD0002,SUP016,WH03,17-02-2025,22-02-2025,23-02-2025,593,593,110.72,65656.96,Delivered,1
PO000025,PROD0002,SUP016,WH03,25-03-2025,30-03-2025,30-03-2025,593,593,110.72,65656.96,Delivered,0
PO000026,PROD0002,SUP016,WH03,24-04-2025,29-04-2025,30-04-2025,593,593,110.72,65656.96,Delivered,1
PO000027,PROD0002,SUP016,WH03,21-05-2025,26-05-2025,27-05-2025,593,593,110.72,65656.96,Delivered,1
PO000028,PROD0002,SUP016,WH03,17-06-2025,22-06-2025,22-06-2025,593,593,110.72,65656.96,Delivered,0
PO000029,PROD0002,SUP016,WH03,14-07-2025,19-07-2025,26-07-2025,593,593,110.72,65656.96,Delivered,7
PO000030,PROD0002,SUP016,WH03,21-08-2025,26-08-2025,27-08-2025,593,593,110.72,65656.96,Delivered,1
PO000031,PROD0002,SUP016,WH03,24-09-2025,29-09-2025,29-09-2025,593,593,110.72,65656.96,Delivered,0
PO000032,PROD0002,SUP016,WH03,03-11-2025,08-11-2025,08-11-2025,593,593,110.72,65656.96,Delivered,0
PO000033,PROD0002,SUP016,WH03,15-12-2025,20-12-2025,21-12-2025,593,593,110.72,65656.96,Delivered,1
PO000034,PROD0002,SUP016,WH04,02-01-2025,07-01-2025,07-01-2025,416,416,110.72,46059.52,Delivered,0
PO000035,PROD0002,SUP016,WH04,12-02-2025,17-02-2025,18-02-2025,416,416,110.72,46059.52,Delivered,1
PO000036,PROD0002,SUP016,WH04,21-03-2025,26-03-2025,26-03-2025,416,416,110.72,46059.52,Delivered,0
PO000037,PROD0002,SUP016,WH04,19-04-2025,24-04-2025,26-04-2025,416,416,110.72,46059.52,Delivered,2
PO000038,PROD0002,SUP016,WH04,19-05-2025,24-05-2025,26-05-2025,416,416,110.72,46059.52,Delivered,2
PO000039,PROD0002,SUP016,WH04,12-06-2025,17-06-2025,17-06-2025,416,416,110.72,46059.52,Delivered,0
PO000040,PROD0002,SUP016,WH04,05-07-2025,10-07-2025,12-07-2025,416,416,110.72,46059.52,Delivered,2
PO000041,PROD0002,SUP016,WH04,31-07-2025,05-08-2025,07-08-2025,416,416,110.72,46059.52,Delivered,2
PO000042,PROD0002,SUP016,WH04,29-08-2025,03-09-2025,03-09-2025,416,416,110.72,46059.52,Delivered,0
PO000043,PROD0002,SUP016,WH04,06-10-2025,11-10-2025,12-10-2025,416,416,110.72,46059.52,Delivered,1
PO000044,PROD0002,SUP016,WH04,18-11-2025,23-11-2025,25-11-2025,416,416,110.72,46059.52,Delivered,2
PO000045,PROD0002,SUP016,WH04,23-12-2025,28-12-2025,30-12-2025,416,416,110.72,46059.52,Delivered,2
PO000046,PROD0002,SUP016,WH02,05-01-2025,10-01-2025,11-01-2025,372,372,110.72,41187.84,Delivered,1
PO000047,PROD0002,SUP016,WH02,13-02-2025,18-02-2025,20-02-2025,372,372,110.72,41187.84,Delivered,2
PO000048,PROD0002,SUP016,WH02,21-03-2025,26-03-2025,26-03-2025,372,372,110.72,41187.84,Delivered,0
PO000049,PROD0002,SUP016,WH02,19-04-2025,24-04-2025,25-04-2025,372,372,110.72,41187.84,Delivered,1
PO000050,PROD0002,SUP016,WH02,16-05-2025,21-05-2025,23-05-2025,372,372,110.72,41187.84,Delivered,2
PO000051,PROD0002,SUP016,WH02,12-06-2025,17-06-2025,21-06-2025,372,372,110.72,41187.84,Delivered,4
PO000052,PROD0002,SUP016,WH02,12-07-2025,17-07-2025,18-07-2025,372,372,110.72,41187.84,Delivered,1
PO000053,PROD0002,SUP016,WH02,09-08-2025,14-08-2025,14-08-2025,372,372,110.72,41187.84,Delivered,0
PO000054,PROD0002,SUP016,WH02,08-09-2025,13-09-2025,14-09-2025,372,372,110.72,41187.84,Delivered,1
PO000055,PROD0002,SUP016,WH02,14-10-2025,19-10-2025,28-10-2025,372,372,110.72,41187.84,Delivered,9
PO000056,PROD0002,SUP016,WH02,03-12-2025,08-12-2025,21-12-2025,372,372,110.72,41187.84,Delivered,13
PO000057,PROD0002,SUP016,WH01,03-01-2025,08-01-2025,09-01-2025,426,426,110.72,47166.72,Delivered,1
PO000058,PROD0002,SUP016,WH01,15-02-2025,20-02-2025,20-02-2025,426,426,110.72,47166.72,Delivered,0
PO000059,PROD0002,SUP016,WH01,21-03-2025,26-03-2025,28-03-2025,426,426,110.72,47166.72,Delivered,2
PO000060,PROD0002,SUP016,WH01,21-04-2025,26-04-2025,26-04-2025,426,426,110.72,47166.72,Delivered,0
PO000061,PROD0002,SUP016,WH01,19-05-2025,24-05-2025,24-05-2025,426,426,110.72,47166.72,Delivered,0
PO000062,PROD0002,SUP016,WH01,13-06-2025,18-06-2025,20-06-2025,426,426,110.72,47166.72,Delivered,2
PO000063,PROD0002,SUP016,WH01,10-07-2025,15-07-2025,16-07-2025,426,426,110.72,47166.72,Delivered,1
PO000064,PROD0002,SUP016,WH01,05-08-2025,10-08-2025,12-08-2025,426,426,110.72,47166.72,Delivered,2
PO000065,PROD0002,SUP016,WH01,08-09-2025,13-09-2025,15-09-2025,426,426,110.72,47166.72,Delivered,2
PO000066,PROD0002,SUP016,WH01,16-10-2025,21-10-2025,23-10-2025,426,426,110.72,47166.72,Delivered,2
PO000067,PROD0002,SUP016,WH01,27-11-2025,02-12-2025,03-12-2025,426,426,110.72,47166.72,Delivered,1
PO000068,PROD0003,SUP012,WH02,16-01-2025,03-02-2025,04-02-2025,916,916,8.32,7621.12,Delivered,1
PO000069,PROD0003,SUP012,WH02,24-02-2025,14-03-2025,18-03-2025,916,916,8.32,7621.12,Delivered,4
PO000070,PROD0003,SUP012,WH02,03-04-2025,21-04-2025,01-05-2025,916,916,8.32,7621.12,Delivered,10
PO000071,PROD0003,SUP012,WH02,15-05-2025,02-06-2025,13-06-2025,916,916,8.32,7621.12,Delivered,11
PO000072,PROD0003,SUP012,WH02,27-06-2025,15-07-2025,29-07-2025,916,916,8.32,7621.12,Delivered,14
PO000073,PROD0003,SUP012,WH02,12-08-2025,30-08-2025,30-08-2025,916,916,8.32,7621.12,Delivered,0
PO000074,PROD0003,SUP012,WH02,13-09-2025,01-10-2025,02-10-2025,916,916,8.32,7621.12,Delivered,1
PO000075,PROD0003,SUP012,WH02,17-10-2025,04-11-2025,18-11-2025,916,916,8.32,7621.12,Delivered,14
PO000076,PROD0003,SUP012,WH02,01-12-2025,19-12-2025,27-12-2025,916,862,8.32,7621.12,Partial - Defect/Shortage,8
PO000077,PROD0003,SUP012,WH03,08-01-2025,26-01-2025,26-01-2025,1065,1065,8.32,8860.8,Delivered,0
PO000078,PROD0003,SUP012,WH03,10-02-2025,28-02-2025,09-03-2025,1065,1065,8.32,8860.8,Delivered,9
PO000079,PROD0003,SUP012,WH03,24-03-2025,11-04-2025,11-04-2025,1065,1065,8.32,8860.8,Delivered,0
PO000080,PROD0003,SUP012,WH03,30-04-2025,18-05-2025,30-05-2025,1065,981,8.32,8860.8,Partial - Defect/Shortage,12
PO000081,PROD0003,SUP012,WH03,11-06-2025,29-06-2025,01-07-2025,1065,1065,8.32,8860.8,Delivered,2
PO000082,PROD0003,SUP012,WH03,16-07-2025,03-08-2025,12-08-2025,1065,1065,8.32,8860.8,Delivered,9
PO000083,PROD0003,SUP012,WH03,27-08-2025,14-09-2025,15-09-2025,1065,1065,8.32,8860.8,Delivered,1
PO000084,PROD0003,SUP012,WH03,26-09-2025,14-10-2025,21-10-2025,1065,1065,8.32,8860.8,Delivered,7
PO000085,PROD0003,SUP012,WH03,02-11-2025,20-11-2025,22-11-2025,1065,1065,8.32,8860.8,Delivered,2
PO000086,PROD0003,SUP012,WH03,04-12-2025,22-12-2025,24-12-2025,1065,1065,8.32,8860.8,Delivered,2
PO000087,PROD0003,SUP012,WH04,12-01-2025,30-01-2025,30-01-2025,751,751,8.32,6248.32,Delivered,0
PO000088,PROD0003,SUP012,WH04,17-02-2025,07-03-2025,09-03-2025,751,751,8.32,6248.32,Delivered,2
PO000089,PROD0003,SUP012,WH04,22-03-2025,09-04-2025,11-04-2025,751,751,8.32,6248.32,Delivered,2
PO000090,PROD0003,SUP012,WH04,26-04-2025,14-05-2025,27-05-2025,751,751,8.32,6248.32,Delivered,13
PO000091,PROD0003,SUP012,WH04,10-06-2025,28-06-2025,30-06-2025,751,705,8.32,6248.32,Partial - Defect/Shortage,2
PO000092,PROD0003,SUP012,WH04,12-07-2025,30-07-2025,31-07-2025,751,751,8.32,6248.32,Delivered,1
PO000093,PROD0003,SUP012,WH04,16-08-2025,03-09-2025,11-09-2025,751,664,8.32,6248.32,Partial - Defect/Shortage,8
PO000094,PROD0003,SUP012,WH04,19-09-2025,07-10-2025,10-10-2025,751,751,8.32,6248.32,Delivered,3
PO000095,PROD0003,SUP012,WH04,26-10-2025,13-11-2025,22-11-2025,751,751,8.32,6248.32,Delivered,9
PO000096,PROD0003,SUP012,WH04,06-12-2025,24-12-2025,28-12-2025,751,751,8.32,6248.32,Delivered,4
PO000097,PROD0003,SUP012,WH01,01-01-2025,19-01-2025,27-01-2025,741,741,8.32,6165.12,Delivered,8
PO000098,PROD0003,SUP012,WH01,10-02-2025,28-02-2025,14-03-2025,741,741,8.32,6165.12,Delivered,14
PO000099,PROD0003,SUP012,WH01,01-04-2025,19-04-2025,20-04-2025,741,741,8.32,6165.12,Delivered,1
PO000100,PROD0003,SUP012,WH01,07-05-2025,25-05-2025,05-06-2025,741,741,8.32,6165.12,Delivered,11
PO000101,PROD0003,SUP012,WH01,18-06-2025,06-07-2025,08-07-2025,741,741,8.32,6165.12,Delivered,2
PO000102,PROD0003,SUP012,WH01,23-07-2025,10-08-2025,22-08-2025,741,741,8.32,6165.12,Delivered,12
PO000103,PROD0003,SUP012,WH01,05-09-2025,23-09-2025,03-10-2025,741,741,8.32,6165.12,Delivered,10
PO000104,PROD0003,SUP012,WH01,18-10-2025,05-11-2025,07-11-2025,741,741,8.32,6165.12,Delivered,2
PO000105,PROD0003,SUP012,WH01,19-11-2025,07-12-2025,09-12-2025,741,741,8.32,6165.12,Delivered,2
PO000106,PROD0003,SUP012,WH01,20-12-2025,07-01-2026,17-01-2026,741,741,8.32,6165.12,Delivered,10
PO000107,PROD0003,SUP012,WH01,21-12-2025,08-01-2026,13-01-2026,741,741,8.32,6165.12,Delivered,5
PO000108,PROD0003,SUP012,WH01,22-12-2025,09-01-2026,21-01-2026,741,741,8.32,6165.12,Delivered,12
PO000109,PROD0003,SUP012,WH01,23-12-2025,10-01-2026,14-01-2026,741,741,8.32,6165.12,Delivered,4
PO000110,PROD0003,SUP012,WH01,24-12-2025,11-01-2026,12-01-2026,741,741,8.32,6165.12,Delivered,1
PO000111,PROD0003,SUP012,WH01,25-12-2025,12-01-2026,12-01-2026,741,741,8.32,6165.12,Delivered,0
PO000112,PROD0003,SUP012,WH01,26-12-2025,13-01-2026,16-01-2026,741,741,8.32,6165.12,Delivered,3
PO000113,PROD0003,SUP012,WH01,27-12-2025,14-01-2026,15-01-2026,741,741,8.32,6165.12,Delivered,1
PO000114,PROD0003,SUP012,WH01,28-12-2025,15-01-2026,25-01-2026,741,741,8.32,6165.12,Delivered,10
PO000115,PROD0003,SUP012,WH01,29-12-2025,16-01-2026,18-01-2026,741,741,8.32,6165.12,Delivered,2
PO000116,PROD0003,SUP012,WH01,30-12-2025,17-01-2026,25-01-2026,741,713,8.32,6165.12,Partial - Defect/Shortage,8
PO000117,PROD0003,SUP012,WH01,31-12-2025,18-01-2026,26-01-2026,741,741,8.32,6165.12,Delivered,8
PO000118,PROD0004,SUP010,WH02,05-01-2025,19-01-2025,21-01-2025,645,645,84.63,54586.35,Delivered,2
PO000119,PROD0004,SUP010,WH02,21-02-2025,07-03-2025,08-03-2025,645,573,84.63,54586.35,Partial - Defect/Shortage,1
PO000120,PROD0004,SUP010,WH02,02-04-2025,16-04-2025,16-04-2025,645,645,84.63,54586.35,Delivered,0
PO000121,PROD0004,SUP010,WH02,08-05-2025,22-05-2025,23-05-2025,645,645,84.63,54586.35,Delivered,1
PO000122,PROD0004,SUP010,WH02,13-06-2025,27-06-2025,28-06-2025,645,645,84.63,54586.35,Delivered,1
PO000123,PROD0004,SUP010,WH02,18-07-2025,01-08-2025,03-08-2025,645,645,84.63,54586.35,Delivered,2
PO000124,PROD0004,SUP010,WH02,26-08-2025,09-09-2025,09-09-2025,645,645,84.63,54586.35,Delivered,0
PO000125,PROD0004,SUP010,WH02,26-09-2025,10-10-2025,10-10-2025,645,645,84.63,54586.35,Delivered,0
PO000126,PROD0004,SUP010,WH02,22-10-2025,05-11-2025,09-11-2025,645,645,84.63,54586.35,Delivered,4
PO000127,PROD0004,SUP010,WH02,19-11-2025,03-12-2025,04-12-2025,645,645,84.63,54586.35,Delivered,1
PO000128,PROD0004,SUP010,WH02,13-12-2025,27-12-2025,27-12-2025,645,645,84.63,54586.35,Delivered,0
PO000129,PROD0004,SUP010,WH01,06-01-2025,20-01-2025,20-01-2025,626,626,84.63,52978.38,Delivered,0
PO000130,PROD0004,SUP010,WH01,14-02-2025,28-02-2025,28-02-2025,626,626,84.63,52978.38,Delivered,0
PO000131,PROD0004,SUP010,WH01,26-03-2025,09-04-2025,09-04-2025,626,626,84.63,52978.38,Delivered,0
PO000132,PROD0004,SUP010,WH01,07-05-2025,21-05-2025,22-05-2025,626,626,84.63,52978.38,Delivered,1
PO000133,PROD0004,SUP010,WH01,14-06-2025,28-06-2025,28-06-2025,626,626,84.63,52978.38,Delivered,0
PO000134,PROD0004,SUP010,WH01,19-07-2025,02-08-2025,03-08-2025,626,626,84.63,52978.38,Delivered,1
PO000135,PROD0004,SUP010,WH01,20-08-2025,03-09-2025,05-09-2025,626,626,84.63,52978.38,Delivered,2
PO000136,PROD0004,SUP010,WH01,24-09-2025,08-10-2025,10-10-2025,626,583,84.63,52978.38,Partial - Defect/Shortage,2
PO000137,PROD0004,SUP010,WH01,20-10-2025,03-11-2025,04-11-2025,626,626,84.63,52978.38,Delivered,1
PO000138,PROD0004,SUP010,WH01,12-11-2025,26-11-2025,04-12-2025,626,626,84.63,52978.38,Delivered,8
PO000139,PROD0004,SUP010,WH01,13-12-2025,27-12-2025,07-01-2026,626,542,84.63,52978.38,Partial - Defect/Shortage,11
PO000140,PROD0004,SUP010,WH01,14-12-2025,28-12-2025,28-12-2025,626,626,84.63,52978.38,Delivered,0
PO000141,PROD0005,SUP012,WH01,04-01-2025,22-01-2025,27-01-2025,392,392,52.46,20564.32,Delivered,5
PO000142,PROD0005,SUP012,WH01,15-02-2025,05-03-2025,06-03-2025,392,392,52.46,20564.32,Delivered,1
PO000143,PROD0005,SUP012,WH01,24-03-2025,11-04-2025,22-04-2025,392,392,52.46,20564.32,Delivered,11
PO000144,PROD0005,SUP012,WH01,06-05-2025,24-05-2025,28-05-2025,392,392,52.46,20564.32,Delivered,4
PO000145,PROD0005,SUP012,WH01,14-06-2025,02-07-2025,03-07-2025,392,392,52.46,20564.32,Delivered,1
PO000146,PROD0005,SUP012,WH01,25-07-2025,12-08-2025,12-08-2025,392,392,52.46,20564.32,Delivered,0
PO000147,PROD0005,SUP012,WH01,28-08-2025,15-09-2025,24-09-2025,392,392,52.46,20564.32,Delivered,9
PO000148,PROD0005,SUP012,WH01,07-10-2025,25-10-2025,04-11-2025,392,392,52.46,20564.32,Delivered,10
PO000149,PROD0005,SUP012,WH01,13-11-2025,01-12-2025,15-12-2025,392,392,52.46,20564.32,Delivered,14
PO000150,PROD0005,SUP012,WH01,24-12-2025,11-01-2026,12-01-2026,392,392,52.46,20564.32,Delivered,1
PO000151,PROD0005,SUP012,WH01,25-12-2025,12-01-2026,16-01-2026,392,392,52.46,20564.32,Delivered,4
PO000152,PROD0005,SUP012,WH01,26-12-2025,13-01-2026,15-01-2026,392,392,52.46,20564.32,Delivered,2
PO000153,PROD0005,SUP012,WH01,27-12-2025,14-01-2026,24-01-2026,392,392,52.46,20564.32,Delivered,10
PO000154,PROD0005,SUP012,WH01,28-12-2025,15-01-2026,19-01-2026,392,392,52.46,20564.32,Delivered,4
PO000155,PROD0005,SUP012,WH01,29-12-2025,16-01-2026,28-01-2026,392,392,52.46,20564.32,Delivered,12
PO000156,PROD0005,SUP012,WH01,30-12-2025,17-01-2026,30-01-2026,392,392,52.46,20564.32,Delivered,13
PO000157,PROD0005,SUP012,WH01,31-12-2025,18-01-2026,26-01-2026,392,392,52.46,20564.32,Delivered,8
PO000158,PROD0005,SUP012,WH03,06-01-2025,24-01-2025,26-01-2025,461,461,52.46,24184.06,Delivered,2
PO000159,PROD0005,SUP012,WH03,14-02-2025,04-03-2025,12-03-2025,461,461,52.46,24184.06,Delivered,8
PO000160,PROD0005,SUP012,WH03,28-03-2025,15-04-2025,27-04-2025,461,461,52.46,24184.06,Delivered,12
PO000161,PROD0005,SUP012,WH03,11-05-2025,29-05-2025,05-06-2025,461,461,52.46,24184.06,Delivered,7
PO000162,PROD0005,SUP012,WH03,18-06-2025,06-07-2025,07-07-2025,461,461,52.46,24184.06,Delivered,1
PO000163,PROD0005,SUP012,WH03,24-07-2025,11-08-2025,12-08-2025,461,461,52.46,24184.06,Delivered,1
PO000164,PROD0005,SUP012,WH03,24-08-2025,11-09-2025,13-09-2025,461,461,52.46,24184.06,Delivered,2
PO000165,PROD0005,SUP012,WH03,27-09-2025,15-10-2025,17-10-2025,461,461,52.46,24184.06,Delivered,2
PO000166,PROD0005,SUP012,WH03,28-10-2025,15-11-2025,16-11-2025,461,461,52.46,24184.06,Delivered,1
PO000167,PROD0005,SUP012,WH03,25-11-2025,13-12-2025,22-12-2025,461,461,52.46,24184.06,Delivered,9
PO000168,PROD0005,SUP012,WH03,28-12-2025,15-01-2026,28-01-2026,461,461,52.46,24184.06,Delivered,13
PO000169,PROD0005,SUP012,WH03,29-12-2025,16-01-2026,18-01-2026,461,461,52.46,24184.06,Delivered,2
PO000170,PROD0005,SUP012,WH03,30-12-2025,17-01-2026,23-01-2026,461,461,52.46,24184.06,Delivered,6
PO000171,PROD0005,SUP012,WH03,31-12-2025,18-01-2026,19-01-2026,461,461,52.46,24184.06,Delivered,1
PO000172,PROD0005,SUP012,WH02,11-01-2025,29-01-2025,04-02-2025,379,379,52.46,19882.34,Delivered,6
PO000173,PROD0005,SUP012,WH02,25-02-2025,15-03-2025,17-03-2025,379,379,52.46,19882.34,Delivered,2
PO000174,PROD0005,SUP012,WH02,07-04-2025,25-04-2025,27-04-2025,379,379,52.46,19882.34,Delivered,2
PO000175,PROD0005,SUP012,WH02,13-05-2025,31-05-2025,01-06-2025,379,379,52.46,19882.34,Delivered,1
PO000176,PROD0005,SUP012,WH02,20-06-2025,08-07-2025,11-07-2025,379,379,52.46,19882.34,Delivered,3
PO000177,PROD0005,SUP012,WH02,27-07-2025,14-08-2025,28-08-2025,379,379,52.46,19882.34,Delivered,14
PO000178,PROD0005,SUP012,WH02,12-09-2025,30-09-2025,01-10-2025,379,379,52.46,19882.34,Delivered,1
PO000179,PROD0005,SUP012,WH02,12-10-2025,30-10-2025,31-10-2025,379,379,52.46,19882.34,Delivered,1
PO000180,PROD0005,SUP012,WH02,07-11-2025,25-11-2025,25-11-2025,379,379,52.46,19882.34,Delivered,0
PO000181,PROD0005,SUP012,WH02,04-12-2025,22-12-2025,24-12-2025,379,379,52.46,19882.34,Delivered,2
PO000182,PROD0005,SUP012,WH02,31-12-2025,18-01-2026,19-01-2026,379,379,52.46,19882.34,Delivered,1
PO000183,PROD0006,SUP007,WH01,02-01-2025,09-01-2025,09-01-2025,1233,1233,7.7,9494.1,Delivered,0
PO000184,PROD0006,SUP007,WH01,01-02-2025,08-02-2025,10-02-2025,1233,1233,7.7,9494.1,Delivered,2
PO000185,PROD0006,SUP007,WH01,10-03-2025,17-03-2025,31-03-2025,1233,1233,7.7,9494.1,Delivered,14
PO000186,PROD0006,SUP007,WH01,26-04-2025,03-05-2025,04-05-2025,1233,1233,7.7,9494.1,Delivered,1
PO000187,PROD0006,SUP007,WH01,29-05-2025,05-06-2025,06-06-2025,1233,1233,7.7,9494.1,Delivered,1
PO000188,PROD0006,SUP007,WH01,05-07-2025,12-07-2025,12-07-2025,1233,1233,7.7,9494.1,Delivered,0
PO000189,PROD0006,SUP007,WH01,06-08-2025,13-08-2025,14-08-2025,1233,1233,7.7,9494.1,Delivered,1
PO000190,PROD0006,SUP007,WH01,10-09-2025,17-09-2025,17-09-2025,1233,1233,7.7,9494.1,Delivered,0
PO000191,PROD0006,SUP007,WH01,14-10-2025,21-10-2025,23-10-2025,1233,1233,7.7,9494.1,Delivered,2
PO000192,PROD0006,SUP007,WH01,15-11-2025,22-11-2025,22-11-2025,1233,1233,7.7,9494.1,Delivered,0
PO000193,PROD0006,SUP007,WH01,15-12-2025,22-12-2025,23-12-2025,1233,1233,7.7,9494.1,Delivered,1
PO000194,PROD0006,SUP007,WH02,02-01-2025,09-01-2025,09-01-2025,1310,1310,7.7,10087,Delivered,0
PO000195,PROD0006,SUP007,WH02,05-02-2025,12-02-2025,26-02-2025,1310,1310,7.7,10087,Delivered,14
PO000196,PROD0006,SUP007,WH02,27-03-2025,03-04-2025,05-04-2025,1310,1310,7.7,10087,Delivered,2
PO000197,PROD0006,SUP007,WH02,03-05-2025,10-05-2025,12-05-2025,1310,1310,7.7,10087,Delivered,2
PO000198,PROD0006,SUP007,WH02,08-06-2025,15-06-2025,15-06-2025,1310,1310,7.7,10087,Delivered,0
PO000199,PROD0006,SUP007,WH02,13-07-2025,20-07-2025,20-07-2025,1310,1310,7.7,10087,Delivered,0
PO000200,PROD0006,SUP007,WH02,17-08-2025,24-08-2025,25-08-2025,1310,1310,7.7,10087,Delivered,1
PO000201,PROD0006,SUP007,WH02,20-09-2025,27-09-2025,28-09-2025,1310,1310,7.7,10087,Delivered,1
PO000202,PROD0006,SUP007,WH02,27-10-2025,03-11-2025,04-11-2025,1310,1310,7.7,10087,Delivered,1
PO000203,PROD0006,SUP007,WH02,26-11-2025,03-12-2025,16-12-2025,1310,1310,7.7,10087,Delivered,13
PO000204,PROD0006,SUP007,WH03,06-01-2025,13-01-2025,25-01-2025,1257,1257,7.7,9678.9,Delivered,12
PO000205,PROD0006,SUP007,WH03,22-02-2025,01-03-2025,01-03-2025,1257,1257,7.7,9678.9,Delivered,0
PO000206,PROD0006,SUP007,WH03,01-04-2025,08-04-2025,08-04-2025,1257,1257,7.7,9678.9,Delivered,0
PO000207,PROD0006,SUP007,WH03,07-05-2025,14-05-2025,15-05-2025,1257,1257,7.7,9678.9,Delivered,1
PO000208,PROD0006,SUP007,WH03,11-06-2025,18-06-2025,18-06-2025,1257,1257,7.7,9678.9,Delivered,0
PO000209,PROD0006,SUP007,WH03,16-07-2025,23-07-2025,23-07-2025,1257,1257,7.7,9678.9,Delivered,0
PO000210,PROD0006,SUP007,WH03,14-08-2025,21-08-2025,23-08-2025,1257,1257,7.7,9678.9,Delivered,2
PO000211,PROD0006,SUP007,WH03,18-09-2025,25-09-2025,25-09-2025,1257,1257,7.7,9678.9,Delivered,0
PO000212,PROD0006,SUP007,WH03,22-10-2025,29-10-2025,11-11-2025,1257,1257,7.7,9678.9,Delivered,13
PO000213,PROD0006,SUP007,WH03,04-12-2025,11-12-2025,11-12-2025,1257,1257,7.7,9678.9,Delivered,0
PO000214,PROD0006,SUP007,WH03,31-12-2025,07-01-2026,09-01-2026,1257,1257,7.7,9678.9,Delivered,2
PO000215,PROD0006,SUP007,WH04,06-01-2025,13-01-2025,13-01-2025,1047,1047,7.7,8061.9,Delivered,0
PO000216,PROD0006,SUP007,WH04,07-02-2025,14-02-2025,15-02-2025,1047,1047,7.7,8061.9,Delivered,1
PO000217,PROD0006,SUP007,WH04,15-03-2025,22-03-2025,24-03-2025,1047,1047,7.7,8061.9,Delivered,2
PO000218,PROD0006,SUP007,WH04,23-04-2025,30-04-2025,01-05-2025,1047,1047,7.7,8061.9,Delivered,1
PO000219,PROD0006,SUP007,WH04,28-05-2025,04-06-2025,06-06-2025,1047,1047,7.7,8061.9,Delivered,2
PO000220,PROD0006,SUP007,WH04,30-06-2025,07-07-2025,07-07-2025,1047,1047,7.7,8061.9,Delivered,0
PO000221,PROD0006,SUP007,WH04,03-08-2025,10-08-2025,11-08-2025,1047,1047,7.7,8061.9,Delivered,1
PO000222,PROD0006,SUP007,WH04,08-09-2025,15-09-2025,17-09-2025,1047,1047,7.7,8061.9,Delivered,2
PO000223,PROD0006,SUP007,WH04,11-10-2025,18-10-2025,19-10-2025,1047,1047,7.7,8061.9,Delivered,1
PO000224,PROD0006,SUP007,WH04,15-11-2025,22-11-2025,22-11-2025,1047,1047,7.7,8061.9,Delivered,0
PO000225,PROD0006,SUP007,WH04,14-12-2025,21-12-2025,25-12-2025,1047,1047,7.7,8061.9,Delivered,4
PO000226,PROD0007,SUP016,WH01,05-01-2025,10-01-2025,11-01-2025,1703,1703,2.37,4036.11,Delivered,1
PO000227,PROD0007,SUP016,WH01,08-02-2025,13-02-2025,13-02-2025,1703,1703,2.37,4036.11,Delivered,0
PO000228,PROD0007,SUP016,WH01,14-03-2025,19-03-2025,20-03-2025,1703,1703,2.37,4036.11,Delivered,1
PO000229,PROD0007,SUP016,WH01,19-04-2025,24-04-2025,25-04-2025,1703,1703,2.37,4036.11,Delivered,1
PO000230,PROD0007,SUP016,WH01,23-05-2025,28-05-2025,28-05-2025,1703,1703,2.37,4036.11,Delivered,0
PO000231,PROD0007,SUP016,WH01,28-06-2025,03-07-2025,04-07-2025,1703,1703,2.37,4036.11,Delivered,1
PO000232,PROD0007,SUP016,WH01,03-08-2025,08-08-2025,08-08-2025,1703,1703,2.37,4036.11,Delivered,0
PO000233,PROD0007,SUP016,WH01,05-09-2025,10-09-2025,10-09-2025,1703,1703,2.37,4036.11,Delivered,0
PO000234,PROD0007,SUP016,WH01,10-10-2025,15-10-2025,16-10-2025,1703,1703,2.37,4036.11,Delivered,1
PO000235,PROD0007,SUP016,WH01,15-11-2025,20-11-2025,20-11-2025,1703,1703,2.37,4036.11,Delivered,0
PO000236,PROD0007,SUP016,WH01,14-12-2025,19-12-2025,19-12-2025,1703,1703,2.37,4036.11,Delivered,0
PO000237,PROD0007,SUP016,WH03,02-01-2025,07-01-2025,09-01-2025,1792,1792,2.37,4247.04,Delivered,2
PO000238,PROD0007,SUP016,WH03,08-02-2025,13-02-2025,14-02-2025,1792,1792,2.37,4247.04,Delivered,1
PO000239,PROD0007,SUP016,WH03,18-03-2025,23-03-2025,24-03-2025,1792,1792,2.37,4247.04,Delivered,1
PO000240,PROD0007,SUP016,WH03,23-04-2025,28-04-2025,30-04-2025,1792,1792,2.37,4247.04,Delivered,2
PO000241,PROD0007,SUP016,WH03,29-05-2025,03-06-2025,03-06-2025,1792,1792,2.37,4247.04,Delivered,0
PO000242,PROD0007,SUP016,WH03,01-07-2025,06-07-2025,08-07-2025,1792,1792,2.37,4247.04,Delivered,2
PO000243,PROD0007,SUP016,WH03,07-08-2025,12-08-2025,13-08-2025,1792,1792,2.37,4247.04,Delivered,1
PO000244,PROD0007,SUP016,WH03,13-09-2025,18-09-2025,19-09-2025,1792,1792,2.37,4247.04,Delivered,1
PO000245,PROD0007,SUP016,WH03,19-10-2025,24-10-2025,25-10-2025,1792,1792,2.37,4247.04,Delivered,1
PO000246,PROD0007,SUP016,WH03,18-11-2025,23-11-2025,24-11-2025,1792,1792,2.37,4247.04,Delivered,1
PO000247,PROD0007,SUP016,WH03,19-12-2025,24-12-2025,26-12-2025,1792,1792,2.37,4247.04,Delivered,2
PO000248,PROD0007,SUP016,WH04,03-01-2025,08-01-2025,10-01-2025,1107,1107,2.37,2623.59,Delivered,2
PO000249,PROD0007,SUP016,WH04,07-02-2025,12-02-2025,12-02-2025,1107,1107,2.37,2623.59,Delivered,0
PO000250,PROD0007,SUP016,WH04,16-03-2025,21-03-2025,23-03-2025,1107,1107,2.37,2623.59,Delivered,2
PO000251,PROD0007,SUP016,WH04,23-04-2025,28-04-2025,29-04-2025,1107,1107,2.37,2623.59,Delivered,1
PO000252,PROD0007,SUP016,WH04,26-05-2025,31-05-2025,02-06-2025,1107,1107,2.37,2623.59,Delivered,2
PO000253,PROD0007,SUP016,WH04,29-06-2025,04-07-2025,04-07-2025,1107,1107,2.37,2623.59,Delivered,0
PO000254,PROD0007,SUP016,WH04,02-08-2025,07-08-2025,08-08-2025,1107,1107,2.37,2623.59,Delivered,1
PO000255,PROD0007,SUP016,WH04,06-09-2025,11-09-2025,12-09-2025,1107,1107,2.37,2623.59,Delivered,1
PO000256,PROD0007,SUP016,WH04,09-10-2025,14-10-2025,14-10-2025,1107,1107,2.37,2623.59,Delivered,0
PO000257,PROD0007,SUP016,WH04,13-11-2025,18-11-2025,18-11-2025,1107,1107,2.37,2623.59,Delivered,0
PO000258,PROD0007,SUP016,WH04,14-12-2025,19-12-2025,19-12-2025,1107,1107,2.37,2623.59,Delivered,0
PO000259,PROD0007,SUP016,WH02,01-01-2025,06-01-2025,06-01-2025,1731,1731,2.37,4102.47,Delivered,0
PO000260,PROD0007,SUP016,WH02,05-02-2025,10-02-2025,11-02-2025,1731,1731,2.37,4102.47,Delivered,1
PO000261,PROD0007,SUP016,WH02,11-03-2025,16-03-2025,17-03-2025,1731,1731,2.37,4102.47,Delivered,1
PO000262,PROD0007,SUP016,WH02,17-04-2025,22-04-2025,24-04-2025,1731,1731,2.37,4102.47,Delivered,2
PO000263,PROD0007,SUP016,WH02,22-05-2025,27-05-2025,27-05-2025,1731,1731,2.37,4102.47,Delivered,0
PO000264,PROD0007,SUP016,WH02,26-06-2025,01-07-2025,01-07-2025,1731,1731,2.37,4102.47,Delivered,0
PO000265,PROD0007,SUP016,WH02,02-08-2025,07-08-2025,09-08-2025,1731,1731,2.37,4102.47,Delivered,2
PO000266,PROD0007,SUP016,WH02,07-09-2025,12-09-2025,13-09-2025,1731,1731,2.37,4102.47,Delivered,1
PO000267,PROD0007,SUP016,WH02,12-10-2025,17-10-2025,17-10-2025,1731,1731,2.37,4102.47,Delivered,0
PO000268,PROD0007,SUP016,WH02,15-11-2025,20-11-2025,22-11-2025,1731,1731,2.37,4102.47,Delivered,2
PO000269,PROD0007,SUP016,WH02,15-12-2025,20-12-2025,20-12-2025,1731,1731,2.37,4102.47,Delivered,0
PO000270,PROD0008,SUP012,WH01,08-01-2025,26-01-2025,27-01-2025,346,346,76.29,26396.34,Delivered,1
PO000271,PROD0008,SUP012,WH01,19-02-2025,09-03-2025,10-03-2025,346,346,76.29,26396.34,Delivered,1
PO000272,PROD0008,SUP012,WH01,26-03-2025,13-04-2025,19-04-2025,346,346,76.29,26396.34,Delivered,6
PO000273,PROD0008,SUP012,WH01,01-05-2025,19-05-2025,01-06-2025,346,346,76.29,26396.34,Delivered,13
PO000274,PROD0008,SUP012,WH01,11-06-2025,29-06-2025,13-07-2025,346,346,76.29,26396.34,Delivered,14
PO000275,PROD0008,SUP012,WH01,23-07-2025,10-08-2025,21-08-2025,346,324,76.29,26396.34,Partial - Defect/Shortage,11
PO000276,PROD0008,SUP012,WH01,01-09-2025,19-09-2025,19-09-2025,346,346,76.29,26396.34,Delivered,0
PO000277,PROD0008,SUP012,WH01,09-10-2025,27-10-2025,28-10-2025,346,346,76.29,26396.34,Delivered,1
PO000278,PROD0008,SUP012,WH01,15-11-2025,03-12-2025,16-12-2025,346,346,76.29,26396.34,Delivered,13
PO000279,PROD0008,SUP012,WH01,31-12-2025,18-01-2026,24-01-2026,346,346,76.29,26396.34,Delivered,6
PO000280,PROD0008,SUP012,WH02,09-01-2025,27-01-2025,09-02-2025,380,380,76.29,28990.2,Delivered,13
PO000281,PROD0008,SUP012,WH02,26-02-2025,16-03-2025,17-03-2025,380,380,76.29,28990.2,Delivered,1
PO000282,PROD0008,SUP012,WH02,01-04-2025,19-04-2025,28-04-2025,380,380,76.29,28990.2,Delivered,9
PO000283,PROD0008,SUP012,WH02,11-05-2025,29-05-2025,03-06-2025,380,380,76.29,28990.2,Delivered,5
PO000284,PROD0008,SUP012,WH02,14-06-2025,02-07-2025,15-07-2025,380,380,76.29,28990.2,Delivered,13
PO000285,PROD0008,SUP012,WH02,26-07-2025,13-08-2025,26-08-2025,380,380,76.29,28990.2,Delivered,13
PO000286,PROD0008,SUP012,WH02,09-09-2025,27-09-2025,27-09-2025,380,380,76.29,28990.2,Delivered,0
PO000287,PROD0008,SUP012,WH02,14-10-2025,01-11-2025,05-11-2025,380,380,76.29,28990.2,Delivered,4
PO000288,PROD0008,SUP012,WH02,23-11-2025,11-12-2025,19-12-2025,380,362,76.29,28990.2,Partial - Defect/Shortage,8
PO000289,PROD0008,SUP012,WH04,03-01-2025,21-01-2025,22-01-2025,361,317,76.29,27540.69,Partial - Defect/Shortage,1
PO000290,PROD0008,SUP012,WH04,06-02-2025,24-02-2025,09-03-2025,361,346,76.29,27540.69,Partial - Defect/Shortage,13
PO000291,PROD0008,SUP012,WH04,21-03-2025,08-04-2025,11-04-2025,361,361,76.29,27540.69,Delivered,3
PO000292,PROD0008,SUP012,WH04,24-04-2025,12-05-2025,12-05-2025,361,361,76.29,27540.69,Delivered,0
PO000293,PROD0008,SUP012,WH04,23-05-2025,10-06-2025,18-06-2025,361,361,76.29,27540.69,Delivered,8
PO000294,PROD0008,SUP012,WH04,28-06-2025,16-07-2025,16-07-2025,361,361,76.29,27540.69,Delivered,0
PO000295,PROD0008,SUP012,WH04,27-07-2025,14-08-2025,19-08-2025,361,361,76.29,27540.69,Delivered,5
PO000296,PROD0008,SUP012,WH04,31-08-2025,18-09-2025,20-09-2025,361,361,76.29,27540.69,Delivered,2
PO000297,PROD0008,SUP012,WH04,08-10-2025,26-10-2025,30-10-2025,361,361,76.29,27540.69,Delivered,4
PO000298,PROD0008,SUP012,WH04,22-11-2025,10-12-2025,11-12-2025,361,361,76.29,27540.69,Delivered,1
PO000299,PROD0008,SUP012,WH04,31-12-2025,18-01-2026,20-01-2026,361,361,76.29,27540.69,Delivered,2
PO000300,PROD0009,SUP011,WH02,05-01-2025,18-01-2025,20-01-2025,524,524,31.9,16715.6,Delivered,2
PO000301,PROD0009,SUP011,WH02,12-02-2025,25-02-2025,27-02-2025,524,524,31.9,16715.6,Delivered,2
PO000302,PROD0009,SUP011,WH02,17-03-2025,30-03-2025,30-03-2025,524,524,31.9,16715.6,Delivered,0
PO000303,PROD0009,SUP011,WH02,15-04-2025,28-04-2025,29-04-2025,524,524,31.9,16715.6,Delivered,1
PO000304,PROD0009,SUP011,WH02,16-05-2025,29-05-2025,31-05-2025,524,524,31.9,16715.6,Delivered,2
PO000305,PROD0009,SUP011,WH02,21-06-2025,04-07-2025,04-07-2025,524,524,31.9,16715.6,Delivered,0
PO000306,PROD0009,SUP011,WH02,28-07-2025,10-08-2025,11-08-2025,524,524,31.9,16715.6,Delivered,1
PO000307,PROD0009,SUP011,WH02,29-08-2025,11-09-2025,13-09-2025,524,487,31.9,16715.6,Partial - Defect/Shortage,2
PO000308,PROD0009,SUP011,WH02,28-09-2025,11-10-2025,11-10-2025,524,524,31.9,16715.6,Delivered,0
PO000309,PROD0009,SUP011,WH02,30-10-2025,12-11-2025,13-11-2025,524,524,31.9,16715.6,Delivered,1
PO000310,PROD0009,SUP011,WH02,02-12-2025,15-12-2025,16-12-2025,524,524,31.9,16715.6,Delivered,1
PO000311,PROD0009,SUP011,WH04,02-01-2025,15-01-2025,16-01-2025,538,538,31.9,17162.2,Delivered,1
PO000312,PROD0009,SUP011,WH04,09-02-2025,22-02-2025,23-02-2025,538,538,31.9,17162.2,Delivered,1
PO000313,PROD0009,SUP011,WH04,15-03-2025,28-03-2025,29-03-2025,538,538,31.9,17162.2,Delivered,1
PO000314,PROD0009,SUP011,WH04,16-04-2025,29-04-2025,30-04-2025,538,538,31.9,17162.2,Delivered,1
PO000315,PROD0009,SUP011,WH04,17-05-2025,30-05-2025,01-06-2025,538,538,31.9,17162.2,Delivered,2
PO000316,PROD0009,SUP011,WH04,20-06-2025,03-07-2025,10-07-2025,538,538,31.9,17162.2,Delivered,7
PO000317,PROD0009,SUP011,WH04,01-08-2025,14-08-2025,28-08-2025,538,538,31.9,17162.2,Delivered,14
PO000318,PROD0009,SUP011,WH04,15-09-2025,28-09-2025,10-10-2025,538,538,31.9,17162.2,Delivered,12
PO000319,PROD0009,SUP011,WH04,29-10-2025,11-11-2025,12-11-2025,538,471,31.9,17162.2,Partial - Defect/Shortage,1
PO000320,PROD0009,SUP011,WH04,28-11-2025,11-12-2025,12-12-2025,538,538,31.9,17162.2,Delivered,1
PO000321,PROD0009,SUP011,WH04,29-12-2025,11-01-2026,12-01-2026,538,538,31.9,17162.2,Delivered,1
PO000322,PROD0009,SUP011,WH04,30-12-2025,12-01-2026,14-01-2026,538,538,31.9,17162.2,Delivered,2
PO000323,PROD0009,SUP011,WH04,31-12-2025,13-01-2026,13-01-2026,538,538,31.9,17162.2,Delivered,0
PO000324,PROD0010,SUP018,WH02,01-01-2025,11-01-2025,13-01-2025,479,479,29.63,14192.77,Delivered,2
PO000325,PROD0010,SUP018,WH02,12-02-2025,22-02-2025,23-02-2025,479,479,29.63,14192.77,Delivered,1
PO000326,PROD0010,SUP018,WH02,22-03-2025,01-04-2025,02-04-2025,479,479,29.63,14192.77,Delivered,1
PO000327,PROD0010,SUP018,WH02,25-04-2025,05-05-2025,06-05-2025,479,479,29.63,14192.77,Delivered,1
PO000328,PROD0010,SUP018,WH02,24-05-2025,03-06-2025,03-06-2025,479,479,29.63,14192.77,Delivered,0
PO000329,PROD0010,SUP018,WH02,17-06-2025,27-06-2025,29-06-2025,479,479,29.63,14192.77,Delivered,2
PO000330,PROD0010,SUP018,WH02,12-07-2025,22-07-2025,31-07-2025,479,479,29.63,14192.77,Delivered,9
PO000331,PROD0010,SUP018,WH02,19-08-2025,29-08-2025,31-08-2025,479,479,29.63,14192.77,Delivered,2
PO000332,PROD0010,SUP018,WH02,19-09-2025,29-09-2025,02-10-2025,479,479,29.63,14192.77,Delivered,3
PO000333,PROD0010,SUP018,WH02,26-10-2025,05-11-2025,07-11-2025,479,479,29.63,14192.77,Delivered,2
PO000334,PROD0010,SUP018,WH02,07-12-2025,17-12-2025,19-12-2025,479,479,29.63,14192.77,Delivered,2
PO000335,PROD0010,SUP018,WH03,06-01-2025,16-01-2025,18-01-2025,510,510,29.63,15111.3,Delivered,2
PO000336,PROD0010,SUP018,WH03,18-02-2025,28-02-2025,02-03-2025,510,510,29.63,15111.3,Delivered,2
PO000337,PROD0010,SUP018,WH03,21-03-2025,31-03-2025,02-04-2025,510,510,29.63,15111.3,Delivered,2
PO000338,PROD0010,SUP018,WH03,22-04-2025,02-05-2025,03-05-2025,510,510,29.63,15111.3,Delivered,1
PO000339,PROD0010,SUP018,WH03,20-05-2025,30-05-2025,31-05-2025,510,510,29.63,15111.3,Delivered,1
PO000340,PROD0010,SUP018,WH03,13-06-2025,23-06-2025,25-06-2025,510,510,29.63,15111.3,Delivered,2
PO000341,PROD0010,SUP018,WH03,10-07-2025,20-07-2025,20-07-2025,510,510,29.63,15111.3,Delivered,0
PO000342,PROD0010,SUP018,WH03,12-08-2025,22-08-2025,23-08-2025,510,510,29.63,15111.3,Delivered,1
PO000343,PROD0010,SUP018,WH03,16-09-2025,26-09-2025,27-09-2025,510,510,29.63,15111.3,Delivered,1
PO000344,PROD0010,SUP018,WH03,21-10-2025,31-10-2025,31-10-2025,510,510,29.63,15111.3,Delivered,0
PO000345,PROD0010,SUP018,WH03,03-12-2025,13-12-2025,14-12-2025,510,510,29.63,15111.3,Delivered,1
PO000346,PROD0011,SUP014,WH04,08-01-2025,15-01-2025,16-01-2025,498,498,74.81,37255.38,Delivered,1
PO000347,PROD0011,SUP014,WH04,17-02-2025,24-02-2025,08-03-2025,498,498,74.81,37255.38,Delivered,12
PO000348,PROD0011,SUP014,WH04,08-04-2025,15-04-2025,19-04-2025,498,498,74.81,37255.38,Delivered,4
PO000349,PROD0011,SUP014,WH04,19-05-2025,26-05-2025,04-06-2025,498,498,74.81,37255.38,Delivered,9
PO000350,PROD0011,SUP014,WH04,01-07-2025,08-07-2025,08-07-2025,498,498,74.81,37255.38,Delivered,0
PO000351,PROD0011,SUP014,WH04,07-08-2025,14-08-2025,16-08-2025,498,498,74.81,37255.38,Delivered,2
PO000352,PROD0011,SUP014,WH04,12-09-2025,19-09-2025,21-09-2025,498,498,74.81,37255.38,Delivered,2
PO000353,PROD0011,SUP014,WH04,18-10-2025,25-10-2025,27-10-2025,498,498,74.81,37255.38,Delivered,2
PO000354,PROD0011,SUP014,WH04,11-11-2025,18-11-2025,18-11-2025,498,498,74.81,37255.38,Delivered,0
PO000355,PROD0011,SUP014,WH04,02-12-2025,09-12-2025,10-12-2025,498,498,74.81,37255.38,Delivered,1
PO000356,PROD0011,SUP014,WH04,23-12-2025,30-12-2025,30-12-2025,498,498,74.81,37255.38,Delivered,0
PO000357,PROD0011,SUP014,WH01,08-01-2025,15-01-2025,16-01-2025,647,647,74.81,48402.07,Delivered,1
PO000358,PROD0011,SUP014,WH01,17-02-2025,24-02-2025,04-03-2025,647,647,74.81,48402.07,Delivered,8
PO000359,PROD0011,SUP014,WH01,02-04-2025,09-04-2025,11-04-2025,647,647,74.81,48402.07,Delivered,2
PO000360,PROD0011,SUP014,WH01,12-05-2025,19-05-2025,19-05-2025,647,647,74.81,48402.07,Delivered,0
PO000361,PROD0011,SUP014,WH01,17-06-2025,24-06-2025,26-06-2025,647,647,74.81,48402.07,Delivered,2
PO000362,PROD0011,SUP014,WH01,23-07-2025,30-07-2025,31-07-2025,647,647,74.81,48402.07,Delivered,1
PO000363,PROD0011,SUP014,WH01,24-08-2025,31-08-2025,01-09-2025,647,647,74.81,48402.07,Delivered,1
PO000364,PROD0011,SUP014,WH01,24-09-2025,01-10-2025,02-10-2025,647,647,74.81,48402.07,Delivered,1
PO000365,PROD0011,SUP014,WH01,23-10-2025,30-10-2025,31-10-2025,647,647,74.81,48402.07,Delivered,1
PO000366,PROD0011,SUP014,WH01,18-11-2025,25-11-2025,26-11-2025,647,647,74.81,48402.07,Delivered,1
PO000367,PROD0011,SUP014,WH01,09-12-2025,16-12-2025,25-12-2025,647,575,74.81,48402.07,Partial - Defect/Shortage,9
PO000368,PROD0012,SUP016,WH04,05-01-2025,10-01-2025,10-01-2025,347,347,26.53,9205.91,Delivered,0
PO000369,PROD0012,SUP016,WH04,19-02-2025,24-02-2025,25-02-2025,347,347,26.53,9205.91,Delivered,1
PO000370,PROD0012,SUP016,WH04,25-03-2025,30-03-2025,31-03-2025,347,347,26.53,9205.91,Delivered,1
PO000371,PROD0012,SUP016,WH04,21-04-2025,26-04-2025,26-04-2025,347,347,26.53,9205.91,Delivered,0
PO000372,PROD0012,SUP016,WH04,17-05-2025,22-05-2025,24-05-2025,347,347,26.53,9205.91,Delivered,2
PO000373,PROD0012,SUP016,WH04,15-06-2025,20-06-2025,20-06-2025,347,347,26.53,9205.91,Delivered,0
PO000374,PROD0012,SUP016,WH04,12-07-2025,17-07-2025,19-07-2025,347,347,26.53,9205.91,Delivered,2
PO000375,PROD0012,SUP016,WH04,17-08-2025,22-08-2025,23-08-2025,347,347,26.53,9205.91,Delivered,1
PO000376,PROD0012,SUP016,WH04,19-09-2025,24-09-2025,26-09-2025,347,347,26.53,9205.91,Delivered,2
PO000377,PROD0012,SUP016,WH04,27-10-2025,01-11-2025,03-11-2025,347,347,26.53,9205.91,Delivered,2
PO000378,PROD0012,SUP016,WH04,09-12-2025,14-12-2025,14-12-2025,347,347,26.53,9205.91,Delivered,0
PO000379,PROD0012,SUP016,WH01,02-01-2025,07-01-2025,08-01-2025,376,376,26.53,9975.28,Delivered,1
PO000380,PROD0012,SUP016,WH01,14-02-2025,19-02-2025,19-02-2025,376,376,26.53,9975.28,Delivered,0
PO000381,PROD0012,SUP016,WH01,23-03-2025,28-03-2025,28-03-2025,376,376,26.53,9975.28,Delivered,0
PO000382,PROD0012,SUP016,WH01,21-04-2025,26-04-2025,27-04-2025,376,376,26.53,9975.28,Delivered,1
PO000383,PROD0012,SUP016,WH01,17-05-2025,22-05-2025,22-05-2025,376,376,26.53,9975.28,Delivered,0
PO000384,PROD0012,SUP016,WH01,12-06-2025,17-06-2025,17-06-2025,376,376,26.53,9975.28,Delivered,0
PO000385,PROD0012,SUP016,WH01,10-07-2025,15-07-2025,15-07-2025,376,376,26.53,9975.28,Delivered,0
PO000386,PROD0012,SUP016,WH01,08-08-2025,13-08-2025,15-08-2025,376,376,26.53,9975.28,Delivered,2
PO000387,PROD0012,SUP016,WH01,09-09-2025,14-09-2025,16-09-2025,376,376,26.53,9975.28,Delivered,2
PO000388,PROD0012,SUP016,WH01,17-10-2025,22-10-2025,22-10-2025,376,376,26.53,9975.28,Delivered,0
PO000389,PROD0012,SUP016,WH01,29-11-2025,04-12-2025,05-12-2025,376,376,26.53,9975.28,Delivered,1
PO000390,PROD0013,SUP001,WH04,05-01-2025,21-01-2025,22-01-2025,507,507,38.74,19641.18,Delivered,1
PO000391,PROD0013,SUP001,WH04,13-02-2025,01-03-2025,02-03-2025,507,446,38.74,19641.18,Partial - Defect/Shortage,1
PO000392,PROD0013,SUP001,WH04,16-03-2025,01-04-2025,03-04-2025,507,507,38.74,19641.18,Delivered,2
PO000393,PROD0013,SUP001,WH04,15-04-2025,01-05-2025,02-05-2025,507,507,38.74,19641.18,Delivered,1
PO000394,PROD0013,SUP001,WH04,13-05-2025,29-05-2025,30-05-2025,507,507,38.74,19641.18,Delivered,1
PO000395,PROD0013,SUP001,WH04,17-06-2025,03-07-2025,13-07-2025,507,507,38.74,19641.18,Delivered,10
PO000396,PROD0013,SUP001,WH04,04-08-2025,20-08-2025,21-08-2025,507,507,38.74,19641.18,Delivered,1
PO000397,PROD0013,SUP001,WH04,05-09-2025,21-09-2025,21-09-2025,507,507,38.74,19641.18,Delivered,0
PO000398,PROD0013,SUP001,WH04,02-10-2025,18-10-2025,19-10-2025,507,507,38.74,19641.18,Delivered,1
PO000399,PROD0013,SUP001,WH04,02-11-2025,18-11-2025,18-11-2025,507,507,38.74,19641.18,Delivered,0
PO000400,PROD0013,SUP001,WH04,04-12-2025,20-12-2025,21-12-2025,507,507,38.74,19641.18,Delivered,1
PO000401,PROD0013,SUP001,WH01,09-01-2025,25-01-2025,25-01-2025,391,391,38.74,15147.34,Delivered,0
PO000402,PROD0013,SUP001,WH01,16-02-2025,04-03-2025,05-03-2025,391,391,38.74,15147.34,Delivered,1
PO000403,PROD0013,SUP001,WH01,22-03-2025,07-04-2025,09-04-2025,391,391,38.74,15147.34,Delivered,2
PO000404,PROD0013,SUP001,WH01,21-04-2025,07-05-2025,08-05-2025,391,391,38.74,15147.34,Delivered,1
PO000405,PROD0013,SUP001,WH01,21-05-2025,06-06-2025,07-06-2025,391,391,38.74,15147.34,Delivered,1
PO000406,PROD0013,SUP001,WH01,24-06-2025,10-07-2025,19-07-2025,391,391,38.74,15147.34,Delivered,9
PO000407,PROD0013,SUP001,WH01,06-08-2025,22-08-2025,22-08-2025,391,391,38.74,15147.34,Delivered,0
PO000408,PROD0013,SUP001,WH01,03-09-2025,19-09-2025,24-09-2025,391,391,38.74,15147.34,Delivered,5
PO000409,PROD0013,SUP001,WH01,06-10-2025,22-10-2025,22-10-2025,391,391,38.74,15147.34,Delivered,0
PO000410,PROD0013,SUP001,WH01,08-11-2025,24-11-2025,24-11-2025,391,391,38.74,15147.34,Delivered,0
PO000411,PROD0013,SUP001,WH01,10-12-2025,26-12-2025,28-12-2025,391,391,38.74,15147.34,Delivered,2
PO000412,PROD0013,SUP001,WH02,03-01-2025,19-01-2025,19-01-2025,513,513,38.74,19873.62,Delivered,0
PO000413,PROD0013,SUP001,WH02,16-02-2025,04-03-2025,06-03-2025,513,513,38.74,19873.62,Delivered,2
PO000414,PROD0013,SUP001,WH02,23-03-2025,08-04-2025,10-04-2025,513,513,38.74,19873.62,Delivered,2
PO000415,PROD0013,SUP001,WH02,23-04-2025,09-05-2025,09-05-2025,513,495,38.74,19873.62,Partial - Defect/Shortage,0
PO000416,PROD0013,SUP001,WH02,19-05-2025,04-06-2025,05-06-2025,513,462,38.74,19873.62,Partial - Defect/Shortage,1
PO000417,PROD0013,SUP001,WH02,15-06-2025,01-07-2025,01-07-2025,513,513,38.74,19873.62,Delivered,0
PO000418,PROD0013,SUP001,WH02,20-07-2025,05-08-2025,18-08-2025,513,513,38.74,19873.62,Delivered,13
PO000419,PROD0013,SUP001,WH02,01-09-2025,17-09-2025,18-09-2025,513,513,38.74,19873.62,Delivered,1
PO000420,PROD0013,SUP001,WH02,03-10-2025,19-10-2025,21-10-2025,513,513,38.74,19873.62,Delivered,2
PO000421,PROD0013,SUP001,WH02,03-11-2025,19-11-2025,19-11-2025,513,513,38.74,19873.62,Delivered,0
PO000422,PROD0013,SUP001,WH02,05-12-2025,21-12-2025,22-12-2025,513,513,38.74,19873.62,Delivered,1
PO000423,PROD0014,SUP017,WH03,04-01-2025,12-01-2025,13-01-2025,377,377,54.4,20508.8,Delivered,1
PO000424,PROD0014,SUP017,WH03,15-02-2025,23-02-2025,23-02-2025,377,377,54.4,20508.8,Delivered,0
PO000425,PROD0014,SUP017,WH03,22-03-2025,30-03-2025,01-04-2025,377,377,54.4,20508.8,Delivered,2
PO000426,PROD0014,SUP017,WH03,22-04-2025,30-04-2025,01-05-2025,377,377,54.4,20508.8,Delivered,1
PO000427,PROD0014,SUP017,WH03,19-05-2025,27-05-2025,29-05-2025,377,377,54.4,20508.8,Delivered,2
PO000428,PROD0014,SUP017,WH03,15-06-2025,23-06-2025,25-06-2025,377,377,54.4,20508.8,Delivered,2
PO000429,PROD0014,SUP017,WH03,13-07-2025,21-07-2025,27-07-2025,377,377,54.4,20508.8,Delivered,6
PO000430,PROD0014,SUP017,WH03,16-08-2025,24-08-2025,25-08-2025,377,377,54.4,20508.8,Delivered,1
PO000431,PROD0014,SUP017,WH03,17-09-2025,25-09-2025,25-09-2025,377,377,54.4,20508.8,Delivered,0
PO000432,PROD0014,SUP017,WH03,23-10-2025,31-10-2025,02-11-2025,377,377,54.4,20508.8,Delivered,2
PO000433,PROD0014,SUP017,WH03,05-12-2025,13-12-2025,15-12-2025,377,377,54.4,20508.8,Delivered,2
PO000434,PROD0014,SUP017,WH04,05-01-2025,13-01-2025,14-01-2025,303,303,54.4,16483.2,Delivered,1
PO000435,PROD0014,SUP017,WH04,15-02-2025,23-02-2025,25-02-2025,303,303,54.4,16483.2,Delivered,2
PO000436,PROD0014,SUP017,WH04,23-03-2025,31-03-2025,02-04-2025,303,303,54.4,16483.2,Delivered,2
PO000437,PROD0014,SUP017,WH04,24-04-2025,02-05-2025,03-05-2025,303,303,54.4,16483.2,Delivered,1
PO000438,PROD0014,SUP017,WH04,21-05-2025,29-05-2025,31-05-2025,303,303,54.4,16483.2,Delivered,2
PO000439,PROD0014,SUP017,WH04,17-06-2025,25-06-2025,25-06-2025,303,303,54.4,16483.2,Delivered,0
PO000440,PROD0014,SUP017,WH04,13-07-2025,21-07-2025,30-07-2025,303,303,54.4,16483.2,Delivered,9
PO000441,PROD0014,SUP017,WH04,20-08-2025,28-08-2025,30-08-2025,303,303,54.4,16483.2,Delivered,2
PO000442,PROD0014,SUP017,WH04,25-09-2025,03-10-2025,06-10-2025,303,303,54.4,16483.2,Delivered,3
PO000443,PROD0014,SUP017,WH04,05-11-2025,13-11-2025,13-11-2025,303,303,54.4,16483.2,Delivered,0
PO000444,PROD0014,SUP017,WH04,15-12-2025,23-12-2025,24-12-2025,303,303,54.4,16483.2,Delivered,1
PO000445,PROD0015,SUP011,WH01,01-01-2025,14-01-2025,14-01-2025,734,734,21.1,15487.4,Delivered,0
PO000446,PROD0015,SUP011,WH01,07-02-2025,20-02-2025,02-03-2025,734,734,21.1,15487.4,Delivered,10
PO000447,PROD0015,SUP011,WH01,21-03-2025,03-04-2025,04-04-2025,734,734,21.1,15487.4,Delivered,1
PO000448,PROD0015,SUP011,WH01,18-04-2025,01-05-2025,02-05-2025,734,734,21.1,15487.4,Delivered,1
PO000449,PROD0015,SUP011,WH01,18-05-2025,31-05-2025,10-06-2025,734,734,21.1,15487.4,Delivered,10
PO000450,PROD0015,SUP011,WH01,29-06-2025,12-07-2025,14-07-2025,734,734,21.1,15487.4,Delivered,2
PO000451,PROD0015,SUP011,WH01,03-08-2025,16-08-2025,17-08-2025,734,734,21.1,15487.4,Delivered,1
PO000452,PROD0015,SUP011,WH01,03-09-2025,16-09-2025,19-09-2025,734,734,21.1,15487.4,Delivered,3
PO000453,PROD0015,SUP011,WH01,06-10-2025,19-10-2025,21-10-2025,734,734,21.1,15487.4,Delivered,2
PO000454,PROD0015,SUP011,WH01,08-11-2025,21-11-2025,23-11-2025,734,734,21.1,15487.4,Delivered,2
PO000455,PROD0015,SUP011,WH01,09-12-2025,22-12-2025,23-12-2025,734,734,21.1,15487.4,Delivered,1
PO000456,PROD0015,SUP011,WH03,07-01-2025,20-01-2025,21-01-2025,771,771,21.1,16268.1,Delivered,1
PO000457,PROD0015,SUP011,WH03,16-02-2025,01-03-2025,02-03-2025,771,771,21.1,16268.1,Delivered,1
PO000458,PROD0015,SUP011,WH03,22-03-2025,04-04-2025,05-04-2025,771,771,21.1,16268.1,Delivered,1
PO000459,PROD0015,SUP011,WH03,20-04-2025,03-05-2025,08-05-2025,771,771,21.1,16268.1,Delivered,5
PO000460,PROD0015,SUP011,WH03,24-05-2025,06-06-2025,14-06-2025,771,771,21.1,16268.1,Delivered,8
PO000461,PROD0015,SUP011,WH03,03-07-2025,16-07-2025,18-07-2025,771,771,21.1,16268.1,Delivered,2
PO000462,PROD0015,SUP011,WH03,09-08-2025,22-08-2025,23-08-2025,771,771,21.1,16268.1,Delivered,1
PO000463,PROD0015,SUP011,WH03,10-09-2025,23-09-2025,24-09-2025,771,771,21.1,16268.1,Delivered,1
PO000464,PROD0015,SUP011,WH03,10-10-2025,23-10-2025,25-10-2025,771,771,21.1,16268.1,Delivered,2
PO000465,PROD0015,SUP011,WH03,13-11-2025,26-11-2025,26-11-2025,771,771,21.1,16268.1,Delivered,0
PO000466,PROD0015,SUP011,WH03,14-12-2025,27-12-2025,03-01-2026,771,771,21.1,16268.1,Delivered,7
PO000467,PROD0015,SUP011,WH03,15-12-2025,28-12-2025,29-12-2025,771,771,21.1,16268.1,Delivered,1
PO000468,PROD0015,SUP011,WH02,04-01-2025,17-01-2025,17-01-2025,785,785,21.1,16563.5,Delivered,0
PO000469,PROD0015,SUP011,WH02,07-02-2025,20-02-2025,20-02-2025,785,785,21.1,16563.5,Delivered,0
PO000470,PROD0015,SUP011,WH02,15-03-2025,28-03-2025,28-03-2025,785,785,21.1,16563.5,Delivered,0
PO000471,PROD0015,SUP011,WH02,13-04-2025,26-04-2025,27-04-2025,785,785,21.1,16563.5,Delivered,1
PO000472,PROD0015,SUP011,WH02,13-05-2025,26-05-2025,05-06-2025,785,785,21.1,16563.5,Delivered,10
PO000473,PROD0015,SUP011,WH02,25-06-2025,08-07-2025,16-07-2025,785,785,21.1,16563.5,Delivered,8
PO000474,PROD0015,SUP011,WH02,08-08-2025,21-08-2025,21-08-2025,785,785,21.1,16563.5,Delivered,0
PO000475,PROD0015,SUP011,WH02,08-09-2025,21-09-2025,23-09-2025,785,785,21.1,16563.5,Delivered,2
PO000476,PROD0015,SUP011,WH02,11-10-2025,24-10-2025,24-10-2025,785,785,21.1,16563.5,Delivered,0
PO000477,PROD0015,SUP011,WH02,11-11-2025,24-11-2025,24-11-2025,785,785,21.1,16563.5,Delivered,0
PO000478,PROD0015,SUP011,WH02,13-12-2025,26-12-2025,05-01-2026,785,718,21.1,16563.5,Partial - Defect/Shortage,10
PO000479,PROD0015,SUP011,WH02,14-12-2025,27-12-2025,28-12-2025,785,785,21.1,16563.5,Delivered,1
PO000480,PROD0016,SUP001,WH02,12-01-2025,28-01-2025,03-02-2025,240,240,105.89,25413.6,Delivered,6
PO000481,PROD0016,SUP001,WH02,24-02-2025,12-03-2025,12-03-2025,240,240,105.89,25413.6,Delivered,0
PO000482,PROD0016,SUP001,WH02,06-04-2025,22-04-2025,23-04-2025,240,240,105.89,25413.6,Delivered,1
PO000483,PROD0016,SUP001,WH02,08-05-2025,24-05-2025,25-05-2025,240,240,105.89,25413.6,Delivered,1
PO000484,PROD0016,SUP001,WH02,08-06-2025,24-06-2025,24-06-2025,240,240,105.89,25413.6,Delivered,0
PO000485,PROD0016,SUP001,WH02,15-07-2025,31-07-2025,31-07-2025,240,221,105.89,25413.6,Partial - Defect/Shortage,0
PO000486,PROD0016,SUP001,WH02,22-08-2025,07-09-2025,07-09-2025,240,240,105.89,25413.6,Delivered,0
PO000487,PROD0016,SUP001,WH02,27-09-2025,13-10-2025,23-10-2025,240,240,105.89,25413.6,Delivered,10
PO000488,PROD0016,SUP001,WH02,04-11-2025,20-11-2025,21-11-2025,240,240,105.89,25413.6,Delivered,1
PO000489,PROD0016,SUP001,WH02,29-11-2025,15-12-2025,17-12-2025,240,240,105.89,25413.6,Delivered,2
PO000490,PROD0016,SUP001,WH02,27-12-2025,12-01-2026,13-01-2026,240,240,105.89,25413.6,Delivered,1
PO000491,PROD0016,SUP001,WH02,28-12-2025,13-01-2026,14-01-2026,240,240,105.89,25413.6,Delivered,1
PO000492,PROD0016,SUP001,WH02,29-12-2025,14-01-2026,16-01-2026,240,240,105.89,25413.6,Delivered,2
PO000493,PROD0016,SUP001,WH02,30-12-2025,15-01-2026,17-01-2026,240,240,105.89,25413.6,Delivered,2
PO000494,PROD0016,SUP001,WH02,31-12-2025,16-01-2026,16-01-2026,240,240,105.89,25413.6,Delivered,0
PO000495,PROD0016,SUP001,WH01,14-01-2025,30-01-2025,31-01-2025,213,213,105.89,22554.57,Delivered,1
PO000496,PROD0016,SUP001,WH01,22-02-2025,10-03-2025,10-03-2025,213,213,105.89,22554.57,Delivered,0
PO000497,PROD0016,SUP001,WH01,06-04-2025,22-04-2025,24-04-2025,213,213,105.89,22554.57,Delivered,2
PO000498,PROD0016,SUP001,WH01,19-05-2025,04-06-2025,05-06-2025,213,181,105.89,22554.57,Partial - Defect/Shortage,1
PO000499,PROD0016,SUP001,WH01,21-06-2025,07-07-2025,08-07-2025,213,213,105.89,22554.57,Delivered,1
PO000500,PROD0016,SUP001,WH01,27-07-2025,12-08-2025,14-08-2025,213,213,105.89,22554.57,Delivered,2
PO000501,PROD0016,SUP001,WH01,27-08-2025,12-09-2025,12-09-2025,213,213,105.89,22554.57,Delivered,0
PO000502,PROD0016,SUP001,WH01,03-10-2025,19-10-2025,01-11-2025,213,213,105.89,22554.57,Delivered,13
PO000503,PROD0016,SUP001,WH01,11-11-2025,27-11-2025,29-11-2025,213,213,105.89,22554.57,Delivered,2
PO000504,PROD0016,SUP001,WH01,05-12-2025,21-12-2025,21-12-2025,213,213,105.89,22554.57,Delivered,0
PO000505,PROD0016,SUP001,WH01,30-12-2025,15-01-2026,16-01-2026,213,213,105.89,22554.57,Delivered,1
PO000506,PROD0016,SUP001,WH01,31-12-2025,16-01-2026,17-01-2026,213,213,105.89,22554.57,Delivered,1
PO000507,PROD0016,SUP001,WH04,12-01-2025,28-01-2025,28-01-2025,232,232,105.89,24566.48,Delivered,0
PO000508,PROD0016,SUP001,WH04,21-02-2025,09-03-2025,22-03-2025,232,232,105.89,24566.48,Delivered,13
PO000509,PROD0016,SUP001,WH04,08-04-2025,24-04-2025,26-04-2025,232,232,105.89,24566.48,Delivered,2
PO000510,PROD0016,SUP001,WH04,14-05-2025,30-05-2025,30-05-2025,232,232,105.89,24566.48,Delivered,0
PO000511,PROD0016,SUP001,WH04,20-06-2025,06-07-2025,12-07-2025,232,232,105.89,24566.48,Delivered,6
PO000512,PROD0016,SUP001,WH04,28-07-2025,13-08-2025,15-08-2025,232,204,105.89,24566.48,Partial - Defect/Shortage,2
PO000513,PROD0016,SUP001,WH04,25-08-2025,10-09-2025,11-09-2025,232,232,105.89,24566.48,Delivered,1
PO000514,PROD0016,SUP001,WH04,29-09-2025,15-10-2025,15-10-2025,232,232,105.89,24566.48,Delivered,0
PO000515,PROD0016,SUP001,WH04,28-10-2025,13-11-2025,13-11-2025,232,205,105.89,24566.48,Partial - Defect/Shortage,0
PO000516,PROD0016,SUP001,WH04,18-11-2025,04-12-2025,06-12-2025,232,232,105.89,24566.48,Delivered,2
PO000517,PROD0016,SUP001,WH04,14-12-2025,30-12-2025,30-12-2025,232,232,105.89,24566.48,Delivered,0
PO000518,PROD0017,SUP015,WH02,10-01-2025,21-01-2025,23-01-2025,660,660,134.71,88908.6,Delivered,2
PO000519,PROD0017,SUP015,WH02,18-02-2025,01-03-2025,03-03-2025,660,660,134.71,88908.6,Delivered,2
PO000520,PROD0017,SUP015,WH02,24-03-2025,04-04-2025,04-04-2025,660,660,134.71,88908.6,Delivered,0
PO000521,PROD0017,SUP015,WH02,21-04-2025,02-05-2025,02-05-2025,660,660,134.71,88908.6,Delivered,0
PO000522,PROD0017,SUP015,WH02,14-05-2025,25-05-2025,27-05-2025,660,660,134.71,88908.6,Delivered,2
PO000523,PROD0017,SUP015,WH02,11-06-2025,22-06-2025,22-06-2025,660,660,134.71,88908.6,Delivered,0
PO000524,PROD0017,SUP015,WH02,07-07-2025,18-07-2025,24-07-2025,660,660,134.71,88908.6,Delivered,6
PO000525,PROD0017,SUP015,WH02,08-08-2025,19-08-2025,20-08-2025,660,660,134.71,88908.6,Delivered,1
PO000526,PROD0017,SUP015,WH02,07-09-2025,18-09-2025,18-09-2025,660,660,134.71,88908.6,Delivered,0
PO000527,PROD0017,SUP015,WH02,16-10-2025,27-10-2025,27-10-2025,660,660,134.71,88908.6,Delivered,0
PO000528,PROD0017,SUP015,WH02,28-11-2025,09-12-2025,09-12-2025,660,660,134.71,88908.6,Delivered,0
PO000529,PROD0017,SUP015,WH03,01-01-2025,12-01-2025,12-01-2025,579,579,134.71,77997.09,Delivered,0
PO000530,PROD0017,SUP015,WH03,10-02-2025,21-02-2025,22-02-2025,579,579,134.71,77997.09,Delivered,1
PO000531,PROD0017,SUP015,WH03,15-03-2025,26-03-2025,28-03-2025,579,579,134.71,77997.09,Delivered,2
PO000532,PROD0017,SUP015,WH03,14-04-2025,25-04-2025,25-04-2025,579,579,134.71,77997.09,Delivered,0
PO000533,PROD0017,SUP015,WH03,11-05-2025,22-05-2025,23-05-2025,579,579,134.71,77997.09,Delivered,1
PO000534,PROD0017,SUP015,WH03,05-06-2025,16-06-2025,18-06-2025,579,579,134.71,77997.09,Delivered,2
PO000535,PROD0017,SUP015,WH03,04-07-2025,15-07-2025,17-07-2025,579,579,134.71,77997.09,Delivered,2
PO000536,PROD0017,SUP015,WH03,03-08-2025,14-08-2025,14-08-2025,579,579,134.71,77997.09,Delivered,0
PO000537,PROD0017,SUP015,WH03,31-08-2025,11-09-2025,11-09-2025,579,579,134.71,77997.09,Delivered,0
PO000538,PROD0017,SUP015,WH03,02-10-2025,13-10-2025,14-10-2025,579,579,134.71,77997.09,Delivered,1
PO000539,PROD0017,SUP015,WH03,07-11-2025,18-11-2025,19-11-2025,579,513,134.71,77997.09,Partial - Defect/Shortage,1
PO000540,PROD0017,SUP015,WH03,12-12-2025,23-12-2025,25-12-2025,579,579,134.71,77997.09,Delivered,2
PO000541,PROD0018,SUP007,WH04,06-01-2025,13-01-2025,13-01-2025,1115,1115,9.61,10715.15,Delivered,0
PO000542,PROD0018,SUP007,WH04,03-02-2025,10-02-2025,10-02-2025,1115,1115,9.61,10715.15,Delivered,0
PO000543,PROD0018,SUP007,WH04,11-03-2025,18-03-2025,18-03-2025,1115,1115,9.61,10715.15,Delivered,0
PO000544,PROD0018,SUP007,WH04,12-04-2025,19-04-2025,20-04-2025,1115,1115,9.61,10715.15,Delivered,1
PO000545,PROD0018,SUP007,WH04,18-05-2025,25-05-2025,26-05-2025,1115,1115,9.61,10715.15,Delivered,1
PO000546,PROD0018,SUP007,WH04,17-06-2025,24-06-2025,24-06-2025,1115,1115,9.61,10715.15,Delivered,0
PO000547,PROD0018,SUP007,WH04,21-07-2025,28-07-2025,29-07-2025,1115,1115,9.61,10715.15,Delivered,1
PO000548,PROD0018,SUP007,WH04,24-08-2025,31-08-2025,02-09-2025,1115,1115,9.61,10715.15,Delivered,2
PO000549,PROD0018,SUP007,WH04,02-10-2025,09-10-2025,22-10-2025,1115,1115,9.61,10715.15,Delivered,13
PO000550,PROD0018,SUP007,WH04,10-11-2025,17-11-2025,18-11-2025,1115,1115,9.61,10715.15,Delivered,1
PO000551,PROD0018,SUP007,WH04,09-12-2025,16-12-2025,18-12-2025,1115,1115,9.61,10715.15,Delivered,2
PO000552,PROD0018,SUP007,WH02,03-01-2025,10-01-2025,11-01-2025,1376,1376,9.61,13223.36,Delivered,1
PO000553,PROD0018,SUP007,WH02,05-02-2025,12-02-2025,14-02-2025,1376,1376,9.61,13223.36,Delivered,2
PO000554,PROD0018,SUP007,WH02,06-03-2025,13-03-2025,13-03-2025,1376,1376,9.61,13223.36,Delivered,0
PO000555,PROD0018,SUP007,WH02,15-04-2025,22-04-2025,24-04-2025,1376,1376,9.61,13223.36,Delivered,2
PO000556,PROD0018,SUP007,WH02,27-05-2025,03-06-2025,03-06-2025,1376,1376,9.61,13223.36,Delivered,0
PO000557,PROD0018,SUP007,WH02,01-07-2025,08-07-2025,09-07-2025,1376,1376,9.61,13223.36,Delivered,1
PO000558,PROD0018,SUP007,WH02,06-08-2025,13-08-2025,13-08-2025,1376,1376,9.61,13223.36,Delivered,0
PO000559,PROD0018,SUP007,WH02,16-09-2025,23-09-2025,24-09-2025,1376,1376,9.61,13223.36,Delivered,1
PO000560,PROD0018,SUP007,WH02,23-10-2025,30-10-2025,31-10-2025,1376,1376,9.61,13223.36,Delivered,1
PO000561,PROD0018,SUP007,WH02,20-11-2025,27-11-2025,29-11-2025,1376,1376,9.61,13223.36,Delivered,2
PO000562,PROD0018,SUP007,WH02,20-12-2025,27-12-2025,29-12-2025,1376,1376,9.61,13223.36,Delivered,2
PO000563,PROD0019,SUP015,WH02,02-01-2025,13-01-2025,14-01-2025,154,154,71.02,10937.08,Delivered,1
PO000564,PROD0019,SUP015,WH02,10-02-2025,21-02-2025,23-02-2025,154,154,71.02,10937.08,Delivered,2
PO000565,PROD0019,SUP015,WH02,22-03-2025,02-04-2025,02-04-2025,154,154,71.02,10937.08,Delivered,0
PO000566,PROD0019,SUP015,WH02,04-05-2025,15-05-2025,15-05-2025,154,154,71.02,10937.08,Delivered,0
PO000567,PROD0019,SUP015,WH02,11-06-2025,22-06-2025,23-06-2025,154,154,71.02,10937.08,Delivered,1
PO000568,PROD0019,SUP015,WH02,20-07-2025,31-07-2025,31-07-2025,154,154,71.02,10937.08,Delivered,0
PO000569,PROD0019,SUP015,WH02,21-08-2025,01-09-2025,02-09-2025,154,140,71.02,10937.08,Partial - Defect/Shortage,1
PO000570,PROD0019,SUP015,WH02,21-09-2025,02-10-2025,04-10-2025,154,154,71.02,10937.08,Delivered,2
PO000571,PROD0019,SUP015,WH02,22-10-2025,02-11-2025,04-11-2025,154,154,71.02,10937.08,Delivered,2
PO000572,PROD0019,SUP015,WH02,17-11-2025,28-11-2025,28-11-2025,154,154,71.02,10937.08,Delivered,0
PO000573,PROD0019,SUP015,WH02,10-12-2025,21-12-2025,23-12-2025,154,154,71.02,10937.08,Delivered,2
PO000574,PROD0019,SUP015,WH01,11-01-2025,22-01-2025,24-01-2025,94,94,71.02,6675.88,Delivered,2
PO000575,PROD0019,SUP015,WH01,21-02-2025,04-03-2025,06-03-2025,94,94,71.02,6675.88,Delivered,2
PO000576,PROD0019,SUP015,WH01,30-03-2025,10-04-2025,12-04-2025,94,94,71.02,6675.88,Delivered,2
PO000577,PROD0019,SUP015,WH01,07-05-2025,18-05-2025,20-05-2025,94,94,71.02,6675.88,Delivered,2
PO000578,PROD0019,SUP015,WH01,16-06-2025,27-06-2025,27-06-2025,94,94,71.02,6675.88,Delivered,0
PO000579,PROD0019,SUP015,WH01,22-07-2025,02-08-2025,02-08-2025,94,94,71.02,6675.88,Delivered,0
PO000580,PROD0019,SUP015,WH01,28-08-2025,08-09-2025,10-09-2025,94,94,71.02,6675.88,Delivered,2
PO000581,PROD0019,SUP015,WH01,26-09-2025,07-10-2025,18-10-2025,94,94,71.02,6675.88,Delivered,11
PO000582,PROD0019,SUP015,WH01,01-11-2025,12-11-2025,13-11-2025,94,94,71.02,6675.88,Delivered,1
PO000583,PROD0019,SUP015,WH01,26-11-2025,07-12-2025,09-12-2025,94,94,71.02,6675.88,Delivered,2
PO000584,PROD0019,SUP015,WH01,18-12-2025,29-12-2025,30-12-2025,94,94,71.02,6675.88,Delivered,1
PO000585,PROD0019,SUP015,WH04,09-01-2025,20-01-2025,20-01-2025,115,115,71.02,8167.3,Delivered,0
PO000586,PROD0019,SUP015,WH04,22-02-2025,05-03-2025,05-03-2025,115,115,71.02,8167.3,Delivered,0
PO000587,PROD0019,SUP015,WH04,07-04-2025,18-04-2025,18-04-2025,115,115,71.02,8167.3,Delivered,0
PO000588,PROD0019,SUP015,WH04,15-05-2025,26-05-2025,28-05-2025,115,115,71.02,8167.3,Delivered,2
PO000589,PROD0019,SUP015,WH04,25-06-2025,06-07-2025,13-07-2025,115,115,71.02,8167.3,Delivered,7
PO000590,PROD0019,SUP015,WH04,06-08-2025,17-08-2025,19-08-2025,115,115,71.02,8167.3,Delivered,2
PO000591,PROD0019,SUP015,WH04,11-09-2025,22-09-2025,23-09-2025,115,110,71.02,8167.3,Partial - Defect/Shortage,1
PO000592,PROD0019,SUP015,WH04,08-10-2025,19-10-2025,19-10-2025,115,115,71.02,8167.3,Delivered,0
PO000593,PROD0019,SUP015,WH04,05-11-2025,16-11-2025,16-11-2025,115,115,71.02,8167.3,Delivered,0
PO000594,PROD0019,SUP015,WH04,29-11-2025,10-12-2025,10-12-2025,115,109,71.02,8167.3,Partial - Defect/Shortage,0
PO000595,PROD0019,SUP015,WH04,18-12-2025,29-12-2025,31-12-2025,115,115,71.02,8167.3,Delivered,2
PO000596,PROD0020,SUP003,WH01,09-01-2025,25-01-2025,25-01-2025,147,134,55.04,8090.88,Partial - Defect/Shortage,0
PO000597,PROD0020,SUP003,WH01,13-02-2025,01-03-2025,02-03-2025,147,147,55.04,8090.88,Delivered,1
PO000598,PROD0020,SUP003,WH01,24-03-2025,09-04-2025,10-04-2025,147,147,55.04,8090.88,Delivered,1
PO000599,PROD0020,SUP003,WH01,23-04-2025,09-05-2025,16-05-2025,147,147,55.04,8090.88,Delivered,7
PO000600,PROD0020,SUP003,WH01,30-05-2025,15-06-2025,17-06-2025,147,147,55.04,8090.88,Delivered,2
PO000601,PROD0020,SUP003,WH01,06-07-2025,22-07-2025,22-07-2025,147,147,55.04,8090.88,Delivered,0
PO000602,PROD0020,SUP003,WH01,10-08-2025,26-08-2025,28-08-2025,147,147,55.04,8090.88,Delivered,2
PO000603,PROD0020,SUP003,WH01,12-09-2025,28-09-2025,01-10-2025,147,147,55.04,8090.88,Delivered,3
PO000604,PROD0020,SUP003,WH01,16-10-2025,01-11-2025,05-11-2025,147,147,55.04,8090.88,Delivered,4
PO000605,PROD0020,SUP003,WH01,19-11-2025,05-12-2025,06-12-2025,147,129,55.04,8090.88,Partial - Defect/Shortage,1
PO000606,PROD0020,SUP003,WH01,18-12-2025,03-01-2026,03-01-2026,147,147,55.04,8090.88,Delivered,0
PO000607,PROD0020,SUP003,WH01,19-12-2025,04-01-2026,06-01-2026,147,147,55.04,8090.88,Delivered,2
PO000608,PROD0020,SUP003,WH01,20-12-2025,05-01-2026,15-01-2026,147,147,55.04,8090.88,Delivered,10
PO000609,PROD0020,SUP003,WH01,21-12-2025,06-01-2026,17-01-2026,147,147,55.04,8090.88,Delivered,11
PO000610,PROD0020,SUP003,WH01,22-12-2025,07-01-2026,09-01-2026,147,147,55.04,8090.88,Delivered,2
PO000611,PROD0020,SUP003,WH01,23-12-2025,08-01-2026,09-01-2026,147,147,55.04,8090.88,Delivered,1
PO000612,PROD0020,SUP003,WH01,24-12-2025,09-01-2026,13-01-2026,147,140,55.04,8090.88,Partial - Defect/Shortage,4
PO000613,PROD0020,SUP003,WH01,25-12-2025,10-01-2026,17-01-2026,147,147,55.04,8090.88,Delivered,7
PO000614,PROD0020,SUP003,WH01,26-12-2025,11-01-2026,11-01-2026,147,147,55.04,8090.88,Delivered,0
PO000615,PROD0020,SUP003,WH01,27-12-2025,12-01-2026,16-01-2026,147,147,55.04,8090.88,Delivered,4
PO000616,PROD0020,SUP003,WH01,28-12-2025,13-01-2026,24-01-2026,147,139,55.04,8090.88,Partial - Defect/Shortage,11
PO000617,PROD0020,SUP003,WH01,29-12-2025,14-01-2026,14-01-2026,147,147,55.04,8090.88,Delivered,0
PO000618,PROD0020,SUP003,WH01,30-12-2025,15-01-2026,18-01-2026,147,147,55.04,8090.88,Delivered,3
PO000619,PROD0020,SUP003,WH01,31-12-2025,16-01-2026,17-01-2026,147,147,55.04,8090.88,Delivered,1
PO000620,PROD0020,SUP003,WH02,07-01-2025,23-01-2025,23-01-2025,174,174,55.04,9576.96,Delivered,0
PO000621,PROD0020,SUP003,WH02,14-02-2025,02-03-2025,03-03-2025,174,149,55.04,9576.96,Partial - Defect/Shortage,1
PO000622,PROD0020,SUP003,WH02,16-03-2025,01-04-2025,13-04-2025,174,174,55.04,9576.96,Delivered,12
PO000623,PROD0020,SUP003,WH02,23-04-2025,09-05-2025,09-05-2025,174,174,55.04,9576.96,Delivered,0
PO000624,PROD0020,SUP003,WH02,23-05-2025,08-06-2025,09-06-2025,174,174,55.04,9576.96,Delivered,1
PO000625,PROD0020,SUP003,WH02,28-06-2025,14-07-2025,14-07-2025,174,174,55.04,9576.96,Delivered,0
PO000626,PROD0020,SUP003,WH02,03-08-2025,19-08-2025,02-09-2025,174,174,55.04,9576.96,Delivered,14
PO000627,PROD0020,SUP003,WH02,15-09-2025,01-10-2025,13-10-2025,174,174,55.04,9576.96,Delivered,12
PO000628,PROD0020,SUP003,WH02,27-10-2025,12-11-2025,17-11-2025,174,174,55.04,9576.96,Delivered,5
PO000629,PROD0020,SUP003,WH02,01-12-2025,17-12-2025,31-12-2025,174,168,55.04,9576.96,Partial - Defect/Shortage,14
PO000630,PROD0020,SUP003,WH03,08-01-2025,24-01-2025,24-01-2025,147,147,55.04,8090.88,Delivered,0
PO000631,PROD0020,SUP003,WH03,19-02-2025,07-03-2025,13-03-2025,147,132,55.04,8090.88,Partial - Defect/Shortage,6
PO000632,PROD0020,SUP003,WH03,25-03-2025,10-04-2025,18-04-2025,147,147,55.04,8090.88,Delivered,8
PO000633,PROD0020,SUP003,WH03,29-04-2025,15-05-2025,17-05-2025,147,129,55.04,8090.88,Partial - Defect/Shortage,2
PO000634,PROD0020,SUP003,WH03,27-05-2025,12-06-2025,25-06-2025,147,147,55.04,8090.88,Delivered,13
PO000635,PROD0020,SUP003,WH03,12-07-2025,28-07-2025,30-07-2025,147,147,55.04,8090.88,Delivered,2
PO000636,PROD0020,SUP003,WH03,16-08-2025,01-09-2025,01-09-2025,147,147,55.04,8090.88,Delivered,0
PO000637,PROD0020,SUP003,WH03,14-09-2025,30-09-2025,04-10-2025,147,147,55.04,8090.88,Delivered,4
PO000638,PROD0020,SUP003,WH03,18-10-2025,03-11-2025,05-11-2025,147,125,55.04,8090.88,Partial - Defect/Shortage,2
PO000639,PROD0020,SUP003,WH03,15-11-2025,01-12-2025,01-12-2025,147,147,55.04,8090.88,Delivered,0
PO000640,PROD0020,SUP003,WH03,15-12-2025,31-12-2025,03-01-2026,147,138,55.04,8090.88,Partial - Defect/Shortage,3
PO000641,PROD0020,SUP003,WH03,16-12-2025,01-01-2026,02-01-2026,147,147,55.04,8090.88,Delivered,1
PO000642,PROD0020,SUP003,WH03,17-12-2025,02-01-2026,14-01-2026,147,133,55.04,8090.88,Partial - Defect/Shortage,12
PO000643,PROD0020,SUP003,WH03,18-12-2025,03-01-2026,03-01-2026,147,147,55.04,8090.88,Delivered,0
PO000644,PROD0020,SUP003,WH03,19-12-2025,04-01-2026,04-01-2026,147,147,55.04,8090.88,Delivered,0
PO000645,PROD0020,SUP003,WH03,20-12-2025,05-01-2026,05-01-2026,147,147,55.04,8090.88,Delivered,0
PO000646,PROD0020,SUP003,WH03,21-12-2025,06-01-2026,07-01-2026,147,147,55.04,8090.88,Delivered,1
PO000647,PROD0020,SUP003,WH03,22-12-2025,07-01-2026,14-01-2026,147,147,55.04,8090.88,Delivered,7
PO000648,PROD0020,SUP003,WH03,23-12-2025,08-01-2026,09-01-2026,147,147,55.04,8090.88,Delivered,1
PO000649,PROD0020,SUP003,WH03,24-12-2025,09-01-2026,15-01-2026,147,147,55.04,8090.88,Delivered,6
PO000650,PROD0020,SUP003,WH03,25-12-2025,10-01-2026,16-01-2026,147,147,55.04,8090.88,Delivered,6
PO000651,PROD0020,SUP003,WH03,26-12-2025,11-01-2026,24-01-2026,147,147,55.04,8090.88,Delivered,13
PO000652,PROD0020,SUP003,WH03,27-12-2025,12-01-2026,14-01-2026,147,147,55.04,8090.88,Delivered,2
PO000653,PROD0020,SUP003,WH03,28-12-2025,13-01-2026,21-01-2026,147,147,55.04,8090.88,Delivered,8
PO000654,PROD0020,SUP003,WH03,29-12-2025,14-01-2026,14-01-2026,147,147,55.04,8090.88,Delivered,0
PO000655,PROD0020,SUP003,WH03,30-12-2025,15-01-2026,16-01-2026,147,147,55.04,8090.88,Delivered,1
PO000656,PROD0020,SUP003,WH03,31-12-2025,16-01-2026,22-01-2026,147,147,55.04,8090.88,Delivered,6
PO000657,PROD0020,SUP003,WH04,02-01-2025,18-01-2025,25-01-2025,124,124,55.04,6824.96,Delivered,7
PO000658,PROD0020,SUP003,WH04,11-02-2025,27-02-2025,01-03-2025,124,124,55.04,6824.96,Delivered,2
PO000659,PROD0020,SUP003,WH04,18-03-2025,03-04-2025,03-04-2025,124,124,55.04,6824.96,Delivered,0
PO000660,PROD0020,SUP003,WH04,15-04-2025,01-05-2025,11-05-2025,124,124,55.04,6824.96,Delivered,10
PO000661,PROD0020,SUP003,WH04,23-05-2025,08-06-2025,09-06-2025,124,124,55.04,6824.96,Delivered,1
PO000662,PROD0020,SUP003,WH04,29-06-2025,15-07-2025,17-07-2025,124,110,55.04,6824.96,Partial - Defect/Shortage,2
PO000663,PROD0020,SUP003,WH04,30-07-2025,15-08-2025,26-08-2025,124,124,55.04,6824.96,Delivered,11
PO000664,PROD0020,SUP003,WH04,08-09-2025,24-09-2025,24-09-2025,124,124,55.04,6824.96,Delivered,0
PO000665,PROD0020,SUP003,WH04,08-10-2025,24-10-2025,07-11-2025,124,116,55.04,6824.96,Partial - Defect/Shortage,14
PO000666,PROD0020,SUP003,WH04,19-11-2025,05-12-2025,06-12-2025,124,124,55.04,6824.96,Delivered,1
PO000667,PROD0020,SUP003,WH04,18-12-2025,03-01-2026,10-01-2026,124,124,55.04,6824.96,Delivered,7
PO000668,PROD0020,SUP003,WH04,19-12-2025,04-01-2026,05-01-2026,124,110,55.04,6824.96,Partial - Defect/Shortage,1
PO000669,PROD0020,SUP003,WH04,20-12-2025,05-01-2026,08-01-2026,124,124,55.04,6824.96,Delivered,3
PO000670,PROD0020,SUP003,WH04,21-12-2025,06-01-2026,20-01-2026,124,124,55.04,6824.96,Delivered,14
PO000671,PROD0020,SUP003,WH04,22-12-2025,07-01-2026,21-01-2026,124,124,55.04,6824.96,Delivered,14
PO000672,PROD0020,SUP003,WH04,23-12-2025,08-01-2026,10-01-2026,124,124,55.04,6824.96,Delivered,2
PO000673,PROD0020,SUP003,WH04,24-12-2025,09-01-2026,20-01-2026,124,124,55.04,6824.96,Delivered,11
PO000674,PROD0020,SUP003,WH04,25-12-2025,10-01-2026,10-01-2026,124,124,55.04,6824.96,Delivered,0
PO000675,PROD0020,SUP003,WH04,26-12-2025,11-01-2026,13-01-2026,124,124,55.04,6824.96,Delivered,2
PO000676,PROD0020,SUP003,WH04,27-12-2025,12-01-2026,17-01-2026,124,124,55.04,6824.96,Delivered,5
PO000677,PROD0020,SUP003,WH04,28-12-2025,13-01-2026,26-01-2026,124,124,55.04,6824.96,Delivered,13
PO000678,PROD0020,SUP003,WH04,29-12-2025,14-01-2026,28-01-2026,124,124,55.04,6824.96,Delivered,14
PO000679,PROD0020,SUP003,WH04,30-12-2025,15-01-2026,24-01-2026,124,124,55.04,6824.96,Delivered,9
PO000680,PROD0020,SUP003,WH04,31-12-2025,16-01-2026,17-01-2026,124,124,55.04,6824.96,Delivered,1
PO000681,PROD0021,SUP012,WH04,09-01-2025,27-01-2025,27-01-2025,431,431,194.66,83898.46,Delivered,0
PO000682,PROD0021,SUP012,WH04,13-02-2025,03-03-2025,04-03-2025,431,410,194.66,83898.46,Partial - Defect/Shortage,1
PO000683,PROD0021,SUP012,WH04,22-03-2025,09-04-2025,15-04-2025,431,431,194.66,83898.46,Delivered,6
PO000684,PROD0021,SUP012,WH04,29-04-2025,17-05-2025,30-05-2025,431,431,194.66,83898.46,Delivered,13
PO000685,PROD0021,SUP012,WH04,12-06-2025,30-06-2025,09-07-2025,431,431,194.66,83898.46,Delivered,9
PO000686,PROD0021,SUP012,WH04,23-07-2025,10-08-2025,11-08-2025,431,431,194.66,83898.46,Delivered,1
PO000687,PROD0021,SUP012,WH04,29-08-2025,16-09-2025,16-09-2025,431,431,194.66,83898.46,Delivered,0
PO000688,PROD0021,SUP012,WH04,02-10-2025,20-10-2025,26-10-2025,431,431,194.66,83898.46,Delivered,6
PO000689,PROD0021,SUP012,WH04,06-11-2025,24-11-2025,30-11-2025,431,431,194.66,83898.46,Delivered,6
PO000690,PROD0021,SUP012,WH04,04-12-2025,22-12-2025,23-12-2025,431,431,194.66,83898.46,Delivered,1
PO000691,PROD0021,SUP012,WH01,09-01-2025,27-01-2025,03-02-2025,444,444,194.66,86429.04,Delivered,7
PO000692,PROD0021,SUP012,WH01,19-02-2025,09-03-2025,16-03-2025,444,444,194.66,86429.04,Delivered,7
PO000693,PROD0021,SUP012,WH01,30-03-2025,17-04-2025,17-04-2025,444,444,194.66,86429.04,Delivered,0
PO000694,PROD0021,SUP012,WH01,06-05-2025,24-05-2025,27-05-2025,444,444,194.66,86429.04,Delivered,3
PO000695,PROD0021,SUP012,WH01,10-06-2025,28-06-2025,28-06-2025,444,397,194.66,86429.04,Partial - Defect/Shortage,0
PO000696,PROD0021,SUP012,WH01,14-07-2025,01-08-2025,07-08-2025,444,444,194.66,86429.04,Delivered,6
PO000697,PROD0021,SUP012,WH01,21-08-2025,08-09-2025,15-09-2025,444,444,194.66,86429.04,Delivered,7
PO000698,PROD0021,SUP012,WH01,27-09-2025,15-10-2025,15-10-2025,444,444,194.66,86429.04,Delivered,0
PO000699,PROD0021,SUP012,WH01,27-10-2025,14-11-2025,19-11-2025,444,444,194.66,86429.04,Delivered,5
PO000700,PROD0021,SUP012,WH01,26-11-2025,14-12-2025,14-12-2025,444,444,194.66,86429.04,Delivered,0
PO000701,PROD0021,SUP012,WH01,22-12-2025,09-01-2026,23-01-2026,444,444,194.66,86429.04,Delivered,14
PO000702,PROD0021,SUP012,WH01,23-12-2025,10-01-2026,16-01-2026,444,444,194.66,86429.04,Delivered,6
PO000703,PROD0021,SUP012,WH01,24-12-2025,11-01-2026,12-01-2026,444,444,194.66,86429.04,Delivered,1
PO000704,PROD0021,SUP012,WH01,25-12-2025,12-01-2026,13-01-2026,444,444,194.66,86429.04,Delivered,1
PO000705,PROD0021,SUP012,WH01,26-12-2025,13-01-2026,21-01-2026,444,395,194.66,86429.04,Partial - Defect/Shortage,8
PO000706,PROD0021,SUP012,WH01,27-12-2025,14-01-2026,21-01-2026,444,393,194.66,86429.04,Partial - Defect/Shortage,7
PO000707,PROD0021,SUP012,WH01,28-12-2025,15-01-2026,20-01-2026,444,444,194.66,86429.04,Delivered,5
PO000708,PROD0021,SUP012,WH01,29-12-2025,16-01-2026,19-01-2026,444,444,194.66,86429.04,Delivered,3
PO000709,PROD0021,SUP012,WH01,30-12-2025,17-01-2026,17-01-2026,444,444,194.66,86429.04,Delivered,0
PO000710,PROD0021,SUP012,WH01,31-12-2025,18-01-2026,27-01-2026,444,444,194.66,86429.04,Delivered,9
PO000711,PROD0022,SUP016,WH02,01-01-2025,06-01-2025,08-01-2025,121,121,63.34,7664.14,Delivered,2
PO000712,PROD0022,SUP016,WH02,05-02-2025,10-02-2025,12-02-2025,121,121,63.34,7664.14,Delivered,2
PO000713,PROD0022,SUP016,WH02,13-03-2025,18-03-2025,20-03-2025,121,121,63.34,7664.14,Delivered,2
PO000714,PROD0022,SUP016,WH02,12-04-2025,17-04-2025,17-04-2025,121,121,63.34,7664.14,Delivered,0
PO000715,PROD0022,SUP016,WH02,12-05-2025,17-05-2025,17-05-2025,121,121,63.34,7664.14,Delivered,0
PO000716,PROD0022,SUP016,WH02,10-06-2025,15-06-2025,15-06-2025,121,121,63.34,7664.14,Delivered,0
PO000717,PROD0022,SUP016,WH02,19-07-2025,24-07-2025,26-07-2025,121,121,63.34,7664.14,Delivered,2
PO000718,PROD0022,SUP016,WH02,19-08-2025,24-08-2025,26-08-2025,121,121,63.34,7664.14,Delivered,2
PO000719,PROD0022,SUP016,WH02,21-09-2025,26-09-2025,30-09-2025,121,121,63.34,7664.14,Delivered,4
PO000720,PROD0022,SUP016,WH02,21-10-2025,26-10-2025,27-10-2025,121,121,63.34,7664.14,Delivered,1
PO000721,PROD0022,SUP016,WH02,25-11-2025,30-11-2025,30-11-2025,121,121,63.34,7664.14,Delivered,0
PO000722,PROD0022,SUP016,WH02,27-12-2025,01-01-2026,01-01-2026,121,121,63.34,7664.14,Delivered,0
PO000723,PROD0022,SUP016,WH02,28-12-2025,02-01-2026,04-01-2026,121,121,63.34,7664.14,Delivered,2
PO000724,PROD0022,SUP016,WH02,29-12-2025,03-01-2026,05-01-2026,121,121,63.34,7664.14,Delivered,2
PO000725,PROD0022,SUP016,WH02,30-12-2025,04-01-2026,06-01-2026,121,121,63.34,7664.14,Delivered,2
PO000726,PROD0022,SUP016,WH02,31-12-2025,05-01-2026,05-01-2026,121,121,63.34,7664.14,Delivered,0
PO000727,PROD0022,SUP016,WH01,06-01-2025,11-01-2025,11-01-2025,133,133,63.34,8424.22,Delivered,0
PO000728,PROD0022,SUP016,WH01,20-02-2025,25-02-2025,26-02-2025,133,133,63.34,8424.22,Delivered,1
PO000729,PROD0022,SUP016,WH01,26-03-2025,31-03-2025,01-04-2025,133,133,63.34,8424.22,Delivered,1
PO000730,PROD0022,SUP016,WH01,22-04-2025,27-04-2025,28-04-2025,133,133,63.34,8424.22,Delivered,1
PO000731,PROD0022,SUP016,WH01,22-05-2025,27-05-2025,28-05-2025,133,133,63.34,8424.22,Delivered,1
PO000732,PROD0022,SUP016,WH01,25-06-2025,30-06-2025,01-07-2025,133,133,63.34,8424.22,Delivered,1
PO000733,PROD0022,SUP016,WH01,03-08-2025,08-08-2025,08-08-2025,133,133,63.34,8424.22,Delivered,0
PO000734,PROD0022,SUP016,WH01,06-09-2025,11-09-2025,13-09-2025,133,133,63.34,8424.22,Delivered,2
PO000735,PROD0022,SUP016,WH01,01-10-2025,06-10-2025,06-10-2025,133,133,63.34,8424.22,Delivered,0
PO000736,PROD0022,SUP016,WH01,26-10-2025,31-10-2025,31-10-2025,133,133,63.34,8424.22,Delivered,0
PO000737,PROD0022,SUP016,WH01,29-11-2025,04-12-2025,06-12-2025,133,133,63.34,8424.22,Delivered,2
PO000738,PROD0022,SUP016,WH01,29-12-2025,03-01-2026,03-01-2026,133,133,63.34,8424.22,Delivered,0
PO000739,PROD0022,SUP016,WH01,30-12-2025,04-01-2026,05-01-2026,133,133,63.34,8424.22,Delivered,1
PO000740,PROD0022,SUP016,WH01,31-12-2025,05-01-2026,07-01-2026,133,133,63.34,8424.22,Delivered,2
PO000741,PROD0023,SUP001,WH02,21-01-2025,06-02-2025,06-02-2025,272,272,64.39,17514.08,Delivered,0
PO000742,PROD0023,SUP001,WH02,27-02-2025,15-03-2025,15-03-2025,272,272,64.39,17514.08,Delivered,0
PO000743,PROD0023,SUP001,WH02,05-04-2025,21-04-2025,21-04-2025,272,272,64.39,17514.08,Delivered,0
PO000744,PROD0023,SUP001,WH02,13-05-2025,29-05-2025,30-05-2025,272,272,64.39,17514.08,Delivered,1
PO000745,PROD0023,SUP001,WH02,19-06-2025,05-07-2025,07-07-2025,272,272,64.39,17514.08,Delivered,2
PO000746,PROD0023,SUP001,WH02,24-07-2025,09-08-2025,11-08-2025,272,272,64.39,17514.08,Delivered,2
PO000747,PROD0023,SUP001,WH02,27-08-2025,12-09-2025,14-09-2025,272,272,64.39,17514.08,Delivered,2
PO000748,PROD0023,SUP001,WH02,30-09-2025,16-10-2025,18-10-2025,272,272,64.39,17514.08,Delivered,2
PO000749,PROD0023,SUP001,WH02,31-10-2025,16-11-2025,18-11-2025,272,272,64.39,17514.08,Delivered,2
PO000750,PROD0023,SUP001,WH02,28-11-2025,14-12-2025,16-12-2025,272,272,64.39,17514.08,Delivered,2
PO000751,PROD0023,SUP001,WH02,24-12-2025,09-01-2026,10-01-2026,272,272,64.39,17514.08,Delivered,1
PO000752,PROD0023,SUP001,WH02,25-12-2025,10-01-2026,12-01-2026,272,272,64.39,17514.08,Delivered,2
PO000753,PROD0023,SUP001,WH02,26-12-2025,11-01-2026,13-01-2026,272,272,64.39,17514.08,Delivered,2
PO000754,PROD0023,SUP001,WH02,27-12-2025,12-01-2026,13-01-2026,272,272,64.39,17514.08,Delivered,1
PO000755,PROD0023,SUP001,WH02,28-12-2025,13-01-2026,21-01-2026,272,272,64.39,17514.08,Delivered,8
PO000756,PROD0023,SUP001,WH02,29-12-2025,14-01-2026,14-01-2026,272,272,64.39,17514.08,Delivered,0
PO000757,PROD0023,SUP001,WH02,30-12-2025,15-01-2026,15-01-2026,272,272,64.39,17514.08,Delivered,0
PO000758,PROD0023,SUP001,WH02,31-12-2025,16-01-2026,18-01-2026,272,272,64.39,17514.08,Delivered,2
PO000759,PROD0023,SUP001,WH04,16-01-2025,01-02-2025,03-02-2025,249,249,64.39,16033.11,Delivered,2
PO000760,PROD0023,SUP001,WH04,07-03-2025,23-03-2025,25-03-2025,249,249,64.39,16033.11,Delivered,2
PO000761,PROD0023,SUP001,WH04,14-04-2025,30-04-2025,02-05-2025,249,249,64.39,16033.11,Delivered,2
PO000762,PROD0023,SUP001,WH04,23-05-2025,08-06-2025,09-06-2025,249,249,64.39,16033.11,Delivered,1
PO000763,PROD0023,SUP001,WH04,30-06-2025,16-07-2025,16-07-2025,249,249,64.39,16033.11,Delivered,0
PO000764,PROD0023,SUP001,WH04,03-08-2025,19-08-2025,21-08-2025,249,249,64.39,16033.11,Delivered,2
PO000765,PROD0023,SUP001,WH04,06-09-2025,22-09-2025,24-09-2025,249,228,64.39,16033.11,Partial - Defect/Shortage,2
PO000766,PROD0023,SUP001,WH04,04-10-2025,20-10-2025,20-10-2025,249,249,64.39,16033.11,Delivered,0
PO000767,PROD0023,SUP001,WH04,02-11-2025,18-11-2025,19-11-2025,249,249,64.39,16033.11,Delivered,1
PO000768,PROD0023,SUP001,WH04,29-11-2025,15-12-2025,17-12-2025,249,249,64.39,16033.11,Delivered,2
PO000769,PROD0023,SUP001,WH04,25-12-2025,10-01-2026,10-01-2026,249,249,64.39,16033.11,Delivered,0
PO000770,PROD0023,SUP001,WH04,26-12-2025,11-01-2026,11-01-2026,249,249,64.39,16033.11,Delivered,0
PO000771,PROD0023,SUP001,WH04,27-12-2025,12-01-2026,14-01-2026,249,249,64.39,16033.11,Delivered,2
PO000772,PROD0023,SUP001,WH04,28-12-2025,13-01-2026,14-01-2026,249,249,64.39,16033.11,Delivered,1
PO000773,PROD0023,SUP001,WH04,29-12-2025,14-01-2026,16-01-2026,249,249,64.39,16033.11,Delivered,2
PO000774,PROD0023,SUP001,WH04,30-12-2025,15-01-2026,17-01-2026,249,249,64.39,16033.11,Delivered,2
PO000775,PROD0023,SUP001,WH04,31-12-2025,16-01-2026,18-01-2026,249,249,64.39,16033.11,Delivered,2
PO000776,PROD0023,SUP001,WH01,12-01-2025,28-01-2025,28-01-2025,223,223,64.39,14358.97,Delivered,0
PO000777,PROD0023,SUP001,WH01,17-02-2025,05-03-2025,05-03-2025,223,223,64.39,14358.97,Delivered,0
PO000778,PROD0023,SUP001,WH01,28-03-2025,13-04-2025,14-04-2025,223,223,64.39,14358.97,Delivered,1
PO000779,PROD0023,SUP001,WH01,04-05-2025,20-05-2025,22-05-2025,223,223,64.39,14358.97,Delivered,2
PO000780,PROD0023,SUP001,WH01,10-06-2025,26-06-2025,27-06-2025,223,223,64.39,14358.97,Delivered,1
PO000781,PROD0023,SUP001,WH01,21-07-2025,06-08-2025,08-08-2025,223,223,64.39,14358.97,Delivered,2
PO000782,PROD0023,SUP001,WH01,20-08-2025,05-09-2025,06-09-2025,223,223,64.39,14358.97,Delivered,1
PO000783,PROD0023,SUP001,WH01,22-09-2025,08-10-2025,10-10-2025,223,223,64.39,14358.97,Delivered,2
PO000784,PROD0023,SUP001,WH01,27-10-2025,12-11-2025,14-11-2025,223,223,64.39,14358.97,Delivered,2
PO000785,PROD0023,SUP001,WH01,24-11-2025,10-12-2025,10-12-2025,223,223,64.39,14358.97,Delivered,0
PO000786,PROD0023,SUP001,WH01,18-12-2025,03-01-2026,04-01-2026,223,223,64.39,14358.97,Delivered,1
PO000787,PROD0023,SUP001,WH01,19-12-2025,04-01-2026,05-01-2026,223,200,64.39,14358.97,Partial - Defect/Shortage,1
PO000788,PROD0023,SUP001,WH01,20-12-2025,05-01-2026,05-01-2026,223,223,64.39,14358.97,Delivered,0
PO000789,PROD0023,SUP001,WH01,21-12-2025,06-01-2026,07-01-2026,223,202,64.39,14358.97,Partial - Defect/Shortage,1
PO000790,PROD0023,SUP001,WH01,22-12-2025,07-01-2026,08-01-2026,223,223,64.39,14358.97,Delivered,1
PO000791,PROD0023,SUP001,WH01,23-12-2025,08-01-2026,09-01-2026,223,223,64.39,14358.97,Delivered,1
PO000792,PROD0023,SUP001,WH01,24-12-2025,09-01-2026,11-01-2026,223,205,64.39,14358.97,Partial - Defect/Shortage,2
PO000793,PROD0023,SUP001,WH01,25-12-2025,10-01-2026,15-01-2026,223,223,64.39,14358.97,Delivered,5
PO000794,PROD0023,SUP001,WH01,26-12-2025,11-01-2026,13-01-2026,223,223,64.39,14358.97,Delivered,2
PO000795,PROD0023,SUP001,WH01,27-12-2025,12-01-2026,13-01-2026,223,223,64.39,14358.97,Delivered,1
PO000796,PROD0023,SUP001,WH01,28-12-2025,13-01-2026,15-01-2026,223,223,64.39,14358.97,Delivered,2
PO000797,PROD0023,SUP001,WH01,29-12-2025,14-01-2026,16-01-2026,223,223,64.39,14358.97,Delivered,2
PO000798,PROD0023,SUP001,WH01,30-12-2025,15-01-2026,16-01-2026,223,223,64.39,14358.97,Delivered,1
PO000799,PROD0023,SUP001,WH01,31-12-2025,16-01-2026,24-01-2026,223,223,64.39,14358.97,Delivered,8
PO000800,PROD0024,SUP003,WH03,10-01-2025,26-01-2025,28-01-2025,208,208,95.09,19778.72,Delivered,2
PO000801,PROD0024,SUP003,WH03,23-02-2025,11-03-2025,22-03-2025,208,208,95.09,19778.72,Delivered,11
PO000802,PROD0024,SUP003,WH03,03-04-2025,19-04-2025,19-04-2025,208,208,95.09,19778.72,Delivered,0
PO000803,PROD0024,SUP003,WH03,30-04-2025,16-05-2025,18-05-2025,208,208,95.09,19778.72,Delivered,2
PO000804,PROD0024,SUP003,WH03,25-05-2025,10-06-2025,14-06-2025,208,208,95.09,19778.72,Delivered,4
PO000805,PROD0024,SUP003,WH03,22-06-2025,08-07-2025,18-07-2025,208,208,95.09,19778.72,Delivered,10
PO000806,PROD0024,SUP003,WH03,02-08-2025,18-08-2025,31-08-2025,208,208,95.09,19778.72,Delivered,13
PO000807,PROD0024,SUP003,WH03,15-09-2025,01-10-2025,09-10-2025,208,208,95.09,19778.72,Delivered,8
PO000808,PROD0024,SUP003,WH03,24-10-2025,09-11-2025,10-11-2025,208,208,95.09,19778.72,Delivered,1
PO000809,PROD0024,SUP003,WH03,01-12-2025,17-12-2025,30-12-2025,208,208,95.09,19778.72,Delivered,13
PO000810,PROD0024,SUP003,WH01,05-01-2025,21-01-2025,04-02-2025,189,189,95.09,17972.01,Delivered,14
PO000811,PROD0024,SUP003,WH01,23-02-2025,11-03-2025,11-03-2025,189,189,95.09,17972.01,Delivered,0
PO000812,PROD0024,SUP003,WH01,30-03-2025,15-04-2025,23-04-2025,189,176,95.09,17972.01,Partial - Defect/Shortage,8
PO000813,PROD0024,SUP003,WH01,03-05-2025,19-05-2025,20-05-2025,189,189,95.09,17972.01,Delivered,1
PO000814,PROD0024,SUP003,WH01,30-05-2025,15-06-2025,15-06-2025,189,189,95.09,17972.01,Delivered,0
PO000815,PROD0024,SUP003,WH01,27-06-2025,13-07-2025,25-07-2025,189,165,95.09,17972.01,Partial - Defect/Shortage,12
PO000816,PROD0024,SUP003,WH01,04-08-2025,20-08-2025,20-08-2025,189,189,95.09,17972.01,Delivered,0
PO000817,PROD0024,SUP003,WH01,02-09-2025,18-09-2025,24-09-2025,189,189,95.09,17972.01,Delivered,6
PO000818,PROD0024,SUP003,WH01,10-10-2025,26-10-2025,01-11-2025,189,189,95.09,17972.01,Delivered,6
PO000819,PROD0024,SUP003,WH01,20-11-2025,06-12-2025,07-12-2025,189,189,95.09,17972.01,Delivered,1
PO000820,PROD0024,SUP003,WH01,31-12-2025,16-01-2026,16-01-2026,189,189,95.09,17972.01,Delivered,0
PO000821,PROD0025,SUP004,WH01,10-01-2025,01-02-2025,06-02-2025,825,825,9.94,8200.5,Delivered,5
PO000822,PROD0025,SUP004,WH01,13-02-2025,07-03-2025,14-03-2025,825,825,9.94,8200.5,Delivered,7
PO000823,PROD0025,SUP004,WH01,26-03-2025,17-04-2025,18-04-2025,825,825,9.94,8200.5,Delivered,1
PO000824,PROD0025,SUP004,WH01,02-05-2025,24-05-2025,26-05-2025,825,736,9.94,8200.5,Partial - Defect/Shortage,2
PO000825,PROD0025,SUP004,WH01,02-06-2025,24-06-2025,03-07-2025,825,825,9.94,8200.5,Delivered,9
PO000826,PROD0025,SUP004,WH01,10-07-2025,01-08-2025,09-08-2025,825,825,9.94,8200.5,Delivered,8
PO000827,PROD0025,SUP004,WH01,19-08-2025,10-09-2025,15-09-2025,825,825,9.94,8200.5,Delivered,5
PO000828,PROD0025,SUP004,WH01,26-09-2025,18-10-2025,20-10-2025,825,763,9.94,8200.5,Partial - Defect/Shortage,2
PO000829,PROD0025,SUP004,WH01,26-10-2025,17-11-2025,17-11-2025,825,825,9.94,8200.5,Delivered,0
PO000830,PROD0025,SUP004,WH01,28-11-2025,20-12-2025,22-12-2025,825,825,9.94,8200.5,Delivered,2
PO000831,PROD0025,SUP004,WH01,28-12-2025,19-01-2026,19-01-2026,825,825,9.94,8200.5,Delivered,0
PO000832,PROD0025,SUP004,WH01,29-12-2025,20-01-2026,01-02-2026,825,825,9.94,8200.5,Delivered,12
PO000833,PROD0025,SUP004,WH01,30-12-2025,21-01-2026,21-01-2026,825,825,9.94,8200.5,Delivered,0
PO000834,PROD0025,SUP004,WH01,31-12-2025,22-01-2026,23-01-2026,825,825,9.94,8200.5,Delivered,1
PO000835,PROD0025,SUP004,WH02,08-01-2025,30-01-2025,31-01-2025,688,688,9.94,6838.72,Delivered,1
PO000836,PROD0025,SUP004,WH02,14-02-2025,08-03-2025,16-03-2025,688,688,9.94,6838.72,Delivered,8
PO000837,PROD0025,SUP004,WH02,27-03-2025,18-04-2025,20-04-2025,688,688,9.94,6838.72,Delivered,2
PO000838,PROD0025,SUP004,WH02,06-05-2025,28-05-2025,28-05-2025,688,612,9.94,6838.72,Partial - Defect/Shortage,0
PO000839,PROD0025,SUP004,WH02,04-06-2025,26-06-2025,27-06-2025,688,688,9.94,6838.72,Delivered,1
PO000840,PROD0025,SUP004,WH02,11-07-2025,02-08-2025,04-08-2025,688,688,9.94,6838.72,Delivered,2
PO000841,PROD0025,SUP004,WH02,12-08-2025,03-09-2025,05-09-2025,688,688,9.94,6838.72,Delivered,2
PO000842,PROD0025,SUP004,WH02,18-09-2025,10-10-2025,10-10-2025,688,688,9.94,6838.72,Delivered,0
PO000843,PROD0025,SUP004,WH02,23-10-2025,14-11-2025,15-11-2025,688,688,9.94,6838.72,Delivered,1
PO000844,PROD0025,SUP004,WH02,23-11-2025,15-12-2025,17-12-2025,688,688,9.94,6838.72,Delivered,2
PO000845,PROD0025,SUP004,WH02,23-12-2025,14-01-2026,15-01-2026,688,653,9.94,6838.72,Partial - Defect/Shortage,1
PO000846,PROD0025,SUP004,WH02,24-12-2025,15-01-2026,15-01-2026,688,688,9.94,6838.72,Delivered,0
PO000847,PROD0025,SUP004,WH02,25-12-2025,16-01-2026,24-01-2026,688,688,9.94,6838.72,Delivered,8
PO000848,PROD0025,SUP004,WH02,26-12-2025,17-01-2026,23-01-2026,688,688,9.94,6838.72,Delivered,6
PO000849,PROD0025,SUP004,WH02,27-12-2025,18-01-2026,30-01-2026,688,688,9.94,6838.72,Delivered,12
PO000850,PROD0025,SUP004,WH02,28-12-2025,19-01-2026,27-01-2026,688,688,9.94,6838.72,Delivered,8
PO000851,PROD0025,SUP004,WH02,29-12-2025,20-01-2026,21-01-2026,688,688,9.94,6838.72,Delivered,1
PO000852,PROD0025,SUP004,WH02,30-12-2025,21-01-2026,23-01-2026,688,688,9.94,6838.72,Delivered,2
PO000853,PROD0025,SUP004,WH02,31-12-2025,22-01-2026,23-01-2026,688,688,9.94,6838.72,Delivered,1
PO000854,PROD0025,SUP004,WH04,14-01-2025,05-02-2025,16-02-2025,720,720,9.94,7156.8,Delivered,11
PO000855,PROD0025,SUP004,WH04,25-02-2025,19-03-2025,30-03-2025,720,720,9.94,7156.8,Delivered,11
PO000856,PROD0025,SUP004,WH04,10-04-2025,02-05-2025,07-05-2025,720,720,9.94,7156.8,Delivered,5
PO000857,PROD0025,SUP004,WH04,16-05-2025,07-06-2025,08-06-2025,720,720,9.94,7156.8,Delivered,1
PO000858,PROD0025,SUP004,WH04,20-06-2025,12-07-2025,13-07-2025,720,720,9.94,7156.8,Delivered,1
PO000859,PROD0025,SUP004,WH04,26-07-2025,17-08-2025,18-08-2025,720,720,9.94,7156.8,Delivered,1
PO000860,PROD0025,SUP004,WH04,25-08-2025,16-09-2025,21-09-2025,720,720,9.94,7156.8,Delivered,5
PO000861,PROD0025,SUP004,WH04,02-10-2025,24-10-2025,26-10-2025,720,720,9.94,7156.8,Delivered,2
PO000862,PROD0025,SUP004,WH04,06-11-2025,28-11-2025,29-11-2025,720,720,9.94,7156.8,Delivered,1
PO000863,PROD0025,SUP004,WH04,08-12-2025,30-12-2025,30-12-2025,720,720,9.94,7156.8,Delivered,0
PO000864,PROD0026,SUP003,WH02,20-01-2025,05-02-2025,05-02-2025,301,301,205.37,61816.37,Delivered,0
PO000865,PROD0026,SUP003,WH02,04-03-2025,20-03-2025,24-03-2025,301,301,205.37,61816.37,Delivered,4
PO000866,PROD0026,SUP003,WH02,14-04-2025,30-04-2025,30-04-2025,301,260,205.37,61816.37,Partial - Defect/Shortage,0
PO000867,PROD0026,SUP003,WH02,16-05-2025,01-06-2025,03-06-2025,301,301,205.37,61816.37,Delivered,2
PO000868,PROD0026,SUP003,WH02,22-06-2025,08-07-2025,13-07-2025,301,301,205.37,61816.37,Delivered,5
PO000869,PROD0026,SUP003,WH02,28-07-2025,13-08-2025,17-08-2025,301,301,205.37,61816.37,Delivered,4
PO000870,PROD0026,SUP003,WH02,04-09-2025,20-09-2025,22-09-2025,301,301,205.37,61816.37,Delivered,2
PO000871,PROD0026,SUP003,WH02,06-10-2025,22-10-2025,24-10-2025,301,301,205.37,61816.37,Delivered,2
PO000872,PROD0026,SUP003,WH02,03-11-2025,19-11-2025,19-11-2025,301,301,205.37,61816.37,Delivered,0
PO000873,PROD0026,SUP003,WH02,28-11-2025,14-12-2025,15-12-2025,301,301,205.37,61816.37,Delivered,1
PO000874,PROD0026,SUP003,WH02,21-12-2025,06-01-2026,06-01-2026,301,301,205.37,61816.37,Delivered,0
PO000875,PROD0026,SUP003,WH02,22-12-2025,07-01-2026,21-01-2026,301,301,205.37,61816.37,Delivered,14
PO000876,PROD0026,SUP003,WH02,23-12-2025,08-01-2026,11-01-2026,301,301,205.37,61816.37,Delivered,3
PO000877,PROD0026,SUP003,WH02,24-12-2025,09-01-2026,22-01-2026,301,301,205.37,61816.37,Delivered,13
PO000878,PROD0026,SUP003,WH02,25-12-2025,10-01-2026,11-01-2026,301,301,205.37,61816.37,Delivered,1
PO000879,PROD0026,SUP003,WH02,26-12-2025,11-01-2026,13-01-2026,301,301,205.37,61816.37,Delivered,2
PO000880,PROD0026,SUP003,WH02,27-12-2025,12-01-2026,12-01-2026,301,301,205.37,61816.37,Delivered,0
PO000881,PROD0026,SUP003,WH02,28-12-2025,13-01-2026,19-01-2026,301,301,205.37,61816.37,Delivered,6
PO000882,PROD0026,SUP003,WH02,29-12-2025,14-01-2026,18-01-2026,301,281,205.37,61816.37,Partial - Defect/Shortage,4
PO000883,PROD0026,SUP003,WH02,30-12-2025,15-01-2026,15-01-2026,301,301,205.37,61816.37,Delivered,0
PO000884,PROD0026,SUP003,WH02,31-12-2025,16-01-2026,16-01-2026,301,301,205.37,61816.37,Delivered,0
PO000885,PROD0026,SUP003,WH03,12-01-2025,28-01-2025,02-02-2025,317,317,205.37,65102.29,Delivered,5
PO000886,PROD0026,SUP003,WH03,24-02-2025,12-03-2025,15-03-2025,317,317,205.37,65102.29,Delivered,3
PO000887,PROD0026,SUP003,WH03,05-04-2025,21-04-2025,22-04-2025,317,317,205.37,65102.29,Delivered,1
PO000888,PROD0026,SUP003,WH03,12-05-2025,28-05-2025,28-05-2025,317,317,205.37,65102.29,Delivered,0
PO000889,PROD0026,SUP003,WH03,18-06-2025,04-07-2025,18-07-2025,317,282,205.37,65102.29,Partial - Defect/Shortage,14
PO000890,PROD0026,SUP003,WH03,28-07-2025,13-08-2025,18-08-2025,317,317,205.37,65102.29,Delivered,5
PO000891,PROD0026,SUP003,WH03,30-08-2025,15-09-2025,26-09-2025,317,317,205.37,65102.29,Delivered,11
PO000892,PROD0026,SUP003,WH03,08-10-2025,24-10-2025,31-10-2025,317,317,205.37,65102.29,Delivered,7
PO000893,PROD0026,SUP003,WH03,10-11-2025,26-11-2025,10-12-2025,317,317,205.37,65102.29,Delivered,14
PO000894,PROD0026,SUP003,WH03,19-12-2025,04-01-2026,04-01-2026,317,317,205.37,65102.29,Delivered,0
PO000895,PROD0026,SUP003,WH03,20-12-2025,05-01-2026,07-01-2026,317,317,205.37,65102.29,Delivered,2
PO000896,PROD0026,SUP003,WH03,21-12-2025,06-01-2026,06-01-2026,317,317,205.37,65102.29,Delivered,0
PO000897,PROD0026,SUP003,WH03,22-12-2025,07-01-2026,07-01-2026,317,317,205.37,65102.29,Delivered,0
PO000898,PROD0026,SUP003,WH03,23-12-2025,08-01-2026,17-01-2026,317,317,205.37,65102.29,Delivered,9
PO000899,PROD0026,SUP003,WH03,24-12-2025,09-01-2026,10-01-2026,317,317,205.37,65102.29,Delivered,1
PO000900,PROD0026,SUP003,WH03,25-12-2025,10-01-2026,11-01-2026,317,280,205.37,65102.29,Partial - Defect/Shortage,1
PO000901,PROD0026,SUP003,WH03,26-12-2025,11-01-2026,16-01-2026,317,317,205.37,65102.29,Delivered,5
PO000902,PROD0026,SUP003,WH03,27-12-2025,12-01-2026,14-01-2026,317,317,205.37,65102.29,Delivered,2
PO000903,PROD0026,SUP003,WH03,28-12-2025,13-01-2026,14-01-2026,317,317,205.37,65102.29,Delivered,1
PO000904,PROD0026,SUP003,WH03,29-12-2025,14-01-2026,24-01-2026,317,317,205.37,65102.29,Delivered,10
PO000905,PROD0026,SUP003,WH03,30-12-2025,15-01-2026,24-01-2026,317,317,205.37,65102.29,Delivered,9
PO000906,PROD0026,SUP003,WH03,31-12-2025,16-01-2026,17-01-2026,317,317,205.37,65102.29,Delivered,1
PO000907,PROD0027,SUP010,WH02,07-01-2025,21-01-2025,21-01-2025,678,678,45.11,30584.58,Delivered,0
PO000908,PROD0027,SUP010,WH02,15-02-2025,01-03-2025,14-03-2025,678,678,45.11,30584.58,Delivered,13
PO000909,PROD0027,SUP010,WH02,31-03-2025,14-04-2025,15-04-2025,678,678,45.11,30584.58,Delivered,1
PO000910,PROD0027,SUP010,WH02,30-04-2025,14-05-2025,26-05-2025,678,678,45.11,30584.58,Delivered,12
PO000911,PROD0027,SUP010,WH02,14-06-2025,28-06-2025,29-06-2025,678,678,45.11,30584.58,Delivered,1
PO000912,PROD0027,SUP010,WH02,22-07-2025,05-08-2025,06-08-2025,678,678,45.11,30584.58,Delivered,1
PO000913,PROD0027,SUP010,WH02,25-08-2025,08-09-2025,10-09-2025,678,678,45.11,30584.58,Delivered,2
PO000914,PROD0027,SUP010,WH02,26-09-2025,10-10-2025,15-10-2025,678,678,45.11,30584.58,Delivered,5
PO000915,PROD0027,SUP010,WH02,31-10-2025,14-11-2025,15-11-2025,678,678,45.11,30584.58,Delivered,1
PO000916,PROD0027,SUP010,WH02,04-12-2025,18-12-2025,19-12-2025,678,678,45.11,30584.58,Delivered,1
PO000917,PROD0027,SUP010,WH04,05-01-2025,19-01-2025,20-01-2025,797,797,45.11,35952.67,Delivered,1
PO000918,PROD0027,SUP010,WH04,10-02-2025,24-02-2025,26-02-2025,797,797,45.11,35952.67,Delivered,2
PO000919,PROD0027,SUP010,WH04,18-03-2025,01-04-2025,06-04-2025,797,797,45.11,35952.67,Delivered,5
PO000920,PROD0027,SUP010,WH04,20-04-2025,04-05-2025,18-05-2025,797,797,45.11,35952.67,Delivered,14
PO000921,PROD0027,SUP010,WH04,04-06-2025,18-06-2025,19-06-2025,797,797,45.11,35952.67,Delivered,1
PO000922,PROD0027,SUP010,WH04,08-07-2025,22-07-2025,24-07-2025,797,797,45.11,35952.67,Delivered,2
PO000923,PROD0027,SUP010,WH04,11-08-2025,25-08-2025,25-08-2025,797,797,45.11,35952.67,Delivered,0
PO000924,PROD0027,SUP010,WH04,11-09-2025,25-09-2025,26-09-2025,797,797,45.11,35952.67,Delivered,1
PO000925,PROD0027,SUP010,WH04,13-10-2025,27-10-2025,30-10-2025,797,797,45.11,35952.67,Delivered,3
PO000926,PROD0027,SUP010,WH04,17-11-2025,01-12-2025,02-12-2025,797,797,45.11,35952.67,Delivered,1
PO000927,PROD0027,SUP010,WH04,19-12-2025,02-01-2026,03-01-2026,797,797,45.11,35952.67,Delivered,1
PO000928,PROD0027,SUP010,WH04,20-12-2025,03-01-2026,05-01-2026,797,797,45.11,35952.67,Delivered,2
PO000929,PROD0027,SUP010,WH04,21-12-2025,04-01-2026,04-01-2026,797,797,45.11,35952.67,Delivered,0
PO000930,PROD0027,SUP010,WH04,22-12-2025,05-01-2026,07-01-2026,797,797,45.11,35952.67,Delivered,2
PO000931,PROD0027,SUP010,WH04,23-12-2025,06-01-2026,08-01-2026,797,797,45.11,35952.67,Delivered,2
PO000932,PROD0027,SUP010,WH04,24-12-2025,07-01-2026,09-01-2026,797,797,45.11,35952.67,Delivered,2
PO000933,PROD0027,SUP010,WH04,25-12-2025,08-01-2026,08-01-2026,797,797,45.11,35952.67,Delivered,0
PO000934,PROD0027,SUP010,WH04,26-12-2025,09-01-2026,09-01-2026,797,797,45.11,35952.67,Delivered,0
PO000935,PROD0027,SUP010,WH04,27-12-2025,10-01-2026,10-01-2026,797,797,45.11,35952.67,Delivered,0
PO000936,PROD0027,SUP010,WH04,28-12-2025,11-01-2026,13-01-2026,797,715,45.11,35952.67,Partial - Defect/Shortage,2
PO000937,PROD0027,SUP010,WH04,29-12-2025,12-01-2026,13-01-2026,797,797,45.11,35952.67,Delivered,1
PO000938,PROD0027,SUP010,WH04,30-12-2025,13-01-2026,14-01-2026,797,683,45.11,35952.67,Partial - Defect/Shortage,1
PO000939,PROD0027,SUP010,WH04,31-12-2025,14-01-2026,16-01-2026,797,797,45.11,35952.67,Delivered,2
PO000940,PROD0027,SUP010,WH01,06-01-2025,20-01-2025,22-01-2025,829,829,45.11,37396.19,Delivered,2
PO000941,PROD0027,SUP010,WH01,13-02-2025,27-02-2025,10-03-2025,829,829,45.11,37396.19,Delivered,11
PO000942,PROD0027,SUP010,WH01,27-03-2025,10-04-2025,12-04-2025,829,829,45.11,37396.19,Delivered,2
PO000943,PROD0027,SUP010,WH01,28-04-2025,12-05-2025,13-05-2025,829,829,45.11,37396.19,Delivered,1
PO000944,PROD0027,SUP010,WH01,30-05-2025,13-06-2025,13-06-2025,829,829,45.11,37396.19,Delivered,0
PO000945,PROD0027,SUP010,WH01,05-07-2025,19-07-2025,21-07-2025,829,829,45.11,37396.19,Delivered,2
PO000946,PROD0027,SUP010,WH01,12-08-2025,26-08-2025,04-09-2025,829,829,45.11,37396.19,Delivered,9
PO000947,PROD0027,SUP010,WH01,18-09-2025,02-10-2025,04-10-2025,829,829,45.11,37396.19,Delivered,2
PO000948,PROD0027,SUP010,WH01,21-10-2025,04-11-2025,04-11-2025,829,829,45.11,37396.19,Delivered,0
PO000949,PROD0027,SUP010,WH01,22-11-2025,06-12-2025,06-12-2025,829,829,45.11,37396.19,Delivered,0
PO000950,PROD0027,SUP010,WH01,23-12-2025,06-01-2026,13-01-2026,829,829,45.11,37396.19,Delivered,7
PO000951,PROD0027,SUP010,WH01,24-12-2025,07-01-2026,10-01-2026,829,829,45.11,37396.19,Delivered,3
PO000952,PROD0027,SUP010,WH01,25-12-2025,08-01-2026,08-01-2026,829,791,45.11,37396.19,Partial - Defect/Shortage,0
PO000953,PROD0027,SUP010,WH01,26-12-2025,09-01-2026,10-01-2026,829,829,45.11,37396.19,Delivered,1
PO000954,PROD0027,SUP010,WH01,27-12-2025,10-01-2026,11-01-2026,829,829,45.11,37396.19,Delivered,1
PO000955,PROD0027,SUP010,WH01,28-12-2025,11-01-2026,12-01-2026,829,829,45.11,37396.19,Delivered,1
PO000956,PROD0027,SUP010,WH01,29-12-2025,12-01-2026,13-01-2026,829,829,45.11,37396.19,Delivered,1
PO000957,PROD0027,SUP010,WH01,30-12-2025,13-01-2026,14-01-2026,829,829,45.11,37396.19,Delivered,1
PO000958,PROD0027,SUP010,WH01,31-12-2025,14-01-2026,14-01-2026,829,829,45.11,37396.19,Delivered,0
PO000959,PROD0028,SUP019,WH04,01-01-2025,07-01-2025,07-01-2025,139,139,7.47,1038.33,Delivered,0
PO000960,PROD0028,SUP019,WH04,08-02-2025,14-02-2025,15-02-2025,139,139,7.47,1038.33,Delivered,1
PO000961,PROD0028,SUP019,WH04,18-03-2025,24-03-2025,24-03-2025,139,139,7.47,1038.33,Delivered,0
PO000962,PROD0028,SUP019,WH04,14-04-2025,20-04-2025,24-04-2025,139,139,7.47,1038.33,Delivered,4
PO000963,PROD0028,SUP019,WH04,18-05-2025,24-05-2025,24-05-2025,139,139,7.47,1038.33,Delivered,0
PO000964,PROD0028,SUP019,WH04,18-06-2025,24-06-2025,05-07-2025,139,139,7.47,1038.33,Delivered,11
PO000965,PROD0028,SUP019,WH04,02-08-2025,08-08-2025,08-08-2025,139,139,7.47,1038.33,Delivered,0
PO000966,PROD0028,SUP019,WH04,03-09-2025,09-09-2025,09-09-2025,139,139,7.47,1038.33,Delivered,0
PO000967,PROD0028,SUP019,WH04,03-10-2025,09-10-2025,10-10-2025,139,139,7.47,1038.33,Delivered,1
PO000968,PROD0028,SUP019,WH04,03-11-2025,09-11-2025,11-11-2025,139,139,7.47,1038.33,Delivered,2
PO000969,PROD0028,SUP019,WH04,05-12-2025,11-12-2025,12-12-2025,139,139,7.47,1038.33,Delivered,1
PO000970,PROD0028,SUP019,WH02,06-01-2025,12-01-2025,12-01-2025,93,93,7.47,694.71,Delivered,0
PO000971,PROD0028,SUP019,WH02,14-02-2025,20-02-2025,20-02-2025,93,93,7.47,694.71,Delivered,0
PO000972,PROD0028,SUP019,WH02,21-03-2025,27-03-2025,04-04-2025,93,93,7.47,694.71,Delivered,8
PO000973,PROD0028,SUP019,WH02,24-04-2025,30-04-2025,30-04-2025,93,93,7.47,694.71,Delivered,0
PO000974,PROD0028,SUP019,WH02,24-05-2025,30-05-2025,01-06-2025,93,93,7.47,694.71,Delivered,2
PO000975,PROD0028,SUP019,WH02,25-06-2025,01-07-2025,01-07-2025,93,93,7.47,694.71,Delivered,0
PO000976,PROD0028,SUP019,WH02,01-08-2025,07-08-2025,08-08-2025,93,93,7.47,694.71,Delivered,1
PO000977,PROD0028,SUP019,WH02,30-08-2025,05-09-2025,07-09-2025,93,93,7.47,694.71,Delivered,2
PO000978,PROD0028,SUP019,WH02,27-09-2025,03-10-2025,05-10-2025,93,93,7.47,694.71,Delivered,2
PO000979,PROD0028,SUP019,WH02,31-10-2025,06-11-2025,08-11-2025,93,93,7.47,694.71,Delivered,2
PO000980,PROD0028,SUP019,WH02,06-12-2025,12-12-2025,13-12-2025,93,93,7.47,694.71,Delivered,1
PO000981,PROD0029,SUP003,WH03,04-01-2025,20-01-2025,21-01-2025,1421,1421,2.97,4220.37,Delivered,1
PO000982,PROD0029,SUP003,WH03,07-02-2025,23-02-2025,24-02-2025,1421,1421,2.97,4220.37,Delivered,1
PO000983,PROD0029,SUP003,WH03,15-03-2025,31-03-2025,08-04-2025,1421,1421,2.97,4220.37,Delivered,8
PO000984,PROD0029,SUP003,WH03,25-04-2025,11-05-2025,11-05-2025,1421,1421,2.97,4220.37,Delivered,0
PO000985,PROD0029,SUP003,WH03,31-05-2025,16-06-2025,26-06-2025,1421,1421,2.97,4220.37,Delivered,10
PO000986,PROD0029,SUP003,WH03,11-07-2025,27-07-2025,07-08-2025,1421,1421,2.97,4220.37,Delivered,11
PO000987,PROD0029,SUP003,WH03,24-08-2025,09-09-2025,10-09-2025,1421,1421,2.97,4220.37,Delivered,1
PO000988,PROD0029,SUP003,WH03,26-09-2025,12-10-2025,14-10-2025,1421,1421,2.97,4220.37,Delivered,2
PO000989,PROD0029,SUP003,WH03,01-11-2025,17-11-2025,25-11-2025,1421,1421,2.97,4220.37,Delivered,8
PO000990,PROD0029,SUP003,WH03,06-12-2025,22-12-2025,24-12-2025,1421,1421,2.97,4220.37,Delivered,2
PO000991,PROD0029,SUP003,WH01,08-01-2025,24-01-2025,05-02-2025,1974,1974,2.97,5862.78,Delivered,12
PO000992,PROD0029,SUP003,WH01,21-02-2025,09-03-2025,23-03-2025,1974,1974,2.97,5862.78,Delivered,14
PO000993,PROD0029,SUP003,WH01,09-04-2025,25-04-2025,07-05-2025,1974,1974,2.97,5862.78,Delivered,12
PO000994,PROD0029,SUP003,WH01,24-05-2025,09-06-2025,09-06-2025,1974,1974,2.97,5862.78,Delivered,0
PO000995,PROD0029,SUP003,WH01,30-06-2025,16-07-2025,16-07-2025,1974,1974,2.97,5862.78,Delivered,0
PO000996,PROD0029,SUP003,WH01,08-08-2025,24-08-2025,24-08-2025,1974,1974,2.97,5862.78,Delivered,0
PO000997,PROD0029,SUP003,WH01,10-09-2025,26-09-2025,02-10-2025,1974,1974,2.97,5862.78,Delivered,6
PO000998,PROD0029,SUP003,WH01,19-10-2025,04-11-2025,13-11-2025,1974,1974,2.97,5862.78,Delivered,9
PO000999,PROD0029,SUP003,WH01,25-11-2025,11-12-2025,11-12-2025,1974,1974,2.97,5862.78,Delivered,0
PO001000,PROD0029,SUP003,WH01,22-12-2025,07-01-2026,07-01-2026,1974,1974,2.97,5862.78,Delivered,0
PO001001,PROD0029,SUP003,WH01,23-12-2025,08-01-2026,09-01-2026,1974,1974,2.97,5862.78,Delivered,1
PO001002,PROD0029,SUP003,WH01,24-12-2025,09-01-2026,12-01-2026,1974,1974,2.97,5862.78,Delivered,3
PO001003,PROD0029,SUP003,WH01,25-12-2025,10-01-2026,11-01-2026,1974,1974,2.97,5862.78,Delivered,1
PO001004,PROD0029,SUP003,WH01,26-12-2025,11-01-2026,13-01-2026,1974,1974,2.97,5862.78,Delivered,2
PO001005,PROD0029,SUP003,WH01,27-12-2025,12-01-2026,13-01-2026,1974,1709,2.97,5862.78,Partial - Defect/Shortage,1
PO001006,PROD0029,SUP003,WH01,28-12-2025,13-01-2026,14-01-2026,1974,1974,2.97,5862.78,Delivered,1
PO001007,PROD0029,SUP003,WH01,29-12-2025,14-01-2026,19-01-2026,1974,1974,2.97,5862.78,Delivered,5
PO001008,PROD0029,SUP003,WH01,30-12-2025,15-01-2026,17-01-2026,1974,1974,2.97,5862.78,Delivered,2
PO001009,PROD0029,SUP003,WH01,31-12-2025,16-01-2026,25-01-2026,1974,1974,2.97,5862.78,Delivered,9
PO001010,PROD0030,SUP019,WH01,01-01-2025,07-01-2025,09-01-2025,1872,1872,9.95,18626.4,Delivered,2
PO001011,PROD0030,SUP019,WH01,05-02-2025,11-02-2025,11-02-2025,1872,1872,9.95,18626.4,Delivered,0
PO001012,PROD0030,SUP019,WH01,12-03-2025,18-03-2025,19-03-2025,1872,1872,9.95,18626.4,Delivered,1
PO001013,PROD0030,SUP019,WH01,18-04-2025,24-04-2025,24-04-2025,1872,1872,9.95,18626.4,Delivered,0
PO001014,PROD0030,SUP019,WH01,24-05-2025,30-05-2025,31-05-2025,1872,1872,9.95,18626.4,Delivered,1
PO001015,PROD0030,SUP019,WH01,26-06-2025,02-07-2025,11-07-2025,1872,1872,9.95,18626.4,Delivered,9
PO001016,PROD0030,SUP019,WH01,05-08-2025,11-08-2025,11-08-2025,1872,1872,9.95,18626.4,Delivered,0
PO001017,PROD0030,SUP019,WH01,07-09-2025,13-09-2025,13-09-2025,1872,1635,9.95,18626.4,Partial - Defect/Shortage,0
PO001018,PROD0030,SUP019,WH01,08-10-2025,14-10-2025,14-10-2025,1872,1872,9.95,18626.4,Delivered,0
PO001019,PROD0030,SUP019,WH01,10-11-2025,16-11-2025,16-11-2025,1872,1872,9.95,18626.4,Delivered,0
PO001020,PROD0030,SUP019,WH01,08-12-2025,14-12-2025,14-12-2025,1872,1872,9.95,18626.4,Delivered,0
PO001021,PROD0030,SUP019,WH02,05-01-2025,11-01-2025,11-01-2025,1775,1775,9.95,17661.25,Delivered,0
PO001022,PROD0030,SUP019,WH02,06-02-2025,12-02-2025,13-02-2025,1775,1775,9.95,17661.25,Delivered,1
PO001023,PROD0030,SUP019,WH02,11-03-2025,17-03-2025,18-03-2025,1775,1775,9.95,17661.25,Delivered,1
PO001024,PROD0030,SUP019,WH02,17-04-2025,23-04-2025,25-04-2025,1775,1775,9.95,17661.25,Delivered,2
PO001025,PROD0030,SUP019,WH02,21-05-2025,27-05-2025,28-05-2025,1775,1775,9.95,17661.25,Delivered,1
PO001026,PROD0030,SUP019,WH02,24-06-2025,30-06-2025,01-07-2025,1775,1775,9.95,17661.25,Delivered,1
PO001027,PROD0030,SUP019,WH02,28-07-2025,03-08-2025,04-08-2025,1775,1775,9.95,17661.25,Delivered,1
PO001028,PROD0030,SUP019,WH02,29-08-2025,04-09-2025,04-09-2025,1775,1775,9.95,17661.25,Delivered,0
PO001029,PROD0030,SUP019,WH02,05-10-2025,11-10-2025,21-10-2025,1775,1775,9.95,17661.25,Delivered,10
PO001030,PROD0030,SUP019,WH02,15-11-2025,21-11-2025,23-11-2025,1775,1775,9.95,17661.25,Delivered,2
PO001031,PROD0030,SUP019,WH02,15-12-2025,21-12-2025,23-12-2025,1775,1775,9.95,17661.25,Delivered,2
PO001032,PROD0030,SUP019,WH03,02-01-2025,08-01-2025,10-01-2025,1950,1950,9.95,19402.5,Delivered,2
PO001033,PROD0030,SUP019,WH03,01-02-2025,07-02-2025,15-02-2025,1950,1950,9.95,19402.5,Delivered,8
PO001034,PROD0030,SUP019,WH03,17-03-2025,23-03-2025,24-03-2025,1950,1950,9.95,19402.5,Delivered,1
PO001035,PROD0030,SUP019,WH03,21-04-2025,27-04-2025,27-04-2025,1950,1950,9.95,19402.5,Delivered,0
PO001036,PROD0030,SUP019,WH03,28-05-2025,03-06-2025,03-06-2025,1950,1950,9.95,19402.5,Delivered,0
PO001037,PROD0030,SUP019,WH03,05-07-2025,11-07-2025,12-07-2025,1950,1950,9.95,19402.5,Delivered,1
PO001038,PROD0030,SUP019,WH03,09-08-2025,15-08-2025,17-08-2025,1950,1950,9.95,19402.5,Delivered,2
PO001039,PROD0030,SUP019,WH03,12-09-2025,18-09-2025,18-09-2025,1950,1950,9.95,19402.5,Delivered,0
PO001040,PROD0030,SUP019,WH03,11-10-2025,17-10-2025,17-10-2025,1950,1950,9.95,19402.5,Delivered,0
PO001041,PROD0030,SUP019,WH03,15-11-2025,21-11-2025,21-11-2025,1950,1950,9.95,19402.5,Delivered,0
PO001042,PROD0030,SUP019,WH03,15-12-2025,21-12-2025,23-12-2025,1950,1950,9.95,19402.5,Delivered,2
PO001043,PROD0031,SUP003,WH04,13-01-2025,29-01-2025,04-02-2025,356,332,185.54,66052.24,Partial - Defect/Shortage,6
PO001044,PROD0031,SUP003,WH04,18-02-2025,06-03-2025,09-03-2025,356,356,185.54,66052.24,Delivered,3
PO001045,PROD0031,SUP003,WH04,03-04-2025,19-04-2025,20-04-2025,356,356,185.54,66052.24,Delivered,1
PO001046,PROD0031,SUP003,WH04,10-05-2025,26-05-2025,04-06-2025,356,356,185.54,66052.24,Delivered,9
PO001047,PROD0031,SUP003,WH04,22-06-2025,08-07-2025,16-07-2025,356,356,185.54,66052.24,Delivered,8
PO001048,PROD0031,SUP003,WH04,01-08-2025,17-08-2025,25-08-2025,356,356,185.54,66052.24,Delivered,8
PO001049,PROD0031,SUP003,WH04,10-09-2025,26-09-2025,26-09-2025,356,356,185.54,66052.24,Delivered,0
PO001050,PROD0031,SUP003,WH04,12-10-2025,28-10-2025,28-10-2025,356,356,185.54,66052.24,Delivered,0
PO001051,PROD0031,SUP003,WH04,06-11-2025,22-11-2025,22-11-2025,356,356,185.54,66052.24,Delivered,0
PO001052,PROD0031,SUP003,WH04,03-12-2025,19-12-2025,25-12-2025,356,356,185.54,66052.24,Delivered,6
PO001053,PROD0031,SUP003,WH03,06-01-2025,22-01-2025,29-01-2025,263,263,185.54,48797.02,Delivered,7
PO001054,PROD0031,SUP003,WH03,18-02-2025,06-03-2025,10-03-2025,263,263,185.54,48797.02,Delivered,4
PO001055,PROD0031,SUP003,WH03,05-04-2025,21-04-2025,23-04-2025,263,263,185.54,48797.02,Delivered,2
PO001056,PROD0031,SUP003,WH03,13-05-2025,29-05-2025,04-06-2025,263,263,185.54,48797.02,Delivered,6
PO001057,PROD0031,SUP003,WH03,19-06-2025,05-07-2025,12-07-2025,263,263,185.54,48797.02,Delivered,7
PO001058,PROD0031,SUP003,WH03,31-07-2025,16-08-2025,29-08-2025,263,263,185.54,48797.02,Delivered,13
PO001059,PROD0031,SUP003,WH03,09-09-2025,25-09-2025,25-09-2025,263,263,185.54,48797.02,Delivered,0
PO001060,PROD0031,SUP003,WH03,11-10-2025,27-10-2025,10-11-2025,263,263,185.54,48797.02,Delivered,14
PO001061,PROD0031,SUP003,WH03,21-11-2025,07-12-2025,09-12-2025,263,227,185.54,48797.02,Partial - Defect/Shortage,2
PO001062,PROD0031,SUP003,WH03,16-12-2025,01-01-2026,02-01-2026,263,263,185.54,48797.02,Delivered,1
PO001063,PROD0031,SUP003,WH03,17-12-2025,02-01-2026,09-01-2026,263,263,185.54,48797.02,Delivered,7
PO001064,PROD0031,SUP003,WH03,18-12-2025,03-01-2026,05-01-2026,263,263,185.54,48797.02,Delivered,2
PO001065,PROD0031,SUP003,WH03,19-12-2025,04-01-2026,05-01-2026,263,263,185.54,48797.02,Delivered,1
PO001066,PROD0031,SUP003,WH03,20-12-2025,05-01-2026,19-01-2026,263,263,185.54,48797.02,Delivered,14
PO001067,PROD0031,SUP003,WH03,21-12-2025,06-01-2026,06-01-2026,263,263,185.54,48797.02,Delivered,0
PO001068,PROD0031,SUP003,WH03,22-12-2025,07-01-2026,11-01-2026,263,263,185.54,48797.02,Delivered,4
PO001069,PROD0031,SUP003,WH03,23-12-2025,08-01-2026,09-01-2026,263,263,185.54,48797.02,Delivered,1
PO001070,PROD0031,SUP003,WH03,24-12-2025,09-01-2026,11-01-2026,263,263,185.54,48797.02,Delivered,2
PO001071,PROD0031,SUP003,WH03,25-12-2025,10-01-2026,21-01-2026,263,263,185.54,48797.02,Delivered,11
PO001072,PROD0031,SUP003,WH03,26-12-2025,11-01-2026,12-01-2026,263,263,185.54,48797.02,Delivered,1
PO001073,PROD0031,SUP003,WH03,27-12-2025,12-01-2026,12-01-2026,263,263,185.54,48797.02,Delivered,0
PO001074,PROD0031,SUP003,WH03,28-12-2025,13-01-2026,14-01-2026,263,263,185.54,48797.02,Delivered,1
PO001075,PROD0031,SUP003,WH03,29-12-2025,14-01-2026,14-01-2026,263,263,185.54,48797.02,Delivered,0
PO001076,PROD0031,SUP003,WH03,30-12-2025,15-01-2026,17-01-2026,263,263,185.54,48797.02,Delivered,2
PO001077,PROD0031,SUP003,WH03,31-12-2025,16-01-2026,17-01-2026,263,263,185.54,48797.02,Delivered,1
PO001078,PROD0031,SUP003,WH01,17-01-2025,02-02-2025,10-02-2025,259,234,185.54,48054.86,Partial - Defect/Shortage,8
PO001079,PROD0031,SUP003,WH01,25-02-2025,13-03-2025,20-03-2025,259,259,185.54,48054.86,Delivered,7
PO001080,PROD0031,SUP003,WH01,07-04-2025,23-04-2025,29-04-2025,259,259,185.54,48054.86,Delivered,6
PO001081,PROD0031,SUP003,WH01,16-05-2025,01-06-2025,01-06-2025,259,259,185.54,48054.86,Delivered,0
PO001082,PROD0031,SUP003,WH01,22-06-2025,08-07-2025,12-07-2025,259,259,185.54,48054.86,Delivered,4
PO001083,PROD0031,SUP003,WH01,28-07-2025,13-08-2025,15-08-2025,259,259,185.54,48054.86,Delivered,2
PO001084,PROD0031,SUP003,WH01,03-09-2025,19-09-2025,22-09-2025,259,259,185.54,48054.86,Delivered,3
PO001085,PROD0031,SUP003,WH01,05-10-2025,21-10-2025,24-10-2025,259,248,185.54,48054.86,Partial - Defect/Shortage,3
PO001086,PROD0031,SUP003,WH01,02-11-2025,18-11-2025,19-11-2025,259,259,185.54,48054.86,Delivered,1
PO001087,PROD0031,SUP003,WH01,28-11-2025,14-12-2025,21-12-2025,259,259,185.54,48054.86,Delivered,7
PO001088,PROD0031,SUP003,WH01,30-12-2025,15-01-2026,23-01-2026,259,259,185.54,48054.86,Delivered,8
PO001089,PROD0031,SUP003,WH01,31-12-2025,16-01-2026,18-01-2026,259,259,185.54,48054.86,Delivered,2
PO001090,PROD0031,SUP003,WH02,12-01-2025,28-01-2025,30-01-2025,305,266,185.54,56589.7,Partial - Defect/Shortage,2
PO001091,PROD0031,SUP003,WH02,19-02-2025,07-03-2025,15-03-2025,305,305,185.54,56589.7,Delivered,8
PO001092,PROD0031,SUP003,WH02,05-04-2025,21-04-2025,23-04-2025,305,305,185.54,56589.7,Delivered,2
PO001093,PROD0031,SUP003,WH02,16-05-2025,01-06-2025,01-06-2025,305,271,185.54,56589.7,Partial - Defect/Shortage,0
PO001094,PROD0031,SUP003,WH02,19-06-2025,05-07-2025,18-07-2025,305,305,185.54,56589.7,Delivered,13
PO001095,PROD0031,SUP003,WH02,02-08-2025,18-08-2025,25-08-2025,305,305,185.54,56589.7,Delivered,7
PO001096,PROD0031,SUP003,WH02,07-09-2025,23-09-2025,01-10-2025,305,305,185.54,56589.7,Delivered,8
PO001097,PROD0031,SUP003,WH02,13-10-2025,29-10-2025,03-11-2025,305,305,185.54,56589.7,Delivered,5
PO001098,PROD0031,SUP003,WH02,14-11-2025,30-11-2025,12-12-2025,305,305,185.54,56589.7,Delivered,12
PO001099,PROD0031,SUP003,WH02,19-12-2025,04-01-2026,04-01-2026,305,305,185.54,56589.7,Delivered,0
PO001100,PROD0031,SUP003,WH02,20-12-2025,05-01-2026,05-01-2026,305,305,185.54,56589.7,Delivered,0
PO001101,PROD0031,SUP003,WH02,21-12-2025,06-01-2026,07-01-2026,305,305,185.54,56589.7,Delivered,1
PO001102,PROD0031,SUP003,WH02,22-12-2025,07-01-2026,16-01-2026,305,305,185.54,56589.7,Delivered,9
PO001103,PROD0031,SUP003,WH02,23-12-2025,08-01-2026,09-01-2026,305,305,185.54,56589.7,Delivered,1
PO001104,PROD0031,SUP003,WH02,24-12-2025,09-01-2026,19-01-2026,305,305,185.54,56589.7,Delivered,10
PO001105,PROD0031,SUP003,WH02,25-12-2025,10-01-2026,10-01-2026,305,305,185.54,56589.7,Delivered,0
PO001106,PROD0031,SUP003,WH02,26-12-2025,11-01-2026,24-01-2026,305,305,185.54,56589.7,Delivered,13
PO001107,PROD0031,SUP003,WH02,27-12-2025,12-01-2026,12-01-2026,305,305,185.54,56589.7,Delivered,0
PO001108,PROD0031,SUP003,WH02,28-12-2025,13-01-2026,16-01-2026,305,305,185.54,56589.7,Delivered,3
PO001109,PROD0031,SUP003,WH02,29-12-2025,14-01-2026,15-01-2026,305,305,185.54,56589.7,Delivered,1
PO001110,PROD0031,SUP003,WH02,30-12-2025,15-01-2026,15-01-2026,305,305,185.54,56589.7,Delivered,0
PO001111,PROD0031,SUP003,WH02,31-12-2025,16-01-2026,16-01-2026,305,305,185.54,56589.7,Delivered,0
PO001112,PROD0032,SUP011,WH01,11-01-2025,24-01-2025,30-01-2025,281,281,41.75,11731.75,Delivered,6
PO001113,PROD0032,SUP011,WH01,25-02-2025,10-03-2025,12-03-2025,281,281,41.75,11731.75,Delivered,2
PO001114,PROD0032,SUP011,WH01,29-03-2025,11-04-2025,13-04-2025,281,281,41.75,11731.75,Delivered,2
PO001115,PROD0032,SUP011,WH01,26-04-2025,09-05-2025,09-05-2025,281,281,41.75,11731.75,Delivered,0
PO001116,PROD0032,SUP011,WH01,28-05-2025,10-06-2025,12-06-2025,281,281,41.75,11731.75,Delivered,2
PO001117,PROD0032,SUP011,WH01,27-06-2025,10-07-2025,10-07-2025,281,281,41.75,11731.75,Delivered,0
PO001118,PROD0032,SUP011,WH01,06-08-2025,19-08-2025,21-08-2025,281,281,41.75,11731.75,Delivered,2
PO001119,PROD0032,SUP011,WH01,08-09-2025,21-09-2025,23-09-2025,281,281,41.75,11731.75,Delivered,2
PO001120,PROD0032,SUP011,WH01,08-10-2025,21-10-2025,23-10-2025,281,281,41.75,11731.75,Delivered,2
PO001121,PROD0032,SUP011,WH01,06-11-2025,19-11-2025,20-11-2025,281,281,41.75,11731.75,Delivered,1
PO001122,PROD0032,SUP011,WH01,05-12-2025,18-12-2025,20-12-2025,281,281,41.75,11731.75,Delivered,2
PO001123,PROD0032,SUP011,WH03,12-01-2025,25-01-2025,27-01-2025,201,201,41.75,8391.75,Delivered,2
PO001124,PROD0032,SUP011,WH03,14-02-2025,27-02-2025,04-03-2025,201,201,41.75,8391.75,Delivered,5
PO001125,PROD0032,SUP011,WH03,23-03-2025,05-04-2025,05-04-2025,201,201,41.75,8391.75,Delivered,0
PO001126,PROD0032,SUP011,WH03,21-04-2025,04-05-2025,08-05-2025,201,201,41.75,8391.75,Delivered,4
PO001127,PROD0032,SUP011,WH03,25-05-2025,07-06-2025,18-06-2025,201,201,41.75,8391.75,Delivered,11
PO001128,PROD0032,SUP011,WH03,06-07-2025,19-07-2025,20-07-2025,201,201,41.75,8391.75,Delivered,1
PO001129,PROD0032,SUP011,WH03,07-08-2025,20-08-2025,21-08-2025,201,201,41.75,8391.75,Delivered,1
PO001130,PROD0032,SUP011,WH03,09-09-2025,22-09-2025,05-10-2025,201,201,41.75,8391.75,Delivered,13
PO001131,PROD0032,SUP011,WH03,18-10-2025,31-10-2025,02-11-2025,201,176,41.75,8391.75,Partial - Defect/Shortage,2
PO001132,PROD0032,SUP011,WH03,12-11-2025,25-11-2025,27-11-2025,201,201,41.75,8391.75,Delivered,2
PO001133,PROD0032,SUP011,WH03,13-12-2025,26-12-2025,28-12-2025,201,201,41.75,8391.75,Delivered,2
PO001134,PROD0032,SUP011,WH02,09-01-2025,22-01-2025,23-01-2025,290,290,41.75,12107.5,Delivered,1
PO001135,PROD0032,SUP011,WH02,16-02-2025,01-03-2025,11-03-2025,290,290,41.75,12107.5,Delivered,10
PO001136,PROD0032,SUP011,WH02,25-03-2025,07-04-2025,13-04-2025,290,290,41.75,12107.5,Delivered,6
PO001137,PROD0032,SUP011,WH02,29-04-2025,12-05-2025,20-05-2025,290,290,41.75,12107.5,Delivered,8
PO001138,PROD0032,SUP011,WH02,06-06-2025,19-06-2025,20-06-2025,290,290,41.75,12107.5,Delivered,1
PO001139,PROD0032,SUP011,WH02,15-07-2025,28-07-2025,07-08-2025,290,290,41.75,12107.5,Delivered,10
PO001140,PROD0032,SUP011,WH02,20-08-2025,02-09-2025,03-09-2025,290,290,41.75,12107.5,Delivered,1
PO001141,PROD0032,SUP011,WH02,17-09-2025,30-09-2025,01-10-2025,290,290,41.75,12107.5,Delivered,1
PO001142,PROD0032,SUP011,WH02,20-10-2025,02-11-2025,03-11-2025,290,290,41.75,12107.5,Delivered,1
PO001143,PROD0032,SUP011,WH02,21-11-2025,04-12-2025,06-12-2025,290,290,41.75,12107.5,Delivered,2
PO001144,PROD0032,SUP011,WH02,20-12-2025,02-01-2026,03-01-2026,290,290,41.75,12107.5,Delivered,1
PO001145,PROD0032,SUP011,WH02,21-12-2025,03-01-2026,04-01-2026,290,290,41.75,12107.5,Delivered,1
PO001146,PROD0032,SUP011,WH02,22-12-2025,04-01-2026,06-01-2026,290,290,41.75,12107.5,Delivered,2
PO001147,PROD0032,SUP011,WH02,23-12-2025,05-01-2026,11-01-2026,290,290,41.75,12107.5,Delivered,6
PO001148,PROD0032,SUP011,WH02,24-12-2025,06-01-2026,07-01-2026,290,290,41.75,12107.5,Delivered,1
PO001149,PROD0032,SUP011,WH02,25-12-2025,07-01-2026,07-01-2026,290,290,41.75,12107.5,Delivered,0
PO001150,PROD0032,SUP011,WH02,26-12-2025,08-01-2026,08-01-2026,290,290,41.75,12107.5,Delivered,0
PO001151,PROD0032,SUP011,WH02,27-12-2025,09-01-2026,11-01-2026,290,290,41.75,12107.5,Delivered,2
PO001152,PROD0032,SUP011,WH02,28-12-2025,10-01-2026,11-01-2026,290,290,41.75,12107.5,Delivered,1
PO001153,PROD0032,SUP011,WH02,29-12-2025,11-01-2026,11-01-2026,290,290,41.75,12107.5,Delivered,0
PO001154,PROD0032,SUP011,WH02,30-12-2025,12-01-2026,14-01-2026,290,290,41.75,12107.5,Delivered,2
PO001155,PROD0032,SUP011,WH02,31-12-2025,13-01-2026,20-01-2026,290,290,41.75,12107.5,Delivered,7
PO001156,PROD0033,SUP009,WH02,02-01-2025,08-01-2025,08-01-2025,1275,1275,5.43,6923.25,Delivered,0
PO001157,PROD0033,SUP009,WH02,05-02-2025,11-02-2025,11-02-2025,1275,1275,5.43,6923.25,Delivered,0
PO001158,PROD0033,SUP009,WH02,14-03-2025,20-03-2025,21-03-2025,1275,1275,5.43,6923.25,Delivered,1
PO001159,PROD0033,SUP009,WH02,17-04-2025,23-04-2025,23-04-2025,1275,1275,5.43,6923.25,Delivered,0
PO001160,PROD0033,SUP009,WH02,22-05-2025,28-05-2025,29-05-2025,1275,1275,5.43,6923.25,Delivered,1
PO001161,PROD0033,SUP009,WH02,27-06-2025,03-07-2025,03-07-2025,1275,1275,5.43,6923.25,Delivered,0
PO001162,PROD0033,SUP009,WH02,04-08-2025,10-08-2025,11-08-2025,1275,1275,5.43,6923.25,Delivered,1
PO001163,PROD0033,SUP009,WH02,09-09-2025,15-09-2025,17-09-2025,1275,1275,5.43,6923.25,Delivered,2
PO001164,PROD0033,SUP009,WH02,15-10-2025,21-10-2025,21-10-2025,1275,1275,5.43,6923.25,Delivered,0
PO001165,PROD0033,SUP009,WH02,13-11-2025,19-11-2025,19-11-2025,1275,1275,5.43,6923.25,Delivered,0
PO001166,PROD0033,SUP009,WH02,11-12-2025,17-12-2025,19-12-2025,1275,1275,5.43,6923.25,Delivered,2
PO001167,PROD0033,SUP009,WH03,02-01-2025,08-01-2025,08-01-2025,1124,1124,5.43,6103.32,Delivered,0
PO001168,PROD0033,SUP009,WH03,05-02-2025,11-02-2025,13-02-2025,1124,1124,5.43,6103.32,Delivered,2
PO001169,PROD0033,SUP009,WH03,15-03-2025,21-03-2025,21-03-2025,1124,1124,5.43,6103.32,Delivered,0
PO001170,PROD0033,SUP009,WH03,18-04-2025,24-04-2025,24-04-2025,1124,1124,5.43,6103.32,Delivered,0
PO001171,PROD0033,SUP009,WH03,27-05-2025,02-06-2025,02-06-2025,1124,1124,5.43,6103.32,Delivered,0
PO001172,PROD0033,SUP009,WH03,27-06-2025,03-07-2025,05-07-2025,1124,1124,5.43,6103.32,Delivered,2
PO001173,PROD0033,SUP009,WH03,01-08-2025,07-08-2025,09-08-2025,1124,1124,5.43,6103.32,Delivered,2
PO001174,PROD0033,SUP009,WH03,11-09-2025,17-09-2025,19-09-2025,1124,1124,5.43,6103.32,Delivered,2
PO001175,PROD0033,SUP009,WH03,12-10-2025,18-10-2025,18-10-2025,1124,1124,5.43,6103.32,Delivered,0
PO001176,PROD0033,SUP009,WH03,12-11-2025,18-11-2025,18-11-2025,1124,1124,5.43,6103.32,Delivered,0
PO001177,PROD0033,SUP009,WH03,17-12-2025,23-12-2025,25-12-2025,1124,1124,5.43,6103.32,Delivered,2
PO001178,PROD0033,SUP009,WH01,05-01-2025,11-01-2025,12-01-2025,1635,1635,5.43,8878.05,Delivered,1
PO001179,PROD0033,SUP009,WH01,07-02-2025,13-02-2025,15-02-2025,1635,1635,5.43,8878.05,Delivered,2
PO001180,PROD0033,SUP009,WH01,12-03-2025,18-03-2025,19-03-2025,1635,1635,5.43,8878.05,Delivered,1
PO001181,PROD0033,SUP009,WH01,17-04-2025,23-04-2025,23-04-2025,1635,1635,5.43,8878.05,Delivered,0
PO001182,PROD0033,SUP009,WH01,17-05-2025,23-05-2025,25-05-2025,1635,1635,5.43,8878.05,Delivered,2
PO001183,PROD0033,SUP009,WH01,27-06-2025,03-07-2025,05-07-2025,1635,1635,5.43,8878.05,Delivered,2
PO001184,PROD0033,SUP009,WH01,29-07-2025,04-08-2025,05-08-2025,1635,1635,5.43,8878.05,Delivered,1
PO001185,PROD0033,SUP009,WH01,30-08-2025,05-09-2025,06-09-2025,1635,1635,5.43,8878.05,Delivered,1
PO001186,PROD0033,SUP009,WH01,03-10-2025,09-10-2025,09-10-2025,1635,1635,5.43,8878.05,Delivered,0
PO001187,PROD0033,SUP009,WH01,10-11-2025,16-11-2025,18-11-2025,1635,1635,5.43,8878.05,Delivered,2
PO001188,PROD0033,SUP009,WH01,11-12-2025,17-12-2025,17-12-2025,1635,1635,5.43,8878.05,Delivered,0
PO001189,PROD0034,SUP010,WH01,13-01-2025,27-01-2025,29-01-2025,107,107,44.7,4782.9,Delivered,2
PO001190,PROD0034,SUP010,WH01,24-02-2025,10-03-2025,11-03-2025,107,107,44.7,4782.9,Delivered,1
PO001191,PROD0034,SUP010,WH01,30-03-2025,13-04-2025,13-04-2025,107,107,44.7,4782.9,Delivered,0
PO001192,PROD0034,SUP010,WH01,27-04-2025,11-05-2025,12-05-2025,107,107,44.7,4782.9,Delivered,1
PO001193,PROD0034,SUP010,WH01,25-05-2025,08-06-2025,21-06-2025,107,107,44.7,4782.9,Delivered,13
PO001194,PROD0034,SUP010,WH01,05-07-2025,19-07-2025,21-07-2025,107,107,44.7,4782.9,Delivered,2
PO001195,PROD0034,SUP010,WH01,04-08-2025,18-08-2025,19-08-2025,107,107,44.7,4782.9,Delivered,1
PO001196,PROD0034,SUP010,WH01,03-09-2025,17-09-2025,17-09-2025,107,97,44.7,4782.9,Partial - Defect/Shortage,0
PO001197,PROD0034,SUP010,WH01,07-10-2025,21-10-2025,21-10-2025,107,107,44.7,4782.9,Delivered,0
PO001198,PROD0034,SUP010,WH01,18-11-2025,02-12-2025,10-12-2025,107,107,44.7,4782.9,Delivered,8
PO001199,PROD0034,SUP010,WH01,28-12-2025,11-01-2026,12-01-2026,107,107,44.7,4782.9,Delivered,1
PO001200,PROD0034,SUP010,WH01,29-12-2025,12-01-2026,18-01-2026,107,107,44.7,4782.9,Delivered,6
PO001201,PROD0034,SUP010,WH01,30-12-2025,13-01-2026,14-01-2026,107,96,44.7,4782.9,Partial - Defect/Shortage,1
PO001202,PROD0034,SUP010,WH01,31-12-2025,14-01-2026,16-01-2026,107,107,44.7,4782.9,Delivered,2
PO001203,PROD0034,SUP010,WH02,15-01-2025,29-01-2025,31-01-2025,134,134,44.7,5989.8,Delivered,2
PO001204,PROD0034,SUP010,WH02,20-02-2025,06-03-2025,06-03-2025,134,122,44.7,5989.8,Partial - Defect/Shortage,0
PO001205,PROD0034,SUP010,WH02,25-03-2025,08-04-2025,08-04-2025,134,134,44.7,5989.8,Delivered,0
PO001206,PROD0034,SUP010,WH02,26-04-2025,10-05-2025,11-05-2025,134,134,44.7,5989.8,Delivered,1
PO001207,PROD0034,SUP010,WH02,24-05-2025,07-06-2025,08-06-2025,134,134,44.7,5989.8,Delivered,1
PO001208,PROD0034,SUP010,WH02,18-06-2025,02-07-2025,03-07-2025,134,134,44.7,5989.8,Delivered,1
PO001209,PROD0034,SUP010,WH02,17-07-2025,31-07-2025,09-08-2025,134,134,44.7,5989.8,Delivered,9
PO001210,PROD0034,SUP010,WH02,24-08-2025,07-09-2025,09-09-2025,134,134,44.7,5989.8,Delivered,2
PO001211,PROD0034,SUP010,WH02,29-09-2025,13-10-2025,23-10-2025,134,134,44.7,5989.8,Delivered,10
PO001212,PROD0034,SUP010,WH02,17-11-2025,01-12-2025,14-12-2025,134,134,44.7,5989.8,Delivered,13
PO001213,PROD0034,SUP010,WH04,01-01-2025,15-01-2025,17-01-2025,187,187,44.7,8358.9,Delivered,2
PO001214,PROD0034,SUP010,WH04,13-02-2025,27-02-2025,27-02-2025,187,187,44.7,8358.9,Delivered,0
PO001215,PROD0034,SUP010,WH04,20-03-2025,03-04-2025,04-04-2025,187,187,44.7,8358.9,Delivered,1
PO001216,PROD0034,SUP010,WH04,19-04-2025,03-05-2025,04-05-2025,187,187,44.7,8358.9,Delivered,1
PO001217,PROD0034,SUP010,WH04,17-05-2025,31-05-2025,05-06-2025,187,187,44.7,8358.9,Delivered,5
PO001218,PROD0034,SUP010,WH04,16-06-2025,30-06-2025,06-07-2025,187,187,44.7,8358.9,Delivered,6
PO001219,PROD0034,SUP010,WH04,19-07-2025,02-08-2025,02-08-2025,187,187,44.7,8358.9,Delivered,0
PO001220,PROD0034,SUP010,WH04,17-08-2025,31-08-2025,02-09-2025,187,187,44.7,8358.9,Delivered,2
PO001221,PROD0034,SUP010,WH04,20-09-2025,04-10-2025,05-10-2025,187,187,44.7,8358.9,Delivered,1
PO001222,PROD0034,SUP010,WH04,28-10-2025,11-11-2025,11-11-2025,187,187,44.7,8358.9,Delivered,0
PO001223,PROD0034,SUP010,WH04,11-12-2025,25-12-2025,25-12-2025,187,187,44.7,8358.9,Delivered,0
PO001224,PROD0035,SUP017,WH03,07-01-2025,15-01-2025,17-01-2025,304,304,26.11,7937.44,Delivered,2
PO001225,PROD0035,SUP017,WH03,17-02-2025,25-02-2025,26-02-2025,304,304,26.11,7937.44,Delivered,1
PO001226,PROD0035,SUP017,WH03,24-03-2025,01-04-2025,03-04-2025,304,304,26.11,7937.44,Delivered,2
PO001227,PROD0035,SUP017,WH03,19-04-2025,27-04-2025,29-04-2025,304,304,26.11,7937.44,Delivered,2
PO001228,PROD0035,SUP017,WH03,15-05-2025,23-05-2025,24-05-2025,304,304,26.11,7937.44,Delivered,1
PO001229,PROD0035,SUP017,WH03,11-06-2025,19-06-2025,20-06-2025,304,304,26.11,7937.44,Delivered,1
PO001230,PROD0035,SUP017,WH03,09-07-2025,17-07-2025,17-07-2025,304,304,26.11,7937.44,Delivered,0
PO001231,PROD0035,SUP017,WH03,08-08-2025,16-08-2025,16-08-2025,304,304,26.11,7937.44,Delivered,0
PO001232,PROD0035,SUP017,WH03,12-09-2025,20-09-2025,21-09-2025,304,304,26.11,7937.44,Delivered,1
PO001233,PROD0035,SUP017,WH03,19-10-2025,27-10-2025,28-10-2025,304,304,26.11,7937.44,Delivered,1
PO001234,PROD0035,SUP017,WH03,28-11-2025,06-12-2025,08-12-2025,304,280,26.11,7937.44,Partial - Defect/Shortage,2
PO001235,PROD0035,SUP017,WH01,08-01-2025,16-01-2025,16-01-2025,211,211,26.11,5509.21,Delivered,0
PO001236,PROD0035,SUP017,WH01,24-02-2025,04-03-2025,06-03-2025,211,211,26.11,5509.21,Delivered,2
PO001237,PROD0035,SUP017,WH01,29-03-2025,06-04-2025,07-04-2025,211,211,26.11,5509.21,Delivered,1
PO001238,PROD0035,SUP017,WH01,25-04-2025,03-05-2025,03-05-2025,211,211,26.11,5509.21,Delivered,0
PO001239,PROD0035,SUP017,WH01,20-05-2025,28-05-2025,30-05-2025,211,211,26.11,5509.21,Delivered,2
PO001240,PROD0035,SUP017,WH01,19-06-2025,27-06-2025,27-06-2025,211,211,26.11,5509.21,Delivered,0
PO001241,PROD0035,SUP017,WH01,22-07-2025,30-07-2025,31-07-2025,211,211,26.11,5509.21,Delivered,1
PO001242,PROD0035,SUP017,WH01,27-08-2025,04-09-2025,04-09-2025,211,211,26.11,5509.21,Delivered,0
PO001243,PROD0035,SUP017,WH01,03-10-2025,11-10-2025,11-10-2025,211,211,26.11,5509.21,Delivered,0
PO001244,PROD0035,SUP017,WH01,14-11-2025,22-11-2025,23-11-2025,211,211,26.11,5509.21,Delivered,1
PO001245,PROD0035,SUP017,WH01,24-12-2025,01-01-2026,01-01-2026,211,185,26.11,5509.21,Partial - Defect/Shortage,0
PO001246,PROD0035,SUP017,WH01,25-12-2025,02-01-2026,03-01-2026,211,211,26.11,5509.21,Delivered,1
PO001247,PROD0035,SUP017,WH01,26-12-2025,03-01-2026,03-01-2026,211,188,26.11,5509.21,Partial - Defect/Shortage,0
PO001248,PROD0035,SUP017,WH01,27-12-2025,04-01-2026,05-01-2026,211,211,26.11,5509.21,Delivered,1
PO001249,PROD0035,SUP017,WH01,28-12-2025,05-01-2026,19-01-2026,211,211,26.11,5509.21,Delivered,14
PO001250,PROD0035,SUP017,WH01,29-12-2025,06-01-2026,06-01-2026,211,211,26.11,5509.21,Delivered,0
PO001251,PROD0035,SUP017,WH01,30-12-2025,07-01-2026,07-01-2026,211,211,26.11,5509.21,Delivered,0
PO001252,PROD0035,SUP017,WH01,31-12-2025,08-01-2026,09-01-2026,211,211,26.11,5509.21,Delivered,1
PO001253,PROD0036,SUP003,WH01,03-01-2025,19-01-2025,21-01-2025,2315,2315,10.16,23520.4,Delivered,2
PO001254,PROD0036,SUP003,WH01,06-02-2025,22-02-2025,07-03-2025,2315,2150,10.16,23520.4,Partial - Defect/Shortage,13
PO001255,PROD0036,SUP003,WH01,22-03-2025,07-04-2025,15-04-2025,2315,2315,10.16,23520.4,Delivered,8
PO001256,PROD0036,SUP003,WH01,30-04-2025,16-05-2025,20-05-2025,2315,2315,10.16,23520.4,Delivered,4
PO001257,PROD0036,SUP003,WH01,06-06-2025,22-06-2025,23-06-2025,2315,2315,10.16,23520.4,Delivered,1
PO001258,PROD0036,SUP003,WH01,10-07-2025,26-07-2025,28-07-2025,2315,2315,10.16,23520.4,Delivered,2
PO001259,PROD0036,SUP003,WH01,13-08-2025,29-08-2025,29-08-2025,2315,2315,10.16,23520.4,Delivered,0
PO001260,PROD0036,SUP003,WH01,12-09-2025,28-09-2025,02-10-2025,2315,2315,10.16,23520.4,Delivered,4
PO001261,PROD0036,SUP003,WH01,13-10-2025,29-10-2025,08-11-2025,2315,2315,10.16,23520.4,Delivered,10
PO001262,PROD0036,SUP003,WH01,21-11-2025,07-12-2025,11-12-2025,2315,2315,10.16,23520.4,Delivered,4
PO001263,PROD0036,SUP003,WH01,25-12-2025,10-01-2026,19-01-2026,2315,2315,10.16,23520.4,Delivered,9
PO001264,PROD0036,SUP003,WH01,26-12-2025,11-01-2026,17-01-2026,2315,2315,10.16,23520.4,Delivered,6
PO001265,PROD0036,SUP003,WH01,27-12-2025,12-01-2026,25-01-2026,2315,2315,10.16,23520.4,Delivered,13
PO001266,PROD0036,SUP003,WH01,28-12-2025,13-01-2026,13-01-2026,2315,2234,10.16,23520.4,Partial - Defect/Shortage,0
PO001267,PROD0036,SUP003,WH01,29-12-2025,14-01-2026,21-01-2026,2315,2315,10.16,23520.4,Delivered,7
PO001268,PROD0036,SUP003,WH01,30-12-2025,15-01-2026,26-01-2026,2315,2315,10.16,23520.4,Delivered,11
PO001269,PROD0036,SUP003,WH01,31-12-2025,16-01-2026,27-01-2026,2315,2315,10.16,23520.4,Delivered,11
PO001270,PROD0036,SUP003,WH04,08-01-2025,24-01-2025,27-01-2025,1902,1902,10.16,19324.32,Delivered,3
PO001271,PROD0036,SUP003,WH04,13-02-2025,01-03-2025,01-03-2025,1902,1902,10.16,19324.32,Delivered,0
PO001272,PROD0036,SUP003,WH04,23-03-2025,08-04-2025,19-04-2025,1902,1902,10.16,19324.32,Delivered,11
PO001273,PROD0036,SUP003,WH04,03-05-2025,19-05-2025,21-05-2025,1902,1902,10.16,19324.32,Delivered,2
PO001274,PROD0036,SUP003,WH04,06-06-2025,22-06-2025,22-06-2025,1902,1902,10.16,19324.32,Delivered,0
PO001275,PROD0036,SUP003,WH04,13-07-2025,29-07-2025,11-08-2025,1902,1902,10.16,19324.32,Delivered,13
PO001276,PROD0036,SUP003,WH04,26-08-2025,11-09-2025,11-09-2025,1902,1902,10.16,19324.32,Delivered,0
PO001277,PROD0036,SUP003,WH04,29-09-2025,15-10-2025,29-10-2025,1902,1902,10.16,19324.32,Delivered,14
PO001278,PROD0036,SUP003,WH04,11-11-2025,27-11-2025,29-11-2025,1902,1902,10.16,19324.32,Delivered,2
PO001279,PROD0036,SUP003,WH04,14-12-2025,30-12-2025,30-12-2025,1902,1902,10.16,19324.32,Delivered,0
PO001280,PROD0037,SUP004,WH04,12-01-2025,03-02-2025,04-02-2025,492,492,49.86,24531.12,Delivered,1
PO001281,PROD0037,SUP004,WH04,22-02-2025,16-03-2025,29-03-2025,492,492,49.86,24531.12,Delivered,13
PO001282,PROD0037,SUP004,WH04,06-04-2025,28-04-2025,28-04-2025,492,492,49.86,24531.12,Delivered,0
PO001283,PROD0037,SUP004,WH04,06-05-2025,28-05-2025,29-05-2025,492,492,49.86,24531.12,Delivered,1
PO001284,PROD0037,SUP004,WH04,05-06-2025,27-06-2025,28-06-2025,492,492,49.86,24531.12,Delivered,1
PO001285,PROD0037,SUP004,WH04,06-07-2025,28-07-2025,29-07-2025,492,492,49.86,24531.12,Delivered,1
PO001286,PROD0037,SUP004,WH04,07-08-2025,29-08-2025,31-08-2025,492,492,49.86,24531.12,Delivered,2
PO001287,PROD0037,SUP004,WH04,09-09-2025,01-10-2025,01-10-2025,492,492,49.86,24531.12,Delivered,0
PO001288,PROD0037,SUP004,WH04,16-10-2025,07-11-2025,16-11-2025,492,492,49.86,24531.12,Delivered,9
PO001289,PROD0037,SUP004,WH04,01-12-2025,23-12-2025,27-12-2025,492,492,49.86,24531.12,Delivered,4
PO001290,PROD0037,SUP004,WH01,02-01-2025,24-01-2025,31-01-2025,529,529,49.86,26375.94,Delivered,7
PO001291,PROD0037,SUP004,WH01,12-02-2025,06-03-2025,08-03-2025,529,529,49.86,26375.94,Delivered,2
PO001292,PROD0037,SUP004,WH01,21-03-2025,12-04-2025,24-04-2025,529,529,49.86,26375.94,Delivered,12
PO001293,PROD0037,SUP004,WH01,02-05-2025,24-05-2025,25-05-2025,529,529,49.86,26375.94,Delivered,1
PO001294,PROD0037,SUP004,WH01,31-05-2025,22-06-2025,23-06-2025,529,529,49.86,26375.94,Delivered,1
PO001295,PROD0037,SUP004,WH01,30-06-2025,22-07-2025,02-08-2025,529,529,49.86,26375.94,Delivered,11
PO001296,PROD0037,SUP004,WH01,13-08-2025,04-09-2025,04-09-2025,529,529,49.86,26375.94,Delivered,0
PO001297,PROD0037,SUP004,WH01,15-09-2025,07-10-2025,09-10-2025,529,458,49.86,26375.94,Partial - Defect/Shortage,2
PO001298,PROD0037,SUP004,WH01,18-10-2025,09-11-2025,11-11-2025,529,529,49.86,26375.94,Delivered,2
PO001299,PROD0037,SUP004,WH01,01-12-2025,23-12-2025,25-12-2025,529,529,49.86,26375.94,Delivered,2
PO001300,PROD0038,SUP001,WH04,02-01-2025,18-01-2025,18-01-2025,418,418,29.19,12201.42,Delivered,0
PO001301,PROD0038,SUP001,WH04,13-02-2025,01-03-2025,02-03-2025,418,418,29.19,12201.42,Delivered,1
PO001302,PROD0038,SUP001,WH04,30-03-2025,15-04-2025,15-04-2025,418,418,29.19,12201.42,Delivered,0
PO001303,PROD0038,SUP001,WH04,07-05-2025,23-05-2025,25-05-2025,418,418,29.19,12201.42,Delivered,2
PO001304,PROD0038,SUP001,WH04,13-06-2025,29-06-2025,29-06-2025,418,418,29.19,12201.42,Delivered,0
PO001305,PROD0038,SUP001,WH04,18-07-2025,03-08-2025,04-08-2025,418,418,29.19,12201.42,Delivered,1
PO001306,PROD0038,SUP001,WH04,21-08-2025,06-09-2025,06-09-2025,418,418,29.19,12201.42,Delivered,0
PO001307,PROD0038,SUP001,WH04,24-09-2025,10-10-2025,10-10-2025,418,418,29.19,12201.42,Delivered,0
PO001308,PROD0038,SUP001,WH04,24-10-2025,09-11-2025,10-11-2025,418,418,29.19,12201.42,Delivered,1
PO001309,PROD0038,SUP001,WH04,22-11-2025,08-12-2025,10-12-2025,418,418,29.19,12201.42,Delivered,2
PO001310,PROD0038,SUP001,WH04,18-12-2025,03-01-2026,03-01-2026,418,418,29.19,12201.42,Delivered,0
PO001311,PROD0038,SUP001,WH04,19-12-2025,04-01-2026,04-01-2026,418,418,29.19,12201.42,Delivered,0
PO001312,PROD0038,SUP001,WH04,20-12-2025,05-01-2026,07-01-2026,418,418,29.19,12201.42,Delivered,2
PO001313,PROD0038,SUP001,WH04,21-12-2025,06-01-2026,08-01-2026,418,418,29.19,12201.42,Delivered,2
PO001314,PROD0038,SUP001,WH04,22-12-2025,07-01-2026,07-01-2026,418,418,29.19,12201.42,Delivered,0
PO001315,PROD0038,SUP001,WH04,23-12-2025,08-01-2026,08-01-2026,418,418,29.19,12201.42,Delivered,0
PO001316,PROD0038,SUP001,WH04,24-12-2025,09-01-2026,09-01-2026,418,418,29.19,12201.42,Delivered,0
PO001317,PROD0038,SUP001,WH04,25-12-2025,10-01-2026,12-01-2026,418,386,29.19,12201.42,Partial - Defect/Shortage,2
PO001318,PROD0038,SUP001,WH04,26-12-2025,11-01-2026,12-01-2026,418,418,29.19,12201.42,Delivered,1
PO001319,PROD0038,SUP001,WH04,27-12-2025,12-01-2026,12-01-2026,418,418,29.19,12201.42,Delivered,0
PO001320,PROD0038,SUP001,WH04,28-12-2025,13-01-2026,13-01-2026,418,418,29.19,12201.42,Delivered,0
PO001321,PROD0038,SUP001,WH04,29-12-2025,14-01-2026,15-01-2026,418,418,29.19,12201.42,Delivered,1
PO001322,PROD0038,SUP001,WH04,30-12-2025,15-01-2026,16-01-2026,418,418,29.19,12201.42,Delivered,1
PO001323,PROD0038,SUP001,WH04,31-12-2025,16-01-2026,25-01-2026,418,418,29.19,12201.42,Delivered,9
PO001324,PROD0038,SUP001,WH01,09-01-2025,25-01-2025,27-01-2025,501,501,29.19,14624.19,Delivered,2
PO001325,PROD0038,SUP001,WH01,19-02-2025,07-03-2025,09-03-2025,501,501,29.19,14624.19,Delivered,2
PO001326,PROD0038,SUP001,WH01,02-04-2025,18-04-2025,18-04-2025,501,501,29.19,14624.19,Delivered,0
PO001327,PROD0038,SUP001,WH01,11-05-2025,27-05-2025,28-05-2025,501,444,29.19,14624.19,Partial - Defect/Shortage,1
PO001328,PROD0038,SUP001,WH01,14-06-2025,30-06-2025,02-07-2025,501,501,29.19,14624.19,Delivered,2
PO001329,PROD0038,SUP001,WH01,22-07-2025,07-08-2025,08-08-2025,501,501,29.19,14624.19,Delivered,1
PO001330,PROD0038,SUP001,WH01,27-08-2025,12-09-2025,12-09-2025,501,501,29.19,14624.19,Delivered,0
PO001331,PROD0038,SUP001,WH01,01-10-2025,17-10-2025,18-10-2025,501,501,29.19,14624.19,Delivered,1
PO001332,PROD0038,SUP001,WH01,02-11-2025,18-11-2025,19-11-2025,501,501,29.19,14624.19,Delivered,1
PO001333,PROD0038,SUP001,WH01,30-11-2025,16-12-2025,16-12-2025,501,501,29.19,14624.19,Delivered,0
PO001334,PROD0038,SUP001,WH01,26-12-2025,11-01-2026,11-01-2026,501,501,29.19,14624.19,Delivered,0
PO001335,PROD0038,SUP001,WH01,27-12-2025,12-01-2026,13-01-2026,501,501,29.19,14624.19,Delivered,1
PO001336,PROD0038,SUP001,WH01,28-12-2025,13-01-2026,21-01-2026,501,501,29.19,14624.19,Delivered,8
PO001337,PROD0038,SUP001,WH01,29-12-2025,14-01-2026,14-01-2026,501,501,29.19,14624.19,Delivered,0
PO001338,PROD0038,SUP001,WH01,30-12-2025,15-01-2026,15-01-2026,501,501,29.19,14624.19,Delivered,0
PO001339,PROD0038,SUP001,WH01,31-12-2025,16-01-2026,18-01-2026,501,501,29.19,14624.19,Delivered,2
PO001340,PROD0038,SUP001,WH02,14-01-2025,30-01-2025,03-02-2025,548,548,29.19,15996.12,Delivered,4
PO001341,PROD0038,SUP001,WH02,26-02-2025,14-03-2025,15-03-2025,548,548,29.19,15996.12,Delivered,1
PO001342,PROD0038,SUP001,WH02,07-04-2025,23-04-2025,25-04-2025,548,548,29.19,15996.12,Delivered,2
PO001343,PROD0038,SUP001,WH02,15-05-2025,31-05-2025,31-05-2025,548,548,29.19,15996.12,Delivered,0
PO001344,PROD0038,SUP001,WH02,21-06-2025,07-07-2025,09-07-2025,548,548,29.19,15996.12,Delivered,2
PO001345,PROD0038,SUP001,WH02,26-07-2025,11-08-2025,13-08-2025,548,548,29.19,15996.12,Delivered,2
PO001346,PROD0038,SUP001,WH02,31-08-2025,16-09-2025,28-09-2025,548,548,29.19,15996.12,Delivered,12
PO001347,PROD0038,SUP001,WH02,12-10-2025,28-10-2025,30-10-2025,548,548,29.19,15996.12,Delivered,2
PO001348,PROD0038,SUP001,WH02,10-11-2025,26-11-2025,28-11-2025,548,548,29.19,15996.12,Delivered,2
PO001349,PROD0038,SUP001,WH02,07-12-2025,23-12-2025,23-12-2025,548,548,29.19,15996.12,Delivered,0
PO001350,PROD0038,SUP001,WH02,31-12-2025,16-01-2026,17-01-2026,548,485,29.19,15996.12,Partial - Defect/Shortage,1
PO001351,PROD0038,SUP001,WH03,11-01-2025,27-01-2025,29-01-2025,355,355,29.19,10362.45,Delivered,2
PO001352,PROD0038,SUP001,WH03,22-02-2025,10-03-2025,14-03-2025,355,355,29.19,10362.45,Delivered,4
PO001353,PROD0038,SUP001,WH03,03-04-2025,19-04-2025,21-04-2025,355,355,29.19,10362.45,Delivered,2
PO001354,PROD0038,SUP001,WH03,13-05-2025,29-05-2025,30-05-2025,355,355,29.19,10362.45,Delivered,1
PO001355,PROD0038,SUP001,WH03,16-06-2025,02-07-2025,04-07-2025,355,355,29.19,10362.45,Delivered,2
PO001356,PROD0038,SUP001,WH03,24-07-2025,09-08-2025,11-08-2025,355,355,29.19,10362.45,Delivered,2
PO001357,PROD0038,SUP001,WH03,28-08-2025,13-09-2025,15-09-2025,355,355,29.19,10362.45,Delivered,2
PO001358,PROD0038,SUP001,WH03,03-10-2025,19-10-2025,19-10-2025,355,355,29.19,10362.45,Delivered,0
PO001359,PROD0038,SUP001,WH03,02-11-2025,18-11-2025,20-11-2025,355,355,29.19,10362.45,Delivered,2
PO001360,PROD0038,SUP001,WH03,01-12-2025,17-12-2025,18-12-2025,355,332,29.19,10362.45,Partial - Defect/Shortage,1
PO001361,PROD0038,SUP001,WH03,26-12-2025,11-01-2026,12-01-2026,355,355,29.19,10362.45,Delivered,1
PO001362,PROD0038,SUP001,WH03,27-12-2025,12-01-2026,22-01-2026,355,355,29.19,10362.45,Delivered,10
PO001363,PROD0038,SUP001,WH03,28-12-2025,13-01-2026,18-01-2026,355,355,29.19,10362.45,Delivered,5
PO001364,PROD0038,SUP001,WH03,29-12-2025,14-01-2026,14-01-2026,355,355,29.19,10362.45,Delivered,0
PO001365,PROD0038,SUP001,WH03,30-12-2025,15-01-2026,15-01-2026,355,355,29.19,10362.45,Delivered,0
PO001366,PROD0038,SUP001,WH03,31-12-2025,16-01-2026,18-01-2026,355,355,29.19,10362.45,Delivered,2
PO001367,PROD0039,SUP012,WH03,17-01-2025,04-02-2025,06-02-2025,179,179,155.5,27834.5,Delivered,2
PO001368,PROD0039,SUP012,WH03,28-02-2025,18-03-2025,18-03-2025,179,179,155.5,27834.5,Delivered,0
PO001369,PROD0039,SUP012,WH03,08-04-2025,26-04-2025,26-04-2025,179,179,155.5,27834.5,Delivered,0
PO001370,PROD0039,SUP012,WH03,15-05-2025,02-06-2025,03-06-2025,179,179,155.5,27834.5,Delivered,1
PO001371,PROD0039,SUP012,WH03,22-06-2025,10-07-2025,10-07-2025,179,179,155.5,27834.5,Delivered,0
PO001372,PROD0039,SUP012,WH03,28-07-2025,15-08-2025,25-08-2025,179,179,155.5,27834.5,Delivered,10
PO001373,PROD0039,SUP012,WH03,08-09-2025,26-09-2025,26-09-2025,179,179,155.5,27834.5,Delivered,0
PO001374,PROD0039,SUP012,WH03,10-10-2025,28-10-2025,06-11-2025,179,165,155.5,27834.5,Partial - Defect/Shortage,9
PO001375,PROD0039,SUP012,WH03,13-11-2025,01-12-2025,12-12-2025,179,179,155.5,27834.5,Delivered,11
PO001376,PROD0039,SUP012,WH03,20-12-2025,07-01-2026,08-01-2026,179,179,155.5,27834.5,Delivered,1
PO001377,PROD0039,SUP012,WH03,21-12-2025,08-01-2026,08-01-2026,179,179,155.5,27834.5,Delivered,0
PO001378,PROD0039,SUP012,WH03,22-12-2025,09-01-2026,10-01-2026,179,179,155.5,27834.5,Delivered,1
PO001379,PROD0039,SUP012,WH03,23-12-2025,10-01-2026,11-01-2026,179,179,155.5,27834.5,Delivered,1
PO001380,PROD0039,SUP012,WH03,24-12-2025,11-01-2026,12-01-2026,179,179,155.5,27834.5,Delivered,1
PO001381,PROD0039,SUP012,WH03,25-12-2025,12-01-2026,23-01-2026,179,179,155.5,27834.5,Delivered,11
PO001382,PROD0039,SUP012,WH03,26-12-2025,13-01-2026,19-01-2026,179,179,155.5,27834.5,Delivered,6
PO001383,PROD0039,SUP012,WH03,27-12-2025,14-01-2026,24-01-2026,179,179,155.5,27834.5,Delivered,10
PO001384,PROD0039,SUP012,WH03,28-12-2025,15-01-2026,28-01-2026,179,179,155.5,27834.5,Delivered,13
PO001385,PROD0039,SUP012,WH03,29-12-2025,16-01-2026,23-01-2026,179,160,155.5,27834.5,Partial - Defect/Shortage,7
PO001386,PROD0039,SUP012,WH03,30-12-2025,17-01-2026,27-01-2026,179,179,155.5,27834.5,Delivered,10
PO001387,PROD0039,SUP012,WH03,31-12-2025,18-01-2026,24-01-2026,179,179,155.5,27834.5,Delivered,6
PO001388,PROD0039,SUP012,WH01,08-01-2025,26-01-2025,03-02-2025,200,200,155.5,31100,Delivered,8
PO001389,PROD0039,SUP012,WH01,22-02-2025,12-03-2025,12-03-2025,200,200,155.5,31100,Delivered,0
PO001390,PROD0039,SUP012,WH01,03-04-2025,21-04-2025,30-04-2025,200,200,155.5,31100,Delivered,9
PO001391,PROD0039,SUP012,WH01,16-05-2025,03-06-2025,14-06-2025,200,200,155.5,31100,Delivered,11
PO001392,PROD0039,SUP012,WH01,30-06-2025,18-07-2025,19-07-2025,200,200,155.5,31100,Delivered,1
PO001393,PROD0039,SUP012,WH01,05-08-2025,23-08-2025,27-08-2025,200,200,155.5,31100,Delivered,4
PO001394,PROD0039,SUP012,WH01,10-09-2025,28-09-2025,10-10-2025,200,200,155.5,31100,Delivered,12
PO001395,PROD0039,SUP012,WH01,25-10-2025,12-11-2025,15-11-2025,200,200,155.5,31100,Delivered,3
PO001396,PROD0039,SUP012,WH01,25-11-2025,13-12-2025,19-12-2025,200,200,155.5,31100,Delivered,6
PO001397,PROD0039,SUP012,WH01,26-12-2025,13-01-2026,14-01-2026,200,200,155.5,31100,Delivered,1
PO001398,PROD0039,SUP012,WH01,27-12-2025,14-01-2026,21-01-2026,200,200,155.5,31100,Delivered,7
PO001399,PROD0039,SUP012,WH01,28-12-2025,15-01-2026,20-01-2026,200,200,155.5,31100,Delivered,5
PO001400,PROD0039,SUP012,WH01,29-12-2025,16-01-2026,17-01-2026,200,200,155.5,31100,Delivered,1
PO001401,PROD0039,SUP012,WH01,30-12-2025,17-01-2026,19-01-2026,200,200,155.5,31100,Delivered,2
PO001402,PROD0039,SUP012,WH01,31-12-2025,18-01-2026,19-01-2026,200,200,155.5,31100,Delivered,1
PO001403,PROD0040,SUP011,WH03,10-01-2025,23-01-2025,24-01-2025,666,666,57.63,38381.58,Delivered,1
PO001404,PROD0040,SUP011,WH03,17-02-2025,02-03-2025,02-03-2025,666,666,57.63,38381.58,Delivered,0
PO001405,PROD0040,SUP011,WH03,24-03-2025,06-04-2025,17-04-2025,666,666,57.63,38381.58,Delivered,11
PO001406,PROD0040,SUP011,WH03,05-05-2025,18-05-2025,21-05-2025,666,666,57.63,38381.58,Delivered,3
PO001407,PROD0040,SUP011,WH03,05-06-2025,18-06-2025,18-06-2025,666,666,57.63,38381.58,Delivered,0
PO001408,PROD0040,SUP011,WH03,10-07-2025,23-07-2025,23-07-2025,666,666,57.63,38381.58,Delivered,0
PO001409,PROD0040,SUP011,WH03,13-08-2025,26-08-2025,26-08-2025,666,629,57.63,38381.58,Partial - Defect/Shortage,0
PO001410,PROD0040,SUP011,WH03,07-09-2025,20-09-2025,21-09-2025,666,666,57.63,38381.58,Delivered,1
PO001411,PROD0040,SUP011,WH03,06-10-2025,19-10-2025,19-10-2025,666,666,57.63,38381.58,Delivered,0
PO001412,PROD0040,SUP011,WH03,08-11-2025,21-11-2025,21-11-2025,666,666,57.63,38381.58,Delivered,0
PO001413,PROD0040,SUP011,WH03,08-12-2025,21-12-2025,22-12-2025,666,666,57.63,38381.58,Delivered,1
PO001414,PROD0040,SUP011,WH04,13-01-2025,26-01-2025,27-01-2025,638,638,57.63,36767.94,Delivered,1
PO001415,PROD0040,SUP011,WH04,18-02-2025,03-03-2025,03-03-2025,638,638,57.63,36767.94,Delivered,0
PO001416,PROD0040,SUP011,WH04,20-03-2025,02-04-2025,02-04-2025,638,638,57.63,36767.94,Delivered,0
PO001417,PROD0040,SUP011,WH04,21-04-2025,04-05-2025,12-05-2025,638,638,57.63,36767.94,Delivered,8
PO001418,PROD0040,SUP011,WH04,28-05-2025,10-06-2025,17-06-2025,638,638,57.63,36767.94,Delivered,7
PO001419,PROD0040,SUP011,WH04,07-07-2025,20-07-2025,27-07-2025,638,638,57.63,36767.94,Delivered,7
PO001420,PROD0040,SUP011,WH04,14-08-2025,27-08-2025,28-08-2025,638,638,57.63,36767.94,Delivered,1
PO001421,PROD0040,SUP011,WH04,12-09-2025,25-09-2025,25-09-2025,638,638,57.63,36767.94,Delivered,0
PO001422,PROD0040,SUP011,WH04,19-10-2025,01-11-2025,04-11-2025,638,638,57.63,36767.94,Delivered,3
PO001423,PROD0040,SUP011,WH04,21-11-2025,04-12-2025,07-12-2025,638,638,57.63,36767.94,Delivered,3
PO001424,PROD0040,SUP011,WH04,21-12-2025,03-01-2026,05-01-2026,638,638,57.63,36767.94,Delivered,2
PO001425,PROD0040,SUP011,WH04,22-12-2025,04-01-2026,05-01-2026,638,638,57.63,36767.94,Delivered,1
PO001426,PROD0040,SUP011,WH04,23-12-2025,05-01-2026,05-01-2026,638,638,57.63,36767.94,Delivered,0
PO001427,PROD0040,SUP011,WH04,24-12-2025,06-01-2026,08-01-2026,638,638,57.63,36767.94,Delivered,2
PO001428,PROD0040,SUP011,WH04,25-12-2025,07-01-2026,18-01-2026,638,638,57.63,36767.94,Delivered,11
PO001429,PROD0040,SUP011,WH04,26-12-2025,08-01-2026,12-01-2026,638,638,57.63,36767.94,Delivered,4
PO001430,PROD0040,SUP011,WH04,27-12-2025,09-01-2026,10-01-2026,638,638,57.63,36767.94,Delivered,1
PO001431,PROD0040,SUP011,WH04,28-12-2025,10-01-2026,12-01-2026,638,638,57.63,36767.94,Delivered,2
PO001432,PROD0040,SUP011,WH04,29-12-2025,11-01-2026,23-01-2026,638,638,57.63,36767.94,Delivered,12
PO001433,PROD0040,SUP011,WH04,30-12-2025,12-01-2026,13-01-2026,638,638,57.63,36767.94,Delivered,1
PO001434,PROD0040,SUP011,WH04,31-12-2025,13-01-2026,15-01-2026,638,638,57.63,36767.94,Delivered,2
PO001435,PROD0040,SUP011,WH02,06-01-2025,19-01-2025,19-01-2025,672,672,57.63,38727.36,Delivered,0
PO001436,PROD0040,SUP011,WH02,10-02-2025,23-02-2025,24-02-2025,672,672,57.63,38727.36,Delivered,1
PO001437,PROD0040,SUP011,WH02,16-03-2025,29-03-2025,29-03-2025,672,672,57.63,38727.36,Delivered,0
PO001438,PROD0040,SUP011,WH02,14-04-2025,27-04-2025,28-04-2025,672,672,57.63,38727.36,Delivered,1
PO001439,PROD0040,SUP011,WH02,14-05-2025,27-05-2025,28-05-2025,672,672,57.63,38727.36,Delivered,1
PO001440,PROD0040,SUP011,WH02,17-06-2025,30-06-2025,30-06-2025,672,672,57.63,38727.36,Delivered,0
PO001441,PROD0040,SUP011,WH02,31-07-2025,13-08-2025,15-08-2025,672,672,57.63,38727.36,Delivered,2
PO001442,PROD0040,SUP011,WH02,31-08-2025,13-09-2025,15-09-2025,672,672,57.63,38727.36,Delivered,2
PO001443,PROD0040,SUP011,WH02,28-09-2025,11-10-2025,11-10-2025,672,672,57.63,38727.36,Delivered,0
PO001444,PROD0040,SUP011,WH02,31-10-2025,13-11-2025,13-11-2025,672,672,57.63,38727.36,Delivered,0
PO001445,PROD0040,SUP011,WH02,04-12-2025,17-12-2025,19-12-2025,672,672,57.63,38727.36,Delivered,2
PO001446,PROD0041,SUP004,WH04,16-01-2025,07-02-2025,07-02-2025,348,348,65.82,22905.36,Delivered,0
PO001447,PROD0041,SUP004,WH04,26-02-2025,20-03-2025,22-03-2025,348,348,65.82,22905.36,Delivered,2
PO001448,PROD0041,SUP004,WH04,05-04-2025,27-04-2025,01-05-2025,348,348,65.82,22905.36,Delivered,4
PO001449,PROD0041,SUP004,WH04,13-05-2025,04-06-2025,06-06-2025,348,348,65.82,22905.36,Delivered,2
PO001450,PROD0041,SUP004,WH04,22-06-2025,14-07-2025,16-07-2025,348,348,65.82,22905.36,Delivered,2
PO001451,PROD0041,SUP004,WH04,31-07-2025,22-08-2025,04-09-2025,348,348,65.82,22905.36,Delivered,13
PO001452,PROD0041,SUP004,WH04,14-09-2025,06-10-2025,06-10-2025,348,348,65.82,22905.36,Delivered,0
PO001453,PROD0041,SUP004,WH04,15-10-2025,06-11-2025,06-11-2025,348,348,65.82,22905.36,Delivered,0
PO001454,PROD0041,SUP004,WH04,10-11-2025,02-12-2025,02-12-2025,348,348,65.82,22905.36,Delivered,0
PO001455,PROD0041,SUP004,WH04,06-12-2025,28-12-2025,28-12-2025,348,348,65.82,22905.36,Delivered,0
PO001456,PROD0041,SUP004,WH02,19-01-2025,10-02-2025,23-02-2025,592,592,65.82,38965.44,Delivered,13
PO001457,PROD0041,SUP004,WH02,05-03-2025,27-03-2025,29-03-2025,592,592,65.82,38965.44,Delivered,2
PO001458,PROD0041,SUP004,WH02,18-04-2025,10-05-2025,23-05-2025,592,592,65.82,38965.44,Delivered,13
PO001459,PROD0041,SUP004,WH02,04-06-2025,26-06-2025,28-06-2025,592,506,65.82,38965.44,Partial - Defect/Shortage,2
PO001460,PROD0041,SUP004,WH02,03-07-2025,25-07-2025,26-07-2025,592,592,65.82,38965.44,Delivered,1
PO001461,PROD0041,SUP004,WH02,08-08-2025,30-08-2025,01-09-2025,592,592,65.82,38965.44,Delivered,2
PO001462,PROD0041,SUP004,WH02,12-09-2025,04-10-2025,04-10-2025,592,592,65.82,38965.44,Delivered,0
PO001463,PROD0041,SUP004,WH02,15-10-2025,06-11-2025,11-11-2025,592,592,65.82,38965.44,Delivered,5
PO001464,PROD0041,SUP004,WH02,16-11-2025,08-12-2025,10-12-2025,592,592,65.82,38965.44,Delivered,2
PO001465,PROD0041,SUP004,WH02,16-12-2025,07-01-2026,21-01-2026,592,592,65.82,38965.44,Delivered,14
PO001466,PROD0041,SUP004,WH02,17-12-2025,08-01-2026,09-01-2026,592,548,65.82,38965.44,Partial - Defect/Shortage,1
PO001467,PROD0041,SUP004,WH02,18-12-2025,09-01-2026,11-01-2026,592,592,65.82,38965.44,Delivered,2
PO001468,PROD0041,SUP004,WH02,19-12-2025,10-01-2026,10-01-2026,592,592,65.82,38965.44,Delivered,0
PO001469,PROD0041,SUP004,WH02,20-12-2025,11-01-2026,23-01-2026,592,592,65.82,38965.44,Delivered,12
PO001470,PROD0041,SUP004,WH02,21-12-2025,12-01-2026,22-01-2026,592,592,65.82,38965.44,Delivered,10
PO001471,PROD0041,SUP004,WH02,22-12-2025,13-01-2026,26-01-2026,592,592,65.82,38965.44,Delivered,13
PO001472,PROD0041,SUP004,WH02,23-12-2025,14-01-2026,16-01-2026,592,592,65.82,38965.44,Delivered,2
PO001473,PROD0041,SUP004,WH02,24-12-2025,15-01-2026,26-01-2026,592,592,65.82,38965.44,Delivered,11
PO001474,PROD0041,SUP004,WH02,25-12-2025,16-01-2026,17-01-2026,592,592,65.82,38965.44,Delivered,1
PO001475,PROD0041,SUP004,WH02,26-12-2025,17-01-2026,19-01-2026,592,592,65.82,38965.44,Delivered,2
PO001476,PROD0041,SUP004,WH02,27-12-2025,18-01-2026,26-01-2026,592,503,65.82,38965.44,Partial - Defect/Shortage,8
PO001477,PROD0041,SUP004,WH02,28-12-2025,19-01-2026,21-01-2026,592,592,65.82,38965.44,Delivered,2
PO001478,PROD0041,SUP004,WH02,29-12-2025,20-01-2026,22-01-2026,592,592,65.82,38965.44,Delivered,2
PO001479,PROD0041,SUP004,WH02,30-12-2025,21-01-2026,29-01-2026,592,592,65.82,38965.44,Delivered,8
PO001480,PROD0041,SUP004,WH02,31-12-2025,22-01-2026,23-01-2026,592,592,65.82,38965.44,Delivered,1
PO001481,PROD0041,SUP004,WH03,07-01-2025,29-01-2025,30-01-2025,591,591,65.82,38899.62,Delivered,1
PO001482,PROD0041,SUP004,WH03,16-02-2025,10-03-2025,12-03-2025,591,591,65.82,38899.62,Delivered,2
PO001483,PROD0041,SUP004,WH03,28-03-2025,19-04-2025,21-04-2025,591,591,65.82,38899.62,Delivered,2
PO001484,PROD0041,SUP004,WH03,03-05-2025,25-05-2025,26-05-2025,591,568,65.82,38899.62,Partial - Defect/Shortage,1
PO001485,PROD0041,SUP004,WH03,09-06-2025,01-07-2025,02-07-2025,591,591,65.82,38899.62,Delivered,1
PO001486,PROD0041,SUP004,WH03,19-07-2025,10-08-2025,24-08-2025,591,591,65.82,38899.62,Delivered,14
PO001487,PROD0041,SUP004,WH03,02-09-2025,24-09-2025,25-09-2025,591,591,65.82,38899.62,Delivered,1
PO001488,PROD0041,SUP004,WH03,04-10-2025,26-10-2025,26-10-2025,591,591,65.82,38899.62,Delivered,0
PO001489,PROD0041,SUP004,WH03,02-11-2025,24-11-2025,25-11-2025,591,591,65.82,38899.62,Delivered,1
PO001490,PROD0041,SUP004,WH03,30-11-2025,22-12-2025,24-12-2025,591,591,65.82,38899.62,Delivered,2
PO001491,PROD0041,SUP004,WH03,30-12-2025,21-01-2026,22-01-2026,591,591,65.82,38899.62,Delivered,1
PO001492,PROD0041,SUP004,WH03,31-12-2025,22-01-2026,22-01-2026,591,591,65.82,38899.62,Delivered,0
PO001493,PROD0041,SUP004,WH01,14-01-2025,05-02-2025,07-02-2025,412,412,65.82,27117.84,Delivered,2
PO001494,PROD0041,SUP004,WH01,23-02-2025,17-03-2025,17-03-2025,412,412,65.82,27117.84,Delivered,0
PO001495,PROD0041,SUP004,WH01,06-04-2025,28-04-2025,28-04-2025,412,412,65.82,27117.84,Delivered,0
PO001496,PROD0041,SUP004,WH01,14-05-2025,05-06-2025,06-06-2025,412,412,65.82,27117.84,Delivered,1
PO001497,PROD0041,SUP004,WH01,16-06-2025,08-07-2025,11-07-2025,412,412,65.82,27117.84,Delivered,3
PO001498,PROD0041,SUP004,WH01,24-07-2025,15-08-2025,29-08-2025,412,412,65.82,27117.84,Delivered,14
PO001499,PROD0041,SUP004,WH01,10-09-2025,02-10-2025,03-10-2025,412,412,65.82,27117.84,Delivered,1
PO001500,PROD0041,SUP004,WH01,13-10-2025,04-11-2025,04-11-2025,412,412,65.82,27117.84,Delivered,0
PO001501,PROD0041,SUP004,WH01,10-11-2025,02-12-2025,09-12-2025,412,412,65.82,27117.84,Delivered,7
PO001502,PROD0041,SUP004,WH01,14-12-2025,05-01-2026,05-01-2026,412,412,65.82,27117.84,Delivered,0
PO001503,PROD0041,SUP004,WH01,15-12-2025,06-01-2026,06-01-2026,412,412,65.82,27117.84,Delivered,0
PO001504,PROD0041,SUP004,WH01,16-12-2025,07-01-2026,07-01-2026,412,412,65.82,27117.84,Delivered,0
PO001505,PROD0041,SUP004,WH01,17-12-2025,08-01-2026,08-01-2026,412,412,65.82,27117.84,Delivered,0
PO001506,PROD0041,SUP004,WH01,18-12-2025,09-01-2026,19-01-2026,412,412,65.82,27117.84,Delivered,10
PO001507,PROD0041,SUP004,WH01,19-12-2025,10-01-2026,10-01-2026,412,412,65.82,27117.84,Delivered,0
PO001508,PROD0041,SUP004,WH01,20-12-2025,11-01-2026,13-01-2026,412,412,65.82,27117.84,Delivered,2
PO001509,PROD0041,SUP004,WH01,21-12-2025,12-01-2026,23-01-2026,412,412,65.82,27117.84,Delivered,11
PO001510,PROD0041,SUP004,WH01,22-12-2025,13-01-2026,15-01-2026,412,412,65.82,27117.84,Delivered,2
PO001511,PROD0041,SUP004,WH01,23-12-2025,14-01-2026,15-01-2026,412,412,65.82,27117.84,Delivered,1
PO001512,PROD0041,SUP004,WH01,24-12-2025,15-01-2026,16-01-2026,412,412,65.82,27117.84,Delivered,1
PO001513,PROD0041,SUP004,WH01,25-12-2025,16-01-2026,16-01-2026,412,412,65.82,27117.84,Delivered,0
PO001514,PROD0041,SUP004,WH01,26-12-2025,17-01-2026,17-01-2026,412,412,65.82,27117.84,Delivered,0
PO001515,PROD0041,SUP004,WH01,27-12-2025,18-01-2026,22-01-2026,412,412,65.82,27117.84,Delivered,4
PO001516,PROD0041,SUP004,WH01,28-12-2025,19-01-2026,20-01-2026,412,412,65.82,27117.84,Delivered,1
PO001517,PROD0041,SUP004,WH01,29-12-2025,20-01-2026,25-01-2026,412,412,65.82,27117.84,Delivered,5
PO001518,PROD0041,SUP004,WH01,30-12-2025,21-01-2026,23-01-2026,412,412,65.82,27117.84,Delivered,2
PO001519,PROD0041,SUP004,WH01,31-12-2025,22-01-2026,01-02-2026,412,412,65.82,27117.84,Delivered,10
PO001520,PROD0042,SUP009,WH04,07-01-2025,13-01-2025,14-01-2025,967,967,2.02,1953.34,Delivered,1
PO001521,PROD0042,SUP009,WH04,11-02-2025,17-02-2025,18-02-2025,967,967,2.02,1953.34,Delivered,1
PO001522,PROD0042,SUP009,WH04,22-03-2025,28-03-2025,28-03-2025,967,967,2.02,1953.34,Delivered,0
PO001523,PROD0042,SUP009,WH04,25-04-2025,01-05-2025,02-05-2025,967,967,2.02,1953.34,Delivered,1
PO001524,PROD0042,SUP009,WH04,29-05-2025,04-06-2025,04-06-2025,967,967,2.02,1953.34,Delivered,0
PO001525,PROD0042,SUP009,WH04,03-07-2025,09-07-2025,11-07-2025,967,967,2.02,1953.34,Delivered,2
PO001526,PROD0042,SUP009,WH04,01-08-2025,07-08-2025,09-08-2025,967,967,2.02,1953.34,Delivered,2
PO001527,PROD0042,SUP009,WH04,04-09-2025,10-09-2025,12-09-2025,967,967,2.02,1953.34,Delivered,2
PO001528,PROD0042,SUP009,WH04,11-10-2025,17-10-2025,17-10-2025,967,967,2.02,1953.34,Delivered,0
PO001529,PROD0042,SUP009,WH04,15-11-2025,21-11-2025,23-11-2025,967,967,2.02,1953.34,Delivered,2
PO001530,PROD0042,SUP009,WH04,16-12-2025,22-12-2025,29-12-2025,967,967,2.02,1953.34,Delivered,7
PO001531,PROD0042,SUP009,WH02,02-01-2025,08-01-2025,08-01-2025,1075,1075,2.02,2171.5,Delivered,0
PO001532,PROD0042,SUP009,WH02,09-02-2025,15-02-2025,16-02-2025,1075,1075,2.02,2171.5,Delivered,1
PO001533,PROD0042,SUP009,WH02,21-03-2025,27-03-2025,29-03-2025,1075,1075,2.02,2171.5,Delivered,2
PO001534,PROD0042,SUP009,WH02,23-04-2025,29-04-2025,29-04-2025,1075,1075,2.02,2171.5,Delivered,0
PO001535,PROD0042,SUP009,WH02,30-05-2025,05-06-2025,12-06-2025,1075,1075,2.02,2171.5,Delivered,7
PO001536,PROD0042,SUP009,WH02,07-07-2025,13-07-2025,15-07-2025,1075,1075,2.02,2171.5,Delivered,2
PO001537,PROD0042,SUP009,WH02,11-08-2025,17-08-2025,17-08-2025,1075,1075,2.02,2171.5,Delivered,0
PO001538,PROD0042,SUP009,WH02,13-09-2025,19-09-2025,19-09-2025,1075,1075,2.02,2171.5,Delivered,0
PO001539,PROD0042,SUP009,WH02,18-10-2025,24-10-2025,26-10-2025,1075,1075,2.02,2171.5,Delivered,2
PO001540,PROD0042,SUP009,WH02,28-11-2025,04-12-2025,04-12-2025,1075,1075,2.02,2171.5,Delivered,0
PO001541,PROD0042,SUP009,WH02,25-12-2025,31-12-2025,02-01-2026,1075,1075,2.02,2171.5,Delivered,2
PO001542,PROD0042,SUP009,WH02,26-12-2025,01-01-2026,03-01-2026,1075,1075,2.02,2171.5,Delivered,2
PO001543,PROD0042,SUP009,WH02,27-12-2025,02-01-2026,02-01-2026,1075,1075,2.02,2171.5,Delivered,0
PO001544,PROD0042,SUP009,WH02,28-12-2025,03-01-2026,05-01-2026,1075,1075,2.02,2171.5,Delivered,2
PO001545,PROD0042,SUP009,WH02,29-12-2025,04-01-2026,05-01-2026,1075,1075,2.02,2171.5,Delivered,1
PO001546,PROD0042,SUP009,WH02,30-12-2025,05-01-2026,05-01-2026,1075,1075,2.02,2171.5,Delivered,0
PO001547,PROD0042,SUP009,WH02,31-12-2025,06-01-2026,14-01-2026,1075,1075,2.02,2171.5,Delivered,8
PO001548,PROD0042,SUP009,WH03,03-01-2025,09-01-2025,11-01-2025,814,814,2.02,1644.28,Delivered,2
PO001549,PROD0042,SUP009,WH03,06-02-2025,12-02-2025,12-02-2025,814,814,2.02,1644.28,Delivered,0
PO001550,PROD0042,SUP009,WH03,09-03-2025,15-03-2025,17-03-2025,814,814,2.02,1644.28,Delivered,2
PO001551,PROD0042,SUP009,WH03,16-04-2025,22-04-2025,22-04-2025,814,814,2.02,1644.28,Delivered,0
PO001552,PROD0042,SUP009,WH03,27-05-2025,02-06-2025,03-06-2025,814,814,2.02,1644.28,Delivered,1
PO001553,PROD0042,SUP009,WH03,02-07-2025,08-07-2025,08-07-2025,814,814,2.02,1644.28,Delivered,0
PO001554,PROD0042,SUP009,WH03,04-08-2025,10-08-2025,11-08-2025,814,814,2.02,1644.28,Delivered,1
PO001555,PROD0042,SUP009,WH03,12-09-2025,18-09-2025,19-09-2025,814,814,2.02,1644.28,Delivered,1
PO001556,PROD0042,SUP009,WH03,17-10-2025,23-10-2025,24-10-2025,814,814,2.02,1644.28,Delivered,1
PO001557,PROD0042,SUP009,WH03,22-11-2025,28-11-2025,30-11-2025,814,814,2.02,1644.28,Delivered,2
PO001558,PROD0042,SUP009,WH03,22-12-2025,28-12-2025,28-12-2025,814,814,2.02,1644.28,Delivered,0
PO001559,PROD0042,SUP009,WH01,03-01-2025,09-01-2025,09-01-2025,1302,1302,2.02,2630.04,Delivered,0
PO001560,PROD0042,SUP009,WH01,03-02-2025,09-02-2025,11-02-2025,1302,1302,2.02,2630.04,Delivered,2
PO001561,PROD0042,SUP009,WH01,14-03-2025,20-03-2025,21-03-2025,1302,1302,2.02,2630.04,Delivered,1
PO001562,PROD0042,SUP009,WH01,19-04-2025,25-04-2025,25-04-2025,1302,1302,2.02,2630.04,Delivered,0
PO001563,PROD0042,SUP009,WH01,23-05-2025,29-05-2025,31-05-2025,1302,1302,2.02,2630.04,Delivered,2
PO001564,PROD0042,SUP009,WH01,26-06-2025,02-07-2025,04-07-2025,1302,1302,2.02,2630.04,Delivered,2
PO001565,PROD0042,SUP009,WH01,31-07-2025,06-08-2025,07-08-2025,1302,1302,2.02,2630.04,Delivered,1
PO001566,PROD0042,SUP009,WH01,05-09-2025,11-09-2025,11-09-2025,1302,1302,2.02,2630.04,Delivered,0
PO001567,PROD0042,SUP009,WH01,11-10-2025,17-10-2025,17-10-2025,1302,1302,2.02,2630.04,Delivered,0
PO001568,PROD0042,SUP009,WH01,16-11-2025,22-11-2025,24-11-2025,1302,1302,2.02,2630.04,Delivered,2
PO001569,PROD0042,SUP009,WH01,20-12-2025,26-12-2025,26-12-2025,1302,1302,2.02,2630.04,Delivered,0
PO001570,PROD0043,SUP017,WH03,05-01-2025,13-01-2025,13-01-2025,489,489,28.5,13936.5,Delivered,0
PO001571,PROD0043,SUP017,WH03,17-02-2025,25-02-2025,25-02-2025,489,489,28.5,13936.5,Delivered,0
PO001572,PROD0043,SUP017,WH03,29-03-2025,06-04-2025,08-04-2025,489,489,28.5,13936.5,Delivered,2
PO001573,PROD0043,SUP017,WH03,06-05-2025,14-05-2025,25-05-2025,489,489,28.5,13936.5,Delivered,11
PO001574,PROD0043,SUP017,WH03,19-06-2025,27-06-2025,28-06-2025,489,489,28.5,13936.5,Delivered,1
PO001575,PROD0043,SUP017,WH03,25-07-2025,02-08-2025,02-08-2025,489,489,28.5,13936.5,Delivered,0
PO001576,PROD0043,SUP017,WH03,30-08-2025,07-09-2025,08-09-2025,489,489,28.5,13936.5,Delivered,1
PO001577,PROD0043,SUP017,WH03,01-10-2025,09-10-2025,11-10-2025,489,489,28.5,13936.5,Delivered,2
PO001578,PROD0043,SUP017,WH03,01-11-2025,09-11-2025,10-11-2025,489,489,28.5,13936.5,Delivered,1
PO001579,PROD0043,SUP017,WH03,27-11-2025,05-12-2025,05-12-2025,489,489,28.5,13936.5,Delivered,0
PO001580,PROD0043,SUP017,WH03,18-12-2025,26-12-2025,28-12-2025,489,489,28.5,13936.5,Delivered,2
PO001581,PROD0043,SUP017,WH02,01-01-2025,09-01-2025,11-01-2025,317,317,28.5,9034.5,Delivered,2
PO001582,PROD0043,SUP017,WH02,16-02-2025,24-02-2025,26-02-2025,317,317,28.5,9034.5,Delivered,2
PO001583,PROD0043,SUP017,WH02,29-03-2025,06-04-2025,06-04-2025,317,317,28.5,9034.5,Delivered,0
PO001584,PROD0043,SUP017,WH02,08-05-2025,16-05-2025,17-05-2025,317,317,28.5,9034.5,Delivered,1
PO001585,PROD0043,SUP017,WH02,19-06-2025,27-06-2025,28-06-2025,317,317,28.5,9034.5,Delivered,1
PO001586,PROD0043,SUP017,WH02,23-07-2025,31-07-2025,31-07-2025,317,317,28.5,9034.5,Delivered,0
PO001587,PROD0043,SUP017,WH02,26-08-2025,03-09-2025,05-09-2025,317,317,28.5,9034.5,Delivered,2
PO001588,PROD0043,SUP017,WH02,29-09-2025,07-10-2025,08-10-2025,317,283,28.5,9034.5,Partial - Defect/Shortage,1
PO001589,PROD0043,SUP017,WH02,26-10-2025,03-11-2025,04-11-2025,317,317,28.5,9034.5,Delivered,1
PO001590,PROD0043,SUP017,WH02,20-11-2025,28-11-2025,28-11-2025,317,317,28.5,9034.5,Delivered,0
PO001591,PROD0043,SUP017,WH02,12-12-2025,20-12-2025,22-12-2025,317,317,28.5,9034.5,Delivered,2
PO001592,PROD0043,SUP017,WH04,07-01-2025,15-01-2025,15-01-2025,374,374,28.5,10659,Delivered,0
PO001593,PROD0043,SUP017,WH04,15-02-2025,23-02-2025,25-02-2025,374,374,28.5,10659,Delivered,2
PO001594,PROD0043,SUP017,WH04,25-03-2025,02-04-2025,04-04-2025,374,374,28.5,10659,Delivered,2
PO001595,PROD0043,SUP017,WH04,07-05-2025,15-05-2025,16-05-2025,374,374,28.5,10659,Delivered,1
PO001596,PROD0043,SUP017,WH04,16-06-2025,24-06-2025,24-06-2025,374,374,28.5,10659,Delivered,0
PO001597,PROD0043,SUP017,WH04,20-07-2025,28-07-2025,09-08-2025,374,374,28.5,10659,Delivered,12
PO001598,PROD0043,SUP017,WH04,03-09-2025,11-09-2025,13-09-2025,374,374,28.5,10659,Delivered,2
PO001599,PROD0043,SUP017,WH04,03-10-2025,11-10-2025,12-10-2025,374,374,28.5,10659,Delivered,1
PO001600,PROD0043,SUP017,WH04,03-11-2025,11-11-2025,13-11-2025,374,374,28.5,10659,Delivered,2
PO001601,PROD0043,SUP017,WH04,30-11-2025,08-12-2025,10-12-2025,374,341,28.5,10659,Partial - Defect/Shortage,2
PO001602,PROD0043,SUP017,WH04,21-12-2025,29-12-2025,30-12-2025,374,374,28.5,10659,Delivered,1
PO001603,PROD0044,SUP017,WH01,07-01-2025,15-01-2025,17-01-2025,66,66,200.34,13222.44,Delivered,2
PO001604,PROD0044,SUP017,WH01,18-02-2025,26-02-2025,27-02-2025,66,66,200.34,13222.44,Delivered,1
PO001605,PROD0044,SUP017,WH01,03-04-2025,11-04-2025,12-04-2025,66,66,200.34,13222.44,Delivered,1
PO001606,PROD0044,SUP017,WH01,10-05-2025,18-05-2025,20-05-2025,66,66,200.34,13222.44,Delivered,2
PO001607,PROD0044,SUP017,WH01,14-06-2025,22-06-2025,22-06-2025,66,66,200.34,13222.44,Delivered,0
PO001608,PROD0044,SUP017,WH01,25-07-2025,02-08-2025,04-08-2025,66,66,200.34,13222.44,Delivered,2
PO001609,PROD0044,SUP017,WH01,28-08-2025,05-09-2025,06-09-2025,66,66,200.34,13222.44,Delivered,1
PO001610,PROD0044,SUP017,WH01,03-10-2025,11-10-2025,13-10-2025,66,66,200.34,13222.44,Delivered,2
PO001611,PROD0044,SUP017,WH01,02-11-2025,10-11-2025,11-11-2025,66,66,200.34,13222.44,Delivered,1
PO001612,PROD0044,SUP017,WH01,26-11-2025,04-12-2025,05-12-2025,66,66,200.34,13222.44,Delivered,1
PO001613,PROD0044,SUP017,WH01,14-12-2025,22-12-2025,23-12-2025,66,66,200.34,13222.44,Delivered,1
PO001614,PROD0044,SUP017,WH03,09-01-2025,17-01-2025,18-01-2025,59,59,200.34,11820.06,Delivered,1
PO001615,PROD0044,SUP017,WH03,20-02-2025,28-02-2025,01-03-2025,59,59,200.34,11820.06,Delivered,1
PO001616,PROD0044,SUP017,WH03,30-03-2025,07-04-2025,07-04-2025,59,59,200.34,11820.06,Delivered,0
PO001617,PROD0044,SUP017,WH03,08-05-2025,16-05-2025,17-05-2025,59,59,200.34,11820.06,Delivered,1
PO001618,PROD0044,SUP017,WH03,09-06-2025,17-06-2025,17-06-2025,59,59,200.34,11820.06,Delivered,0
PO001619,PROD0044,SUP017,WH03,10-07-2025,18-07-2025,18-07-2025,59,59,200.34,11820.06,Delivered,0
PO001620,PROD0044,SUP017,WH03,22-08-2025,30-08-2025,31-08-2025,59,59,200.34,11820.06,Delivered,1
PO001621,PROD0044,SUP017,WH03,23-09-2025,01-10-2025,02-10-2025,59,59,200.34,11820.06,Delivered,1
PO001622,PROD0044,SUP017,WH03,21-10-2025,29-10-2025,29-10-2025,59,59,200.34,11820.06,Delivered,0
PO001623,PROD0044,SUP017,WH03,17-11-2025,25-11-2025,25-11-2025,59,59,200.34,11820.06,Delivered,0
PO001624,PROD0044,SUP017,WH03,09-12-2025,17-12-2025,19-12-2025,59,59,200.34,11820.06,Delivered,2
PO001625,PROD0044,SUP017,WH02,01-01-2025,09-01-2025,09-01-2025,60,60,200.34,12020.4,Delivered,0
PO001626,PROD0044,SUP017,WH02,07-02-2025,15-02-2025,16-02-2025,60,60,200.34,12020.4,Delivered,1
PO001627,PROD0044,SUP017,WH02,24-03-2025,01-04-2025,02-04-2025,60,60,200.34,12020.4,Delivered,1
PO001628,PROD0044,SUP017,WH02,06-05-2025,14-05-2025,14-05-2025,60,60,200.34,12020.4,Delivered,0
PO001629,PROD0044,SUP017,WH02,11-06-2025,19-06-2025,20-06-2025,60,60,200.34,12020.4,Delivered,1
PO001630,PROD0044,SUP017,WH02,15-07-2025,23-07-2025,23-07-2025,60,60,200.34,12020.4,Delivered,0
PO001631,PROD0044,SUP017,WH02,19-08-2025,27-08-2025,27-08-2025,60,60,200.34,12020.4,Delivered,0
PO001632,PROD0044,SUP017,WH02,23-09-2025,01-10-2025,03-10-2025,60,60,200.34,12020.4,Delivered,2
PO001633,PROD0044,SUP017,WH02,17-10-2025,25-10-2025,27-10-2025,60,60,200.34,12020.4,Delivered,2
PO001634,PROD0044,SUP017,WH02,14-11-2025,22-11-2025,22-11-2025,60,60,200.34,12020.4,Delivered,0
PO001635,PROD0044,SUP017,WH02,08-12-2025,16-12-2025,17-12-2025,60,60,200.34,12020.4,Delivered,1
PO001636,PROD0045,SUP016,WH03,03-01-2025,08-01-2025,08-01-2025,177,177,118.51,20976.27,Delivered,0
PO001637,PROD0045,SUP016,WH03,17-02-2025,22-02-2025,22-02-2025,177,177,118.51,20976.27,Delivered,0
PO001638,PROD0045,SUP016,WH03,24-03-2025,29-03-2025,31-03-2025,177,177,118.51,20976.27,Delivered,2
PO001639,PROD0045,SUP016,WH03,22-04-2025,27-04-2025,28-04-2025,177,177,118.51,20976.27,Delivered,1
PO001640,PROD0045,SUP016,WH03,18-05-2025,23-05-2025,23-05-2025,177,177,118.51,20976.27,Delivered,0
PO001641,PROD0045,SUP016,WH03,13-06-2025,18-06-2025,20-06-2025,177,177,118.51,20976.27,Delivered,2
PO001642,PROD0045,SUP016,WH03,09-07-2025,14-07-2025,15-07-2025,177,177,118.51,20976.27,Delivered,1
PO001643,PROD0045,SUP016,WH03,08-08-2025,13-08-2025,15-08-2025,177,177,118.51,20976.27,Delivered,2
PO001644,PROD0045,SUP016,WH03,12-09-2025,17-09-2025,18-09-2025,177,177,118.51,20976.27,Delivered,1
PO001645,PROD0045,SUP016,WH03,21-10-2025,26-10-2025,27-10-2025,177,177,118.51,20976.27,Delivered,1
PO001646,PROD0045,SUP016,WH03,02-12-2025,07-12-2025,09-12-2025,177,177,118.51,20976.27,Delivered,2
PO001647,PROD0045,SUP016,WH04,03-01-2025,08-01-2025,09-01-2025,211,211,118.51,25005.61,Delivered,1
PO001648,PROD0045,SUP016,WH04,17-02-2025,22-02-2025,22-02-2025,211,211,118.51,25005.61,Delivered,0
PO001649,PROD0045,SUP016,WH04,19-03-2025,24-03-2025,25-03-2025,211,211,118.51,25005.61,Delivered,1
PO001650,PROD0045,SUP016,WH04,16-04-2025,21-04-2025,23-04-2025,211,211,118.51,25005.61,Delivered,2
PO001651,PROD0045,SUP016,WH04,14-05-2025,19-05-2025,19-05-2025,211,211,118.51,25005.61,Delivered,0
PO001652,PROD0045,SUP016,WH04,08-06-2025,13-06-2025,13-06-2025,211,211,118.51,25005.61,Delivered,0
PO001653,PROD0045,SUP016,WH04,05-07-2025,10-07-2025,12-07-2025,211,211,118.51,25005.61,Delivered,2
PO001654,PROD0045,SUP016,WH04,04-08-2025,09-08-2025,09-08-2025,211,211,118.51,25005.61,Delivered,0
PO001655,PROD0045,SUP016,WH04,06-09-2025,11-09-2025,12-09-2025,211,211,118.51,25005.61,Delivered,1
PO001656,PROD0045,SUP016,WH04,16-10-2025,21-10-2025,21-10-2025,211,211,118.51,25005.61,Delivered,0
PO001657,PROD0045,SUP016,WH04,29-11-2025,04-12-2025,11-12-2025,211,211,118.51,25005.61,Delivered,7
PO001658,PROD0045,SUP016,WH02,04-01-2025,09-01-2025,11-01-2025,137,137,118.51,16235.87,Delivered,2
PO001659,PROD0045,SUP016,WH02,17-02-2025,22-02-2025,22-02-2025,137,137,118.51,16235.87,Delivered,0
PO001660,PROD0045,SUP016,WH02,22-03-2025,27-03-2025,29-03-2025,137,137,118.51,16235.87,Delivered,2
PO001661,PROD0045,SUP016,WH02,19-04-2025,24-04-2025,25-04-2025,137,137,118.51,16235.87,Delivered,1
PO001662,PROD0045,SUP016,WH02,16-05-2025,21-05-2025,22-05-2025,137,137,118.51,16235.87,Delivered,1
PO001663,PROD0045,SUP016,WH02,12-06-2025,17-06-2025,18-06-2025,137,137,118.51,16235.87,Delivered,1
PO001664,PROD0045,SUP016,WH02,10-07-2025,15-07-2025,16-07-2025,137,137,118.51,16235.87,Delivered,1
PO001665,PROD0045,SUP016,WH02,12-08-2025,17-08-2025,19-08-2025,137,137,118.51,16235.87,Delivered,2
PO001666,PROD0045,SUP016,WH02,14-09-2025,19-09-2025,20-09-2025,137,137,118.51,16235.87,Delivered,1
PO001667,PROD0045,SUP016,WH02,21-10-2025,26-10-2025,26-10-2025,137,137,118.51,16235.87,Delivered,0
PO001668,PROD0045,SUP016,WH02,01-12-2025,06-12-2025,08-12-2025,137,137,118.51,16235.87,Delivered,2
PO001669,PROD0045,SUP016,WH01,01-01-2025,06-01-2025,06-01-2025,131,131,118.51,15524.81,Delivered,0
PO001670,PROD0045,SUP016,WH01,11-02-2025,16-02-2025,18-02-2025,131,131,118.51,15524.81,Delivered,2
PO001671,PROD0045,SUP016,WH01,20-03-2025,25-03-2025,27-03-2025,131,131,118.51,15524.81,Delivered,2
PO001672,PROD0045,SUP016,WH01,18-04-2025,23-04-2025,25-04-2025,131,131,118.51,15524.81,Delivered,2
PO001673,PROD0045,SUP016,WH01,14-05-2025,19-05-2025,20-05-2025,131,131,118.51,15524.81,Delivered,1
PO001674,PROD0045,SUP016,WH01,07-06-2025,12-06-2025,13-06-2025,131,131,118.51,15524.81,Delivered,1
PO001675,PROD0045,SUP016,WH01,03-07-2025,08-07-2025,10-07-2025,131,131,118.51,15524.81,Delivered,2
PO001676,PROD0045,SUP016,WH01,04-08-2025,09-08-2025,09-08-2025,131,131,118.51,15524.81,Delivered,0
PO001677,PROD0045,SUP016,WH01,05-09-2025,10-09-2025,11-09-2025,131,131,118.51,15524.81,Delivered,1
PO001678,PROD0045,SUP016,WH01,11-10-2025,16-10-2025,18-10-2025,131,131,118.51,15524.81,Delivered,2
PO001679,PROD0045,SUP016,WH01,20-11-2025,25-11-2025,27-11-2025,131,131,118.51,15524.81,Delivered,2
PO001680,PROD0046,SUP011,WH03,09-01-2025,22-01-2025,04-02-2025,445,445,121.87,54232.15,Delivered,13
PO001681,PROD0046,SUP011,WH03,23-02-2025,08-03-2025,08-03-2025,445,445,121.87,54232.15,Delivered,0
PO001682,PROD0046,SUP011,WH03,07-04-2025,20-04-2025,30-04-2025,445,445,121.87,54232.15,Delivered,10
PO001683,PROD0046,SUP011,WH03,20-05-2025,02-06-2025,03-06-2025,445,445,121.87,54232.15,Delivered,1
PO001684,PROD0046,SUP011,WH03,24-06-2025,07-07-2025,08-07-2025,445,445,121.87,54232.15,Delivered,1
PO001685,PROD0046,SUP011,WH03,29-07-2025,11-08-2025,13-08-2025,445,445,121.87,54232.15,Delivered,2
PO001686,PROD0046,SUP011,WH03,01-09-2025,14-09-2025,14-09-2025,445,445,121.87,54232.15,Delivered,0
PO001687,PROD0046,SUP011,WH03,09-10-2025,22-10-2025,24-10-2025,445,445,121.87,54232.15,Delivered,2
PO001688,PROD0046,SUP011,WH03,10-11-2025,23-11-2025,23-11-2025,445,445,121.87,54232.15,Delivered,0
PO001689,PROD0046,SUP011,WH03,02-12-2025,15-12-2025,16-12-2025,445,445,121.87,54232.15,Delivered,1
PO001690,PROD0046,SUP011,WH03,25-12-2025,07-01-2026,08-01-2026,445,445,121.87,54232.15,Delivered,1
PO001691,PROD0046,SUP011,WH03,26-12-2025,08-01-2026,08-01-2026,445,445,121.87,54232.15,Delivered,0
PO001692,PROD0046,SUP011,WH03,27-12-2025,09-01-2026,15-01-2026,445,445,121.87,54232.15,Delivered,6
PO001693,PROD0046,SUP011,WH03,28-12-2025,10-01-2026,12-01-2026,445,445,121.87,54232.15,Delivered,2
PO001694,PROD0046,SUP011,WH03,29-12-2025,11-01-2026,13-01-2026,445,445,121.87,54232.15,Delivered,2
PO001695,PROD0046,SUP011,WH03,30-12-2025,12-01-2026,13-01-2026,445,445,121.87,54232.15,Delivered,1
PO001696,PROD0046,SUP011,WH03,31-12-2025,13-01-2026,14-01-2026,445,409,121.87,54232.15,Partial - Defect/Shortage,1
PO001697,PROD0046,SUP011,WH01,14-01-2025,27-01-2025,31-01-2025,463,463,121.87,56425.81,Delivered,4
PO001698,PROD0046,SUP011,WH01,01-03-2025,14-03-2025,16-03-2025,463,463,121.87,56425.81,Delivered,2
PO001699,PROD0046,SUP011,WH01,07-04-2025,20-04-2025,29-04-2025,463,463,121.87,56425.81,Delivered,9
PO001700,PROD0046,SUP011,WH01,17-05-2025,30-05-2025,09-06-2025,463,463,121.87,56425.81,Delivered,10
PO001701,PROD0046,SUP011,WH01,28-06-2025,11-07-2025,24-07-2025,463,463,121.87,56425.81,Delivered,13
PO001702,PROD0046,SUP011,WH01,15-08-2025,28-08-2025,30-08-2025,463,463,121.87,56425.81,Delivered,2
PO001703,PROD0046,SUP011,WH01,20-09-2025,03-10-2025,03-10-2025,463,463,121.87,56425.81,Delivered,0
PO001704,PROD0046,SUP011,WH01,26-10-2025,08-11-2025,10-11-2025,463,463,121.87,56425.81,Delivered,2
PO001705,PROD0046,SUP011,WH01,21-11-2025,04-12-2025,05-12-2025,463,431,121.87,56425.81,Partial - Defect/Shortage,1
PO001706,PROD0046,SUP011,WH01,13-12-2025,26-12-2025,27-12-2025,463,463,121.87,56425.81,Delivered,1
PO001707,PROD0046,SUP011,WH04,09-01-2025,22-01-2025,22-01-2025,358,358,121.87,43629.46,Delivered,0
PO001708,PROD0046,SUP011,WH04,17-02-2025,02-03-2025,03-03-2025,358,358,121.87,43629.46,Delivered,1
PO001709,PROD0046,SUP011,WH04,29-03-2025,11-04-2025,11-04-2025,358,358,121.87,43629.46,Delivered,0
PO001710,PROD0046,SUP011,WH04,10-05-2025,23-05-2025,25-05-2025,358,358,121.87,43629.46,Delivered,2
PO001711,PROD0046,SUP011,WH04,18-06-2025,01-07-2025,15-07-2025,358,358,121.87,43629.46,Delivered,14
PO001712,PROD0046,SUP011,WH04,29-07-2025,11-08-2025,24-08-2025,358,358,121.87,43629.46,Delivered,13
PO001713,PROD0046,SUP011,WH04,10-09-2025,23-09-2025,24-09-2025,358,358,121.87,43629.46,Delivered,1
PO001714,PROD0046,SUP011,WH04,12-10-2025,25-10-2025,05-11-2025,358,335,121.87,43629.46,Partial - Defect/Shortage,11
PO001715,PROD0046,SUP011,WH04,17-11-2025,30-11-2025,02-12-2025,358,358,121.87,43629.46,Delivered,2
PO001716,PROD0046,SUP011,WH04,17-12-2025,30-12-2025,08-01-2026,358,358,121.87,43629.46,Delivered,9
PO001717,PROD0046,SUP011,WH04,18-12-2025,31-12-2025,02-01-2026,358,358,121.87,43629.46,Delivered,2
PO001718,PROD0046,SUP011,WH04,19-12-2025,01-01-2026,03-01-2026,358,358,121.87,43629.46,Delivered,2
PO001719,PROD0046,SUP011,WH04,20-12-2025,02-01-2026,04-01-2026,358,358,121.87,43629.46,Delivered,2
PO001720,PROD0046,SUP011,WH04,21-12-2025,03-01-2026,04-01-2026,358,358,121.87,43629.46,Delivered,1
PO001721,PROD0046,SUP011,WH04,22-12-2025,04-01-2026,04-01-2026,358,358,121.87,43629.46,Delivered,0
PO001722,PROD0046,SUP011,WH04,23-12-2025,05-01-2026,05-01-2026,358,358,121.87,43629.46,Delivered,0
PO001723,PROD0046,SUP011,WH04,24-12-2025,06-01-2026,06-01-2026,358,358,121.87,43629.46,Delivered,0
PO001724,PROD0046,SUP011,WH04,25-12-2025,07-01-2026,09-01-2026,358,358,121.87,43629.46,Delivered,2
PO001725,PROD0046,SUP011,WH04,26-12-2025,08-01-2026,08-01-2026,358,358,121.87,43629.46,Delivered,0
PO001726,PROD0046,SUP011,WH04,27-12-2025,09-01-2026,11-01-2026,358,358,121.87,43629.46,Delivered,2
PO001727,PROD0046,SUP011,WH04,28-12-2025,10-01-2026,10-01-2026,358,358,121.87,43629.46,Delivered,0
PO001728,PROD0046,SUP011,WH04,29-12-2025,11-01-2026,12-01-2026,358,358,121.87,43629.46,Delivered,1
PO001729,PROD0046,SUP011,WH04,30-12-2025,12-01-2026,12-01-2026,358,358,121.87,43629.46,Delivered,0
PO001730,PROD0046,SUP011,WH04,31-12-2025,13-01-2026,14-01-2026,358,358,121.87,43629.46,Delivered,1
PO001731,PROD0047,SUP008,WH04,06-01-2025,13-01-2025,14-01-2025,619,619,8.22,5088.18,Delivered,1
PO001732,PROD0047,SUP008,WH04,08-02-2025,15-02-2025,17-02-2025,619,619,8.22,5088.18,Delivered,2
PO001733,PROD0047,SUP008,WH04,18-03-2025,25-03-2025,25-03-2025,619,619,8.22,5088.18,Delivered,0
PO001734,PROD0047,SUP008,WH04,24-04-2025,01-05-2025,01-05-2025,619,619,8.22,5088.18,Delivered,0
PO001735,PROD0047,SUP008,WH04,28-05-2025,04-06-2025,05-06-2025,619,619,8.22,5088.18,Delivered,1
PO001736,PROD0047,SUP008,WH04,01-07-2025,08-07-2025,11-07-2025,619,619,8.22,5088.18,Delivered,3
PO001737,PROD0047,SUP008,WH04,05-08-2025,12-08-2025,14-08-2025,619,619,8.22,5088.18,Delivered,2
PO001738,PROD0047,SUP008,WH04,10-09-2025,17-09-2025,17-09-2025,619,619,8.22,5088.18,Delivered,0
PO001739,PROD0047,SUP008,WH04,15-10-2025,22-10-2025,23-10-2025,619,619,8.22,5088.18,Delivered,1
PO001740,PROD0047,SUP008,WH04,17-11-2025,24-11-2025,26-11-2025,619,619,8.22,5088.18,Delivered,2
PO001741,PROD0047,SUP008,WH04,18-12-2025,25-12-2025,02-01-2026,619,619,8.22,5088.18,Delivered,8
PO001742,PROD0047,SUP008,WH04,19-12-2025,26-12-2025,26-12-2025,619,619,8.22,5088.18,Delivered,0
PO001743,PROD0047,SUP008,WH02,01-01-2025,08-01-2025,09-01-2025,821,821,8.22,6748.62,Delivered,1
PO001744,PROD0047,SUP008,WH02,01-02-2025,08-02-2025,09-02-2025,821,821,8.22,6748.62,Delivered,1
PO001745,PROD0047,SUP008,WH02,10-03-2025,17-03-2025,19-03-2025,821,821,8.22,6748.62,Delivered,2
PO001746,PROD0047,SUP008,WH02,14-04-2025,21-04-2025,23-04-2025,821,821,8.22,6748.62,Delivered,2
PO001747,PROD0047,SUP008,WH02,21-05-2025,28-05-2025,30-05-2025,821,821,8.22,6748.62,Delivered,2
PO001748,PROD0047,SUP008,WH02,24-06-2025,01-07-2025,15-07-2025,821,821,8.22,6748.62,Delivered,14
PO001749,PROD0047,SUP008,WH02,10-08-2025,17-08-2025,20-08-2025,821,821,8.22,6748.62,Delivered,3
PO001750,PROD0047,SUP008,WH02,15-09-2025,22-09-2025,24-09-2025,821,821,8.22,6748.62,Delivered,2
PO001751,PROD0047,SUP008,WH02,23-10-2025,30-10-2025,31-10-2025,821,821,8.22,6748.62,Delivered,1
PO001752,PROD0047,SUP008,WH02,25-11-2025,02-12-2025,02-12-2025,821,821,8.22,6748.62,Delivered,0
PO001753,PROD0047,SUP008,WH02,23-12-2025,30-12-2025,01-01-2026,821,821,8.22,6748.62,Delivered,2
PO001754,PROD0047,SUP008,WH02,24-12-2025,31-12-2025,31-12-2025,821,821,8.22,6748.62,Delivered,0
PO001755,PROD0047,SUP008,WH01,02-01-2025,09-01-2025,09-01-2025,672,672,8.22,5523.84,Delivered,0
PO001756,PROD0047,SUP008,WH01,04-02-2025,11-02-2025,18-02-2025,672,672,8.22,5523.84,Delivered,7
PO001757,PROD0047,SUP008,WH01,18-03-2025,25-03-2025,26-03-2025,672,672,8.22,5523.84,Delivered,1
PO001758,PROD0047,SUP008,WH01,23-04-2025,30-04-2025,02-05-2025,672,672,8.22,5523.84,Delivered,2
PO001759,PROD0047,SUP008,WH01,29-05-2025,05-06-2025,05-06-2025,672,672,8.22,5523.84,Delivered,0
PO001760,PROD0047,SUP008,WH01,03-07-2025,10-07-2025,22-07-2025,672,672,8.22,5523.84,Delivered,12
PO001761,PROD0047,SUP008,WH01,17-08-2025,24-08-2025,26-08-2025,672,672,8.22,5523.84,Delivered,2
PO001762,PROD0047,SUP008,WH01,23-09-2025,30-09-2025,01-10-2025,672,672,8.22,5523.84,Delivered,1
PO001763,PROD0047,SUP008,WH01,28-10-2025,04-11-2025,05-11-2025,672,672,8.22,5523.84,Delivered,1
PO001764,PROD0047,SUP008,WH01,28-11-2025,05-12-2025,05-12-2025,672,672,8.22,5523.84,Delivered,0
PO001765,PROD0047,SUP008,WH01,25-12-2025,01-01-2026,01-01-2026,672,672,8.22,5523.84,Delivered,0
PO001766,PROD0047,SUP008,WH01,26-12-2025,02-01-2026,03-01-2026,672,672,8.22,5523.84,Delivered,1
PO001767,PROD0047,SUP008,WH01,27-12-2025,03-01-2026,04-01-2026,672,672,8.22,5523.84,Delivered,1
PO001768,PROD0047,SUP008,WH01,28-12-2025,04-01-2026,06-01-2026,672,672,8.22,5523.84,Delivered,2
PO001769,PROD0047,SUP008,WH01,29-12-2025,05-01-2026,07-01-2026,672,672,8.22,5523.84,Delivered,2
PO001770,PROD0047,SUP008,WH01,30-12-2025,06-01-2026,07-01-2026,672,672,8.22,5523.84,Delivered,1
PO001771,PROD0047,SUP008,WH01,31-12-2025,07-01-2026,07-01-2026,672,672,8.22,5523.84,Delivered,0
PO001772,PROD0047,SUP008,WH03,05-01-2025,12-01-2025,14-01-2025,521,521,8.22,4282.62,Delivered,2
PO001773,PROD0047,SUP008,WH03,07-02-2025,14-02-2025,16-02-2025,521,521,8.22,4282.62,Delivered,2
PO001774,PROD0047,SUP008,WH03,16-03-2025,23-03-2025,25-03-2025,521,521,8.22,4282.62,Delivered,2
PO001775,PROD0047,SUP008,WH03,23-04-2025,30-04-2025,02-05-2025,521,521,8.22,4282.62,Delivered,2
PO001776,PROD0047,SUP008,WH03,28-05-2025,04-06-2025,09-06-2025,521,521,8.22,4282.62,Delivered,5
PO001777,PROD0047,SUP008,WH03,06-07-2025,13-07-2025,14-07-2025,521,521,8.22,4282.62,Delivered,1
PO001778,PROD0047,SUP008,WH03,09-08-2025,16-08-2025,16-08-2025,521,521,8.22,4282.62,Delivered,0
PO001779,PROD0047,SUP008,WH03,12-09-2025,19-09-2025,20-09-2025,521,521,8.22,4282.62,Delivered,1
PO001780,PROD0047,SUP008,WH03,15-10-2025,22-10-2025,24-10-2025,521,521,8.22,4282.62,Delivered,2
PO001781,PROD0047,SUP008,WH03,14-11-2025,21-11-2025,21-11-2025,521,521,8.22,4282.62,Delivered,0
PO001782,PROD0047,SUP008,WH03,10-12-2025,17-12-2025,19-12-2025,521,521,8.22,4282.62,Delivered,2
PO001783,PROD0048,SUP009,WH02,06-01-2025,12-01-2025,13-01-2025,519,519,3.94,2044.86,Delivered,1
PO001784,PROD0048,SUP009,WH02,10-02-2025,16-02-2025,18-02-2025,519,519,3.94,2044.86,Delivered,2
PO001785,PROD0048,SUP009,WH02,22-03-2025,28-03-2025,28-03-2025,519,519,3.94,2044.86,Delivered,0
PO001786,PROD0048,SUP009,WH02,25-04-2025,01-05-2025,03-05-2025,519,519,3.94,2044.86,Delivered,2
PO001787,PROD0048,SUP009,WH02,28-05-2025,03-06-2025,05-06-2025,519,519,3.94,2044.86,Delivered,2
PO001788,PROD0048,SUP009,WH02,01-07-2025,07-07-2025,07-07-2025,519,519,3.94,2044.86,Delivered,0
PO001789,PROD0048,SUP009,WH02,08-08-2025,14-08-2025,14-08-2025,519,519,3.94,2044.86,Delivered,0
PO001790,PROD0048,SUP009,WH02,10-09-2025,16-09-2025,16-09-2025,519,519,3.94,2044.86,Delivered,0
PO001791,PROD0048,SUP009,WH02,14-10-2025,20-10-2025,21-10-2025,519,519,3.94,2044.86,Delivered,1
PO001792,PROD0048,SUP009,WH02,18-11-2025,24-11-2025,25-11-2025,519,519,3.94,2044.86,Delivered,1
PO001793,PROD0048,SUP009,WH02,16-12-2025,22-12-2025,22-12-2025,519,519,3.94,2044.86,Delivered,0
PO001794,PROD0048,SUP009,WH01,04-01-2025,10-01-2025,11-01-2025,654,654,3.94,2576.76,Delivered,1
PO001795,PROD0048,SUP009,WH01,10-02-2025,16-02-2025,17-02-2025,654,654,3.94,2576.76,Delivered,1
PO001796,PROD0048,SUP009,WH01,19-03-2025,25-03-2025,25-03-2025,654,654,3.94,2576.76,Delivered,0
PO001797,PROD0048,SUP009,WH01,25-04-2025,01-05-2025,01-05-2025,654,654,3.94,2576.76,Delivered,0
PO001798,PROD0048,SUP009,WH01,28-05-2025,03-06-2025,03-06-2025,654,654,3.94,2576.76,Delivered,0
PO001799,PROD0048,SUP009,WH01,30-06-2025,06-07-2025,08-07-2025,654,654,3.94,2576.76,Delivered,2
PO001800,PROD0048,SUP009,WH01,06-08-2025,12-08-2025,12-08-2025,654,654,3.94,2576.76,Delivered,0
PO001801,PROD0048,SUP009,WH01,09-09-2025,15-09-2025,15-09-2025,654,654,3.94,2576.76,Delivered,0
PO001802,PROD0048,SUP009,WH01,14-10-2025,20-10-2025,26-10-2025,654,620,3.94,2576.76,Partial - Defect/Shortage,6
PO001803,PROD0048,SUP009,WH01,19-11-2025,25-11-2025,27-11-2025,654,654,3.94,2576.76,Delivered,2
PO001804,PROD0048,SUP009,WH01,22-12-2025,28-12-2025,30-12-2025,654,654,3.94,2576.76,Delivered,2
PO001805,PROD0048,SUP009,WH04,04-01-2025,10-01-2025,11-01-2025,657,657,3.94,2588.58,Delivered,1
PO001806,PROD0048,SUP009,WH04,06-02-2025,12-02-2025,14-02-2025,657,657,3.94,2588.58,Delivered,2
PO001807,PROD0048,SUP009,WH04,15-03-2025,21-03-2025,23-03-2025,657,657,3.94,2588.58,Delivered,2
PO001808,PROD0048,SUP009,WH04,25-04-2025,01-05-2025,02-05-2025,657,657,3.94,2588.58,Delivered,1
PO001809,PROD0048,SUP009,WH04,28-05-2025,03-06-2025,05-06-2025,657,607,3.94,2588.58,Partial - Defect/Shortage,2
PO001810,PROD0048,SUP009,WH04,30-06-2025,06-07-2025,06-07-2025,657,657,3.94,2588.58,Delivered,0
PO001811,PROD0048,SUP009,WH04,01-08-2025,07-08-2025,09-08-2025,657,657,3.94,2588.58,Delivered,2
PO001812,PROD0048,SUP009,WH04,04-09-2025,10-09-2025,11-09-2025,657,657,3.94,2588.58,Delivered,1
PO001813,PROD0048,SUP009,WH04,10-10-2025,16-10-2025,17-10-2025,657,657,3.94,2588.58,Delivered,1
PO001814,PROD0048,SUP009,WH04,09-11-2025,15-11-2025,15-11-2025,657,657,3.94,2588.58,Delivered,0
PO001815,PROD0048,SUP009,WH04,08-12-2025,14-12-2025,15-12-2025,657,657,3.94,2588.58,Delivered,1
PO001816,PROD0048,SUP009,WH03,03-01-2025,09-01-2025,10-01-2025,570,570,3.94,2245.8,Delivered,1
PO001817,PROD0048,SUP009,WH03,05-02-2025,11-02-2025,13-02-2025,570,570,3.94,2245.8,Delivered,2
PO001818,PROD0048,SUP009,WH03,18-03-2025,24-03-2025,24-03-2025,570,570,3.94,2245.8,Delivered,0
PO001819,PROD0048,SUP009,WH03,22-04-2025,28-04-2025,28-04-2025,570,538,3.94,2245.8,Partial - Defect/Shortage,0
PO001820,PROD0048,SUP009,WH03,23-05-2025,29-05-2025,29-05-2025,570,570,3.94,2245.8,Delivered,0
PO001821,PROD0048,SUP009,WH03,24-06-2025,30-06-2025,30-06-2025,570,570,3.94,2245.8,Delivered,0
PO001822,PROD0048,SUP009,WH03,26-07-2025,01-08-2025,02-08-2025,570,570,3.94,2245.8,Delivered,1
PO001823,PROD0048,SUP009,WH03,29-08-2025,04-09-2025,05-09-2025,570,570,3.94,2245.8,Delivered,1
PO001824,PROD0048,SUP009,WH03,07-10-2025,13-10-2025,14-10-2025,570,570,3.94,2245.8,Delivered,1
PO001825,PROD0048,SUP009,WH03,06-11-2025,12-11-2025,12-11-2025,570,570,3.94,2245.8,Delivered,0
PO001826,PROD0048,SUP009,WH03,04-12-2025,10-12-2025,10-12-2025,570,570,3.94,2245.8,Delivered,0
PO001827,PROD0048,SUP009,WH03,28-12-2025,03-01-2026,04-01-2026,570,570,3.94,2245.8,Delivered,1
PO001828,PROD0048,SUP009,WH03,29-12-2025,04-01-2026,05-01-2026,570,570,3.94,2245.8,Delivered,1
PO001829,PROD0048,SUP009,WH03,30-12-2025,05-01-2026,05-01-2026,570,570,3.94,2245.8,Delivered,0
PO001830,PROD0048,SUP009,WH03,31-12-2025,06-01-2026,06-01-2026,570,570,3.94,2245.8,Delivered,0
PO001831,PROD0049,SUP008,WH03,05-01-2025,12-01-2025,14-01-2025,770,770,46.46,35774.2,Delivered,2
PO001832,PROD0049,SUP008,WH03,15-02-2025,22-02-2025,22-02-2025,770,770,46.46,35774.2,Delivered,0
PO001833,PROD0049,SUP008,WH03,19-03-2025,26-03-2025,06-04-2025,770,770,46.46,35774.2,Delivered,11
PO001834,PROD0049,SUP008,WH03,24-04-2025,01-05-2025,09-05-2025,770,770,46.46,35774.2,Delivered,8
PO001835,PROD0049,SUP008,WH03,29-05-2025,05-06-2025,05-06-2025,770,770,46.46,35774.2,Delivered,0
PO001836,PROD0049,SUP008,WH03,02-07-2025,09-07-2025,10-07-2025,770,770,46.46,35774.2,Delivered,1
PO001837,PROD0049,SUP008,WH03,04-08-2025,11-08-2025,11-08-2025,770,770,46.46,35774.2,Delivered,0
PO001838,PROD0049,SUP008,WH03,06-09-2025,13-09-2025,13-09-2025,770,770,46.46,35774.2,Delivered,0
PO001839,PROD0049,SUP008,WH03,08-10-2025,15-10-2025,19-10-2025,770,770,46.46,35774.2,Delivered,4
PO001840,PROD0049,SUP008,WH03,12-11-2025,19-11-2025,21-11-2025,770,770,46.46,35774.2,Delivered,2
PO001841,PROD0049,SUP008,WH03,14-12-2025,21-12-2025,22-12-2025,770,770,46.46,35774.2,Delivered,1
PO001842,PROD0049,SUP008,WH01,04-01-2025,11-01-2025,11-01-2025,739,739,46.46,34333.94,Delivered,0
PO001843,PROD0049,SUP008,WH01,14-02-2025,21-02-2025,21-02-2025,739,739,46.46,34333.94,Delivered,0
PO001844,PROD0049,SUP008,WH01,24-03-2025,31-03-2025,02-04-2025,739,739,46.46,34333.94,Delivered,2
PO001845,PROD0049,SUP008,WH01,23-04-2025,30-04-2025,30-04-2025,739,739,46.46,34333.94,Delivered,0
PO001846,PROD0049,SUP008,WH01,18-05-2025,25-05-2025,27-05-2025,739,739,46.46,34333.94,Delivered,2
PO001847,PROD0049,SUP008,WH01,18-06-2025,25-06-2025,05-07-2025,739,739,46.46,34333.94,Delivered,10
PO001848,PROD0049,SUP008,WH01,31-07-2025,07-08-2025,07-08-2025,739,739,46.46,34333.94,Delivered,0
PO001849,PROD0049,SUP008,WH01,02-09-2025,09-09-2025,13-09-2025,739,739,46.46,34333.94,Delivered,4
PO001850,PROD0049,SUP008,WH01,02-10-2025,09-10-2025,09-10-2025,739,739,46.46,34333.94,Delivered,0
PO001851,PROD0049,SUP008,WH01,03-11-2025,10-11-2025,10-11-2025,739,739,46.46,34333.94,Delivered,0
PO001852,PROD0049,SUP008,WH01,05-12-2025,12-12-2025,13-12-2025,739,739,46.46,34333.94,Delivered,1
PO001853,PROD0050,SUP019,WH04,01-01-2025,07-01-2025,08-01-2025,596,596,77.33,46088.68,Delivered,1
PO001854,PROD0050,SUP019,WH04,18-02-2025,24-02-2025,25-02-2025,596,558,77.33,46088.68,Partial - Defect/Shortage,1
PO001855,PROD0050,SUP019,WH04,25-03-2025,31-03-2025,02-04-2025,596,596,77.33,46088.68,Delivered,2
PO001856,PROD0050,SUP019,WH04,24-04-2025,30-04-2025,01-05-2025,596,596,77.33,46088.68,Delivered,1
PO001857,PROD0050,SUP019,WH04,20-05-2025,26-05-2025,28-05-2025,596,596,77.33,46088.68,Delivered,2
PO001858,PROD0050,SUP019,WH04,15-06-2025,21-06-2025,21-06-2025,596,596,77.33,46088.68,Delivered,0
PO001859,PROD0050,SUP019,WH04,10-07-2025,16-07-2025,18-07-2025,596,596,77.33,46088.68,Delivered,2
PO001860,PROD0050,SUP019,WH04,06-08-2025,12-08-2025,13-08-2025,596,596,77.33,46088.68,Delivered,1
PO001861,PROD0050,SUP019,WH04,06-09-2025,12-09-2025,14-09-2025,596,596,77.33,46088.68,Delivered,2
PO001862,PROD0050,SUP019,WH04,10-10-2025,16-10-2025,18-10-2025,596,596,77.33,46088.68,Delivered,2
PO001863,PROD0050,SUP019,WH04,17-11-2025,23-11-2025,02-12-2025,596,596,77.33,46088.68,Delivered,9
PO001864,PROD0050,SUP019,WH04,29-12-2025,04-01-2026,16-01-2026,596,596,77.33,46088.68,Delivered,12
PO001865,PROD0050,SUP019,WH04,30-12-2025,05-01-2026,06-01-2026,596,596,77.33,46088.68,Delivered,1
PO001866,PROD0050,SUP019,WH04,31-12-2025,06-01-2026,06-01-2026,596,596,77.33,46088.68,Delivered,0
PO001867,PROD0050,SUP019,WH01,05-01-2025,11-01-2025,11-01-2025,551,551,77.33,42608.83,Delivered,0
PO001868,PROD0050,SUP019,WH01,13-02-2025,19-02-2025,20-02-2025,551,551,77.33,42608.83,Delivered,1
PO001869,PROD0050,SUP019,WH01,24-03-2025,30-03-2025,01-04-2025,551,551,77.33,42608.83,Delivered,2
PO001870,PROD0050,SUP019,WH01,24-04-2025,30-04-2025,01-05-2025,551,551,77.33,42608.83,Delivered,1
PO001871,PROD0050,SUP019,WH01,24-05-2025,30-05-2025,30-05-2025,551,551,77.33,42608.83,Delivered,0
PO001872,PROD0050,SUP019,WH01,16-06-2025,22-06-2025,29-06-2025,551,551,77.33,42608.83,Delivered,7
PO001873,PROD0050,SUP019,WH01,19-07-2025,25-07-2025,25-07-2025,551,551,77.33,42608.83,Delivered,0
PO001874,PROD0050,SUP019,WH01,13-08-2025,19-08-2025,19-08-2025,551,551,77.33,42608.83,Delivered,0
PO001875,PROD0050,SUP019,WH01,13-09-2025,19-09-2025,19-09-2025,551,551,77.33,42608.83,Delivered,0
PO001876,PROD0050,SUP019,WH01,19-10-2025,25-10-2025,25-10-2025,551,551,77.33,42608.83,Delivered,0
PO001877,PROD0050,SUP019,WH01,02-12-2025,08-12-2025,10-12-2025,551,551,77.33,42608.83,Delivered,2
PO001878,PROD0051,SUP017,WH03,05-01-2025,13-01-2025,14-01-2025,937,937,8.35,7823.95,Delivered,1
PO001879,PROD0051,SUP017,WH03,10-02-2025,18-02-2025,20-02-2025,937,937,8.35,7823.95,Delivered,2
PO001880,PROD0051,SUP017,WH03,19-03-2025,27-03-2025,29-03-2025,937,937,8.35,7823.95,Delivered,2
PO001881,PROD0051,SUP017,WH03,25-04-2025,03-05-2025,04-05-2025,937,937,8.35,7823.95,Delivered,1
PO001882,PROD0051,SUP017,WH03,28-05-2025,05-06-2025,07-06-2025,937,937,8.35,7823.95,Delivered,2
PO001883,PROD0051,SUP017,WH03,04-07-2025,12-07-2025,12-07-2025,937,937,8.35,7823.95,Delivered,0
PO001884,PROD0051,SUP017,WH03,02-08-2025,10-08-2025,10-08-2025,937,937,8.35,7823.95,Delivered,0
PO001885,PROD0051,SUP017,WH03,06-09-2025,14-09-2025,15-09-2025,937,937,8.35,7823.95,Delivered,1
PO001886,PROD0051,SUP017,WH03,09-10-2025,17-10-2025,19-10-2025,937,937,8.35,7823.95,Delivered,2
PO001887,PROD0051,SUP017,WH03,09-11-2025,17-11-2025,17-11-2025,937,937,8.35,7823.95,Delivered,0
PO001888,PROD0051,SUP017,WH03,11-12-2025,19-12-2025,19-12-2025,937,937,8.35,7823.95,Delivered,0
PO001889,PROD0051,SUP017,WH01,05-01-2025,13-01-2025,13-01-2025,1198,1198,8.35,10003.3,Delivered,0
PO001890,PROD0051,SUP017,WH01,05-02-2025,13-02-2025,15-02-2025,1198,1198,8.35,10003.3,Delivered,2
PO001891,PROD0051,SUP017,WH01,16-03-2025,24-03-2025,25-03-2025,1198,1198,8.35,10003.3,Delivered,1
PO001892,PROD0051,SUP017,WH01,19-04-2025,27-04-2025,28-04-2025,1198,1198,8.35,10003.3,Delivered,1
PO001893,PROD0051,SUP017,WH01,21-05-2025,29-05-2025,29-05-2025,1198,1198,8.35,10003.3,Delivered,0
PO001894,PROD0051,SUP017,WH01,27-06-2025,05-07-2025,06-07-2025,1198,1198,8.35,10003.3,Delivered,1
PO001895,PROD0051,SUP017,WH01,29-07-2025,06-08-2025,07-08-2025,1198,1198,8.35,10003.3,Delivered,1
PO001896,PROD0051,SUP017,WH01,01-09-2025,09-09-2025,10-09-2025,1198,1198,8.35,10003.3,Delivered,1
PO001897,PROD0051,SUP017,WH01,08-10-2025,16-10-2025,16-10-2025,1198,1198,8.35,10003.3,Delivered,0
PO001898,PROD0051,SUP017,WH01,13-11-2025,21-11-2025,21-11-2025,1198,1198,8.35,10003.3,Delivered,0
PO001899,PROD0051,SUP017,WH01,11-12-2025,19-12-2025,27-12-2025,1198,1198,8.35,10003.3,Delivered,8
PO001900,PROD0051,SUP017,WH02,06-01-2025,14-01-2025,16-01-2025,1165,1165,8.35,9727.75,Delivered,2
PO001901,PROD0051,SUP017,WH02,10-02-2025,18-02-2025,20-02-2025,1165,1165,8.35,9727.75,Delivered,2
PO001902,PROD0051,SUP017,WH02,20-03-2025,28-03-2025,28-03-2025,1165,1165,8.35,9727.75,Delivered,0
PO001903,PROD0051,SUP017,WH02,26-04-2025,04-05-2025,05-05-2025,1165,1165,8.35,9727.75,Delivered,1
PO001904,PROD0051,SUP017,WH02,26-05-2025,03-06-2025,03-06-2025,1165,1165,8.35,9727.75,Delivered,0
PO001905,PROD0051,SUP017,WH02,30-06-2025,08-07-2025,10-07-2025,1165,1165,8.35,9727.75,Delivered,2
PO001906,PROD0051,SUP017,WH02,10-08-2025,18-08-2025,18-08-2025,1165,1165,8.35,9727.75,Delivered,0
PO001907,PROD0051,SUP017,WH02,12-09-2025,20-09-2025,22-09-2025,1165,1165,8.35,9727.75,Delivered,2
PO001908,PROD0051,SUP017,WH02,17-10-2025,25-10-2025,26-10-2025,1165,1165,8.35,9727.75,Delivered,1
PO001909,PROD0051,SUP017,WH02,17-11-2025,25-11-2025,27-11-2025,1165,1165,8.35,9727.75,Delivered,2
PO001910,PROD0051,SUP017,WH02,14-12-2025,22-12-2025,24-12-2025,1165,1165,8.35,9727.75,Delivered,2
PO001911,PROD0051,SUP017,WH04,01-01-2025,09-01-2025,09-01-2025,1611,1611,8.35,13451.85,Delivered,0
PO001912,PROD0051,SUP017,WH04,02-02-2025,10-02-2025,10-02-2025,1611,1611,8.35,13451.85,Delivered,0
PO001913,PROD0051,SUP017,WH04,09-03-2025,17-03-2025,19-03-2025,1611,1611,8.35,13451.85,Delivered,2
PO001914,PROD0051,SUP017,WH04,13-04-2025,21-04-2025,21-04-2025,1611,1611,8.35,13451.85,Delivered,0
PO001915,PROD0051,SUP017,WH04,18-05-2025,26-05-2025,27-05-2025,1611,1611,8.35,13451.85,Delivered,1
PO001916,PROD0051,SUP017,WH04,25-06-2025,03-07-2025,05-07-2025,1611,1611,8.35,13451.85,Delivered,2
PO001917,PROD0051,SUP017,WH04,07-08-2025,15-08-2025,16-08-2025,1611,1611,8.35,13451.85,Delivered,1
PO001918,PROD0051,SUP017,WH04,07-09-2025,15-09-2025,15-09-2025,1611,1611,8.35,13451.85,Delivered,0
PO001919,PROD0051,SUP017,WH04,17-10-2025,25-10-2025,25-10-2025,1611,1611,8.35,13451.85,Delivered,0
PO001920,PROD0051,SUP017,WH04,17-11-2025,25-11-2025,25-11-2025,1611,1611,8.35,13451.85,Delivered,0
PO001921,PROD0051,SUP017,WH04,16-12-2025,24-12-2025,25-12-2025,1611,1611,8.35,13451.85,Delivered,1
PO001922,PROD0052,SUP006,WH04,01-01-2025,05-01-2025,07-01-2025,2053,2053,9.22,18928.66,Delivered,2
PO001923,PROD0052,SUP006,WH04,05-02-2025,09-02-2025,11-02-2025,2053,2053,9.22,18928.66,Delivered,2
PO001924,PROD0052,SUP006,WH04,13-03-2025,17-03-2025,18-03-2025,2053,2053,9.22,18928.66,Delivered,1
PO001925,PROD0052,SUP006,WH04,19-04-2025,23-04-2025,25-04-2025,2053,2053,9.22,18928.66,Delivered,2
PO001926,PROD0052,SUP006,WH04,26-05-2025,30-05-2025,31-05-2025,2053,2053,9.22,18928.66,Delivered,1
PO001927,PROD0052,SUP006,WH04,30-06-2025,04-07-2025,05-07-2025,2053,2053,9.22,18928.66,Delivered,1
PO001928,PROD0052,SUP006,WH04,02-08-2025,06-08-2025,06-08-2025,2053,2053,9.22,18928.66,Delivered,0
PO001929,PROD0052,SUP006,WH04,04-09-2025,08-09-2025,10-09-2025,2053,2053,9.22,18928.66,Delivered,2
PO001930,PROD0052,SUP006,WH04,09-10-2025,13-10-2025,15-10-2025,2053,2053,9.22,18928.66,Delivered,2
PO001931,PROD0052,SUP006,WH04,14-11-2025,18-11-2025,18-11-2025,2053,2053,9.22,18928.66,Delivered,0
PO001932,PROD0052,SUP006,WH04,12-12-2025,16-12-2025,18-12-2025,2053,2053,9.22,18928.66,Delivered,2
PO001933,PROD0052,SUP006,WH03,03-01-2025,07-01-2025,09-01-2025,1302,1302,9.22,12004.44,Delivered,2
PO001934,PROD0052,SUP006,WH03,07-02-2025,11-02-2025,12-02-2025,1302,1302,9.22,12004.44,Delivered,1
PO001935,PROD0052,SUP006,WH03,16-03-2025,20-03-2025,22-03-2025,1302,1302,9.22,12004.44,Delivered,2
PO001936,PROD0052,SUP006,WH03,23-04-2025,27-04-2025,27-04-2025,1302,1302,9.22,12004.44,Delivered,0
PO001937,PROD0052,SUP006,WH03,28-05-2025,01-06-2025,01-06-2025,1302,1302,9.22,12004.44,Delivered,0
PO001938,PROD0052,SUP006,WH03,03-07-2025,07-07-2025,07-07-2025,1302,1302,9.22,12004.44,Delivered,0
PO001939,PROD0052,SUP006,WH03,09-08-2025,13-08-2025,15-08-2025,1302,1302,9.22,12004.44,Delivered,2
PO001940,PROD0052,SUP006,WH03,12-09-2025,16-09-2025,17-09-2025,1302,1302,9.22,12004.44,Delivered,1
PO001941,PROD0052,SUP006,WH03,18-10-2025,22-10-2025,23-10-2025,1302,1302,9.22,12004.44,Delivered,1
PO001942,PROD0052,SUP006,WH03,18-11-2025,22-11-2025,23-11-2025,1302,1302,9.22,12004.44,Delivered,1
PO001943,PROD0052,SUP006,WH03,16-12-2025,20-12-2025,21-12-2025,1302,1302,9.22,12004.44,Delivered,1
PO001944,PROD0052,SUP006,WH02,02-01-2025,06-01-2025,07-01-2025,2106,2106,9.22,19417.32,Delivered,1
PO001945,PROD0052,SUP006,WH02,06-02-2025,10-02-2025,11-02-2025,2106,2106,9.22,19417.32,Delivered,1
PO001946,PROD0052,SUP006,WH02,14-03-2025,18-03-2025,19-03-2025,2106,2106,9.22,19417.32,Delivered,1
PO001947,PROD0052,SUP006,WH02,18-04-2025,22-04-2025,24-04-2025,2106,2106,9.22,19417.32,Delivered,2
PO001948,PROD0052,SUP006,WH02,25-05-2025,29-05-2025,31-05-2025,2106,2106,9.22,19417.32,Delivered,2
PO001949,PROD0052,SUP006,WH02,30-06-2025,04-07-2025,05-07-2025,2106,2106,9.22,19417.32,Delivered,1
PO001950,PROD0052,SUP006,WH02,05-08-2025,09-08-2025,09-08-2025,2106,2106,9.22,19417.32,Delivered,0
PO001951,PROD0052,SUP006,WH02,08-09-2025,12-09-2025,13-09-2025,2106,2106,9.22,19417.32,Delivered,1
PO001952,PROD0052,SUP006,WH02,12-10-2025,16-10-2025,16-10-2025,2106,2106,9.22,19417.32,Delivered,0
PO001953,PROD0052,SUP006,WH02,12-11-2025,16-11-2025,16-11-2025,2106,2106,9.22,19417.32,Delivered,0
PO001954,PROD0052,SUP006,WH02,10-12-2025,14-12-2025,15-12-2025,2106,2106,9.22,19417.32,Delivered,1
PO001955,PROD0052,SUP006,WH01,03-01-2025,07-01-2025,07-01-2025,1661,1661,9.22,15314.42,Delivered,0
PO001956,PROD0052,SUP006,WH01,04-02-2025,08-02-2025,08-02-2025,1661,1661,9.22,15314.42,Delivered,0
PO001957,PROD0052,SUP006,WH01,11-03-2025,15-03-2025,17-03-2025,1661,1661,9.22,15314.42,Delivered,2
PO001958,PROD0052,SUP006,WH01,17-04-2025,21-04-2025,22-04-2025,1661,1661,9.22,15314.42,Delivered,1
PO001959,PROD0052,SUP006,WH01,22-05-2025,26-05-2025,28-05-2025,1661,1661,9.22,15314.42,Delivered,2
PO001960,PROD0052,SUP006,WH01,27-06-2025,01-07-2025,01-07-2025,1661,1661,9.22,15314.42,Delivered,0
PO001961,PROD0052,SUP006,WH01,02-08-2025,06-08-2025,06-08-2025,1661,1661,9.22,15314.42,Delivered,0
PO001962,PROD0052,SUP006,WH01,07-09-2025,11-09-2025,11-09-2025,1661,1661,9.22,15314.42,Delivered,0
PO001963,PROD0052,SUP006,WH01,09-10-2025,13-10-2025,15-10-2025,1661,1661,9.22,15314.42,Delivered,2
PO001964,PROD0052,SUP006,WH01,13-11-2025,17-11-2025,17-11-2025,1661,1661,9.22,15314.42,Delivered,0
PO001965,PROD0052,SUP006,WH01,12-12-2025,16-12-2025,18-12-2025,1661,1661,9.22,15314.42,Delivered,2
PO001966,PROD0053,SUP003,WH02,09-01-2025,25-01-2025,25-01-2025,873,873,96.01,83816.73,Delivered,0
PO001967,PROD0053,SUP003,WH02,24-02-2025,12-03-2025,14-03-2025,873,873,96.01,83816.73,Delivered,2
PO001968,PROD0053,SUP003,WH02,31-03-2025,16-04-2025,26-04-2025,873,766,96.01,83816.73,Partial - Defect/Shortage,10
PO001969,PROD0053,SUP003,WH02,04-05-2025,20-05-2025,20-05-2025,873,873,96.01,83816.73,Delivered,0
PO001970,PROD0053,SUP003,WH02,31-05-2025,16-06-2025,25-06-2025,873,873,96.01,83816.73,Delivered,9
PO001971,PROD0053,SUP003,WH02,08-07-2025,24-07-2025,26-07-2025,873,873,96.01,83816.73,Delivered,2
PO001972,PROD0053,SUP003,WH02,07-08-2025,23-08-2025,03-09-2025,873,873,96.01,83816.73,Delivered,11
PO001973,PROD0053,SUP003,WH02,19-09-2025,05-10-2025,06-10-2025,873,873,96.01,83816.73,Delivered,1
PO001974,PROD0053,SUP003,WH02,25-10-2025,10-11-2025,21-11-2025,873,873,96.01,83816.73,Delivered,11
PO001975,PROD0053,SUP003,WH02,10-12-2025,26-12-2025,01-01-2026,873,873,96.01,83816.73,Delivered,6
PO001976,PROD0053,SUP003,WH02,11-12-2025,27-12-2025,01-01-2026,873,873,96.01,83816.73,Delivered,5
PO001977,PROD0053,SUP003,WH02,12-12-2025,28-12-2025,01-01-2026,873,873,96.01,83816.73,Delivered,4
PO001978,PROD0053,SUP003,WH02,13-12-2025,29-12-2025,04-01-2026,873,873,96.01,83816.73,Delivered,6
PO001979,PROD0053,SUP003,WH02,14-12-2025,30-12-2025,01-01-2026,873,873,96.01,83816.73,Delivered,2
PO001980,PROD0053,SUP003,WH02,15-12-2025,31-12-2025,08-01-2026,873,873,96.01,83816.73,Delivered,8
PO001981,PROD0053,SUP003,WH02,16-12-2025,01-01-2026,01-01-2026,873,873,96.01,83816.73,Delivered,0
PO001982,PROD0053,SUP003,WH02,17-12-2025,02-01-2026,03-01-2026,873,794,96.01,83816.73,Partial - Defect/Shortage,1
PO001983,PROD0053,SUP003,WH02,18-12-2025,03-01-2026,04-01-2026,873,873,96.01,83816.73,Delivered,1
PO001984,PROD0053,SUP003,WH02,19-12-2025,04-01-2026,04-01-2026,873,873,96.01,83816.73,Delivered,0
PO001985,PROD0053,SUP003,WH02,20-12-2025,05-01-2026,07-01-2026,873,873,96.01,83816.73,Delivered,2
PO001986,PROD0053,SUP003,WH02,21-12-2025,06-01-2026,11-01-2026,873,873,96.01,83816.73,Delivered,5
PO001987,PROD0053,SUP003,WH02,22-12-2025,07-01-2026,09-01-2026,873,873,96.01,83816.73,Delivered,2
PO001988,PROD0053,SUP003,WH02,23-12-2025,08-01-2026,10-01-2026,873,873,96.01,83816.73,Delivered,2
PO001989,PROD0053,SUP003,WH02,24-12-2025,09-01-2026,10-01-2026,873,873,96.01,83816.73,Delivered,1
PO001990,PROD0053,SUP003,WH02,25-12-2025,10-01-2026,22-01-2026,873,873,96.01,83816.73,Delivered,12
PO001991,PROD0053,SUP003,WH02,26-12-2025,11-01-2026,24-01-2026,873,873,96.01,83816.73,Delivered,13
PO001992,PROD0053,SUP003,WH02,27-12-2025,12-01-2026,16-01-2026,873,873,96.01,83816.73,Delivered,4
PO001993,PROD0053,SUP003,WH02,28-12-2025,13-01-2026,19-01-2026,873,873,96.01,83816.73,Delivered,6
PO001994,PROD0053,SUP003,WH02,29-12-2025,14-01-2026,26-01-2026,873,873,96.01,83816.73,Delivered,12
PO001995,PROD0053,SUP003,WH02,30-12-2025,15-01-2026,17-01-2026,873,873,96.01,83816.73,Delivered,2
PO001996,PROD0053,SUP003,WH02,31-12-2025,16-01-2026,17-01-2026,873,873,96.01,83816.73,Delivered,1
PO001997,PROD0053,SUP003,WH01,10-01-2025,26-01-2025,07-02-2025,557,557,96.01,53477.57,Delivered,12
PO001998,PROD0053,SUP003,WH01,26-02-2025,14-03-2025,14-03-2025,557,557,96.01,53477.57,Delivered,0
PO001999,PROD0053,SUP003,WH01,03-04-2025,19-04-2025,02-05-2025,557,493,96.01,53477.57,Partial - Defect/Shortage,13
PO002000,PROD0053,SUP003,WH01,10-05-2025,26-05-2025,27-05-2025,557,557,96.01,53477.57,Delivered,1
PO002001,PROD0053,SUP003,WH01,09-06-2025,25-06-2025,09-07-2025,557,557,96.01,53477.57,Delivered,14
PO002002,PROD0053,SUP003,WH01,20-07-2025,05-08-2025,07-08-2025,557,557,96.01,53477.57,Delivered,2
PO002003,PROD0053,SUP003,WH01,18-08-2025,03-09-2025,06-09-2025,557,557,96.01,53477.57,Delivered,3
PO002004,PROD0053,SUP003,WH01,23-09-2025,09-10-2025,09-10-2025,557,557,96.01,53477.57,Delivered,0
PO002005,PROD0053,SUP003,WH01,28-10-2025,13-11-2025,14-11-2025,557,557,96.01,53477.57,Delivered,1
PO002006,PROD0053,SUP003,WH01,06-12-2025,22-12-2025,22-12-2025,557,557,96.01,53477.57,Delivered,0
PO002007,PROD0053,SUP003,WH03,07-01-2025,23-01-2025,25-01-2025,775,775,96.01,74407.75,Delivered,2
PO002008,PROD0053,SUP003,WH03,18-02-2025,06-03-2025,17-03-2025,775,775,96.01,74407.75,Delivered,11
PO002009,PROD0053,SUP003,WH03,02-04-2025,18-04-2025,25-04-2025,775,775,96.01,74407.75,Delivered,7
PO002010,PROD0053,SUP003,WH03,08-05-2025,24-05-2025,25-05-2025,775,775,96.01,74407.75,Delivered,1
PO002011,PROD0053,SUP003,WH03,06-06-2025,22-06-2025,01-07-2025,775,775,96.01,74407.75,Delivered,9
PO002012,PROD0053,SUP003,WH03,15-07-2025,31-07-2025,01-08-2025,775,775,96.01,74407.75,Delivered,1
PO002013,PROD0053,SUP003,WH03,15-08-2025,31-08-2025,10-09-2025,775,775,96.01,74407.75,Delivered,10
PO002014,PROD0053,SUP003,WH03,24-09-2025,10-10-2025,20-10-2025,775,775,96.01,74407.75,Delivered,10
PO002015,PROD0053,SUP003,WH03,08-11-2025,24-11-2025,04-12-2025,775,775,96.01,74407.75,Delivered,10
PO002016,PROD0053,SUP003,WH03,21-12-2025,06-01-2026,07-01-2026,775,775,96.01,74407.75,Delivered,1
PO002017,PROD0053,SUP003,WH03,22-12-2025,07-01-2026,07-01-2026,775,775,96.01,74407.75,Delivered,0
PO002018,PROD0053,SUP003,WH03,23-12-2025,08-01-2026,08-01-2026,775,775,96.01,74407.75,Delivered,0
PO002019,PROD0053,SUP003,WH03,24-12-2025,09-01-2026,10-01-2026,775,775,96.01,74407.75,Delivered,1
PO002020,PROD0053,SUP003,WH03,25-12-2025,10-01-2026,21-01-2026,775,775,96.01,74407.75,Delivered,11
PO002021,PROD0053,SUP003,WH03,26-12-2025,11-01-2026,21-01-2026,775,775,96.01,74407.75,Delivered,10
PO002022,PROD0053,SUP003,WH03,27-12-2025,12-01-2026,12-01-2026,775,775,96.01,74407.75,Delivered,0
PO002023,PROD0053,SUP003,WH03,28-12-2025,13-01-2026,13-01-2026,775,775,96.01,74407.75,Delivered,0
PO002024,PROD0053,SUP003,WH03,29-12-2025,14-01-2026,16-01-2026,775,680,96.01,74407.75,Partial - Defect/Shortage,2
PO002025,PROD0053,SUP003,WH03,30-12-2025,15-01-2026,29-01-2026,775,775,96.01,74407.75,Delivered,14
PO002026,PROD0053,SUP003,WH03,31-12-2025,16-01-2026,18-01-2026,775,775,96.01,74407.75,Delivered,2
PO002027,PROD0054,SUP002,WH03,01-01-2025,10-01-2025,10-01-2025,124,124,168.98,20953.52,Delivered,0
PO002028,PROD0054,SUP002,WH03,16-02-2025,25-02-2025,27-02-2025,124,124,168.98,20953.52,Delivered,2
PO002029,PROD0054,SUP002,WH03,24-03-2025,02-04-2025,04-04-2025,124,124,168.98,20953.52,Delivered,2
PO002030,PROD0054,SUP002,WH03,22-04-2025,01-05-2025,03-05-2025,124,124,168.98,20953.52,Delivered,2
PO002031,PROD0054,SUP002,WH03,20-05-2025,29-05-2025,29-05-2025,124,124,168.98,20953.52,Delivered,0
PO002032,PROD0054,SUP002,WH03,15-06-2025,24-06-2025,25-06-2025,124,124,168.98,20953.52,Delivered,1
PO002033,PROD0054,SUP002,WH03,15-07-2025,24-07-2025,26-07-2025,124,124,168.98,20953.52,Delivered,2
PO002034,PROD0054,SUP002,WH03,18-08-2025,27-08-2025,28-08-2025,124,124,168.98,20953.52,Delivered,1
PO002035,PROD0054,SUP002,WH03,23-09-2025,02-10-2025,02-10-2025,124,124,168.98,20953.52,Delivered,0
PO002036,PROD0054,SUP002,WH03,30-10-2025,08-11-2025,14-11-2025,124,124,168.98,20953.52,Delivered,6
PO002037,PROD0054,SUP002,WH03,12-12-2025,21-12-2025,22-12-2025,124,124,168.98,20953.52,Delivered,1
PO002038,PROD0054,SUP002,WH02,07-01-2025,16-01-2025,16-01-2025,163,163,168.98,27543.74,Delivered,0
PO002039,PROD0054,SUP002,WH02,20-02-2025,01-03-2025,01-03-2025,163,148,168.98,27543.74,Partial - Defect/Shortage,0
PO002040,PROD0054,SUP002,WH02,23-03-2025,01-04-2025,02-04-2025,163,163,168.98,27543.74,Delivered,1
PO002041,PROD0054,SUP002,WH02,21-04-2025,30-04-2025,02-05-2025,163,163,168.98,27543.74,Delivered,2
PO002042,PROD0054,SUP002,WH02,19-05-2025,28-05-2025,28-05-2025,163,163,168.98,27543.74,Delivered,0
PO002043,PROD0054,SUP002,WH02,15-06-2025,24-06-2025,26-06-2025,163,163,168.98,27543.74,Delivered,2
PO002044,PROD0054,SUP002,WH02,16-07-2025,25-07-2025,28-07-2025,163,163,168.98,27543.74,Delivered,3
PO002045,PROD0054,SUP002,WH02,21-08-2025,30-08-2025,13-09-2025,163,163,168.98,27543.74,Delivered,14
PO002046,PROD0054,SUP002,WH02,09-10-2025,18-10-2025,18-10-2025,163,163,168.98,27543.74,Delivered,0
PO002047,PROD0054,SUP002,WH02,20-11-2025,29-11-2025,30-11-2025,163,163,168.98,27543.74,Delivered,1
PO002048,PROD0055,SUP017,WH01,07-01-2025,15-01-2025,18-01-2025,384,384,93.12,35758.08,Delivered,3
PO002049,PROD0055,SUP017,WH01,19-02-2025,27-02-2025,01-03-2025,384,384,93.12,35758.08,Delivered,2
PO002050,PROD0055,SUP017,WH01,26-03-2025,03-04-2025,03-04-2025,384,384,93.12,35758.08,Delivered,0
PO002051,PROD0055,SUP017,WH01,24-04-2025,02-05-2025,15-05-2025,384,384,93.12,35758.08,Delivered,13
PO002052,PROD0055,SUP017,WH01,01-06-2025,09-06-2025,09-06-2025,384,384,93.12,35758.08,Delivered,0
PO002053,PROD0055,SUP017,WH01,26-06-2025,04-07-2025,04-07-2025,384,384,93.12,35758.08,Delivered,0
PO002054,PROD0055,SUP017,WH01,21-07-2025,29-07-2025,30-07-2025,384,384,93.12,35758.08,Delivered,1
PO002055,PROD0055,SUP017,WH01,18-08-2025,26-08-2025,27-08-2025,384,384,93.12,35758.08,Delivered,1
PO002056,PROD0055,SUP017,WH01,20-09-2025,28-09-2025,29-09-2025,384,384,93.12,35758.08,Delivered,1
PO002057,PROD0055,SUP017,WH01,29-10-2025,06-11-2025,08-11-2025,384,384,93.12,35758.08,Delivered,2
PO002058,PROD0055,SUP017,WH01,10-12-2025,18-12-2025,20-12-2025,384,384,93.12,35758.08,Delivered,2
PO002059,PROD0055,SUP017,WH02,06-01-2025,14-01-2025,15-01-2025,316,316,93.12,29425.92,Delivered,1
PO002060,PROD0055,SUP017,WH02,16-02-2025,24-02-2025,25-02-2025,316,316,93.12,29425.92,Delivered,1
PO002061,PROD0055,SUP017,WH02,24-03-2025,01-04-2025,01-04-2025,316,316,93.12,29425.92,Delivered,0
PO002062,PROD0055,SUP017,WH02,23-04-2025,01-05-2025,05-05-2025,316,316,93.12,29425.92,Delivered,4
PO002063,PROD0055,SUP017,WH02,23-05-2025,31-05-2025,31-05-2025,316,301,93.12,29425.92,Partial - Defect/Shortage,0
PO002064,PROD0055,SUP017,WH02,17-06-2025,25-06-2025,26-06-2025,316,316,93.12,29425.92,Delivered,1
PO002065,PROD0055,SUP017,WH02,12-07-2025,20-07-2025,22-07-2025,316,316,93.12,29425.92,Delivered,2
PO002066,PROD0055,SUP017,WH02,11-08-2025,19-08-2025,31-08-2025,316,316,93.12,29425.92,Delivered,12
PO002067,PROD0055,SUP017,WH02,27-09-2025,05-10-2025,07-10-2025,316,316,93.12,29425.92,Delivered,2
PO002068,PROD0055,SUP017,WH02,06-11-2025,14-11-2025,15-11-2025,316,290,93.12,29425.92,Partial - Defect/Shortage,1
PO002069,PROD0055,SUP017,WH02,14-12-2025,22-12-2025,22-12-2025,316,316,93.12,29425.92,Delivered,0
PO002070,PROD0056,SUP019,WH02,01-01-2025,07-01-2025,09-01-2025,189,189,51.58,9748.62,Delivered,2
PO002071,PROD0056,SUP019,WH02,20-02-2025,26-02-2025,27-02-2025,189,189,51.58,9748.62,Delivered,1
PO002072,PROD0056,SUP019,WH02,24-03-2025,30-03-2025,01-04-2025,189,189,51.58,9748.62,Delivered,2
PO002073,PROD0056,SUP019,WH02,28-04-2025,04-05-2025,11-05-2025,189,189,51.58,9748.62,Delivered,7
PO002074,PROD0056,SUP019,WH02,02-06-2025,08-06-2025,08-06-2025,189,189,51.58,9748.62,Delivered,0
PO002075,PROD0056,SUP019,WH02,30-06-2025,06-07-2025,06-07-2025,189,189,51.58,9748.62,Delivered,0
PO002076,PROD0056,SUP019,WH02,30-07-2025,05-08-2025,09-08-2025,189,189,51.58,9748.62,Delivered,4
PO002077,PROD0056,SUP019,WH02,01-09-2025,07-09-2025,08-09-2025,189,189,51.58,9748.62,Delivered,1
PO002078,PROD0056,SUP019,WH02,07-10-2025,13-10-2025,15-10-2025,189,175,51.58,9748.62,Partial - Defect/Shortage,2
PO002079,PROD0056,SUP019,WH02,17-11-2025,23-11-2025,23-11-2025,189,189,51.58,9748.62,Delivered,0
PO002080,PROD0056,SUP019,WH02,31-12-2025,06-01-2026,06-01-2026,189,189,51.58,9748.62,Delivered,0
PO002081,PROD0056,SUP019,WH03,07-01-2025,13-01-2025,26-01-2025,300,300,51.58,15474,Delivered,13
PO002082,PROD0056,SUP019,WH03,05-03-2025,11-03-2025,12-03-2025,300,300,51.58,15474,Delivered,1
PO002083,PROD0056,SUP019,WH03,03-04-2025,09-04-2025,11-04-2025,300,300,51.58,15474,Delivered,2
PO002084,PROD0056,SUP019,WH03,01-05-2025,07-05-2025,08-05-2025,300,300,51.58,15474,Delivered,1
PO002085,PROD0056,SUP019,WH03,24-05-2025,30-05-2025,31-05-2025,300,300,51.58,15474,Delivered,1
PO002086,PROD0056,SUP019,WH03,20-06-2025,26-06-2025,26-06-2025,300,300,51.58,15474,Delivered,0
PO002087,PROD0056,SUP019,WH03,16-07-2025,22-07-2025,24-07-2025,300,300,51.58,15474,Delivered,2
PO002088,PROD0056,SUP019,WH03,19-08-2025,25-08-2025,25-08-2025,300,300,51.58,15474,Delivered,0
PO002089,PROD0056,SUP019,WH03,25-09-2025,01-10-2025,01-10-2025,300,300,51.58,15474,Delivered,0
PO002090,PROD0056,SUP019,WH03,02-11-2025,08-11-2025,14-11-2025,300,300,51.58,15474,Delivered,6
PO002091,PROD0056,SUP019,WH03,16-12-2025,22-12-2025,23-12-2025,300,300,51.58,15474,Delivered,1
PO002092,PROD0056,SUP019,WH04,02-01-2025,08-01-2025,10-01-2025,256,256,51.58,13204.48,Delivered,2
PO002093,PROD0056,SUP019,WH04,15-02-2025,21-02-2025,21-02-2025,256,256,51.58,13204.48,Delivered,0
PO002094,PROD0056,SUP019,WH04,18-03-2025,24-03-2025,26-03-2025,256,256,51.58,13204.48,Delivered,2
PO002095,PROD0056,SUP019,WH04,14-04-2025,20-04-2025,01-05-2025,256,256,51.58,13204.48,Delivered,11
PO002096,PROD0056,SUP019,WH04,19-05-2025,25-05-2025,25-05-2025,256,256,51.58,13204.48,Delivered,0
PO002097,PROD0056,SUP019,WH04,15-06-2025,21-06-2025,22-06-2025,256,256,51.58,13204.48,Delivered,1
PO002098,PROD0056,SUP019,WH04,12-07-2025,18-07-2025,24-07-2025,256,256,51.58,13204.48,Delivered,6
PO002099,PROD0056,SUP019,WH04,18-08-2025,24-08-2025,24-08-2025,256,242,51.58,13204.48,Partial - Defect/Shortage,0
PO002100,PROD0056,SUP019,WH04,15-09-2025,21-09-2025,23-09-2025,256,256,51.58,13204.48,Delivered,2
PO002101,PROD0056,SUP019,WH04,23-10-2025,29-10-2025,30-10-2025,256,247,51.58,13204.48,Partial - Defect/Shortage,1
PO002102,PROD0056,SUP019,WH04,03-12-2025,09-12-2025,22-12-2025,256,256,51.58,13204.48,Delivered,13
PO002103,PROD0056,SUP019,WH01,07-01-2025,13-01-2025,13-01-2025,192,192,51.58,9903.36,Delivered,0
PO002104,PROD0056,SUP019,WH01,21-02-2025,27-02-2025,27-02-2025,192,192,51.58,9903.36,Delivered,0
PO002105,PROD0056,SUP019,WH01,27-03-2025,02-04-2025,03-04-2025,192,192,51.58,9903.36,Delivered,1
PO002106,PROD0056,SUP019,WH01,29-04-2025,05-05-2025,07-05-2025,192,192,51.58,9903.36,Delivered,2
PO002107,PROD0056,SUP019,WH01,25-05-2025,31-05-2025,31-05-2025,192,192,51.58,9903.36,Delivered,0
PO002108,PROD0056,SUP019,WH01,21-06-2025,27-06-2025,29-06-2025,192,192,51.58,9903.36,Delivered,2
PO002109,PROD0056,SUP019,WH01,17-07-2025,23-07-2025,24-07-2025,192,192,51.58,9903.36,Delivered,1
PO002110,PROD0056,SUP019,WH01,14-08-2025,20-08-2025,20-08-2025,192,192,51.58,9903.36,Delivered,0
PO002111,PROD0056,SUP019,WH01,15-09-2025,21-09-2025,21-09-2025,192,192,51.58,9903.36,Delivered,0
PO002112,PROD0056,SUP019,WH01,23-10-2025,29-10-2025,31-10-2025,192,192,51.58,9903.36,Delivered,2
PO002113,PROD0056,SUP019,WH01,04-12-2025,10-12-2025,10-12-2025,192,192,51.58,9903.36,Delivered,0
PO002114,PROD0057,SUP013,WH03,03-01-2025,15-01-2025,16-01-2025,149,149,52.6,7837.4,Delivered,1
PO002115,PROD0057,SUP013,WH03,12-02-2025,24-02-2025,26-02-2025,149,149,52.6,7837.4,Delivered,2
PO002116,PROD0057,SUP013,WH03,23-03-2025,04-04-2025,05-04-2025,149,149,52.6,7837.4,Delivered,1
PO002117,PROD0057,SUP013,WH03,29-04-2025,11-05-2025,11-05-2025,149,131,52.6,7837.4,Partial - Defect/Shortage,0
PO002118,PROD0057,SUP013,WH03,01-06-2025,13-06-2025,13-06-2025,149,149,52.6,7837.4,Delivered,0
PO002119,PROD0057,SUP013,WH03,08-07-2025,20-07-2025,21-07-2025,149,149,52.6,7837.4,Delivered,1
PO002120,PROD0057,SUP013,WH03,09-08-2025,21-08-2025,22-08-2025,149,149,52.6,7837.4,Delivered,1
PO002121,PROD0057,SUP013,WH03,13-09-2025,25-09-2025,27-09-2025,149,149,52.6,7837.4,Delivered,2
PO002122,PROD0057,SUP013,WH03,12-10-2025,24-10-2025,26-10-2025,149,149,52.6,7837.4,Delivered,2
PO002123,PROD0057,SUP013,WH03,07-11-2025,19-11-2025,21-11-2025,149,149,52.6,7837.4,Delivered,2
PO002124,PROD0057,SUP013,WH03,03-12-2025,15-12-2025,15-12-2025,149,129,52.6,7837.4,Partial - Defect/Shortage,0
PO002125,PROD0057,SUP013,WH03,23-12-2025,04-01-2026,05-01-2026,149,149,52.6,7837.4,Delivered,1
PO002126,PROD0057,SUP013,WH03,24-12-2025,05-01-2026,06-01-2026,149,149,52.6,7837.4,Delivered,1
PO002127,PROD0057,SUP013,WH03,25-12-2025,06-01-2026,07-01-2026,149,149,52.6,7837.4,Delivered,1
PO002128,PROD0057,SUP013,WH03,26-12-2025,07-01-2026,18-01-2026,149,149,52.6,7837.4,Delivered,11
PO002129,PROD0057,SUP013,WH03,27-12-2025,08-01-2026,16-01-2026,149,149,52.6,7837.4,Delivered,8
PO002130,PROD0057,SUP013,WH03,28-12-2025,09-01-2026,10-01-2026,149,149,52.6,7837.4,Delivered,1
PO002131,PROD0057,SUP013,WH03,29-12-2025,10-01-2026,12-01-2026,149,149,52.6,7837.4,Delivered,2
PO002132,PROD0057,SUP013,WH03,30-12-2025,11-01-2026,11-01-2026,149,149,52.6,7837.4,Delivered,0
PO002133,PROD0057,SUP013,WH03,31-12-2025,12-01-2026,19-01-2026,149,149,52.6,7837.4,Delivered,7
PO002134,PROD0057,SUP013,WH01,10-01-2025,22-01-2025,22-01-2025,116,116,52.6,6101.6,Delivered,0
PO002135,PROD0057,SUP013,WH01,26-02-2025,10-03-2025,17-03-2025,116,116,52.6,6101.6,Delivered,7
PO002136,PROD0057,SUP013,WH01,09-04-2025,21-04-2025,22-04-2025,116,116,52.6,6101.6,Delivered,1
PO002137,PROD0057,SUP013,WH01,17-05-2025,29-05-2025,30-05-2025,116,116,52.6,6101.6,Delivered,1
PO002138,PROD0057,SUP013,WH01,20-06-2025,02-07-2025,02-07-2025,116,116,52.6,6101.6,Delivered,0
PO002139,PROD0057,SUP013,WH01,28-07-2025,09-08-2025,09-08-2025,116,116,52.6,6101.6,Delivered,0
PO002140,PROD0057,SUP013,WH01,29-08-2025,10-09-2025,10-09-2025,116,116,52.6,6101.6,Delivered,0
PO002141,PROD0057,SUP013,WH01,01-10-2025,13-10-2025,13-10-2025,116,116,52.6,6101.6,Delivered,0
PO002142,PROD0057,SUP013,WH01,30-10-2025,11-11-2025,11-11-2025,116,104,52.6,6101.6,Partial - Defect/Shortage,0
PO002143,PROD0057,SUP013,WH01,22-11-2025,04-12-2025,04-12-2025,116,116,52.6,6101.6,Delivered,0
PO002144,PROD0057,SUP013,WH01,16-12-2025,28-12-2025,30-12-2025,116,116,52.6,6101.6,Delivered,2
PO002145,PROD0057,SUP013,WH02,03-01-2025,15-01-2025,17-01-2025,123,123,52.6,6469.8,Delivered,2
PO002146,PROD0057,SUP013,WH02,18-02-2025,02-03-2025,04-03-2025,123,123,52.6,6469.8,Delivered,2
PO002147,PROD0057,SUP013,WH02,27-03-2025,08-04-2025,10-04-2025,123,123,52.6,6469.8,Delivered,2
PO002148,PROD0057,SUP013,WH02,04-05-2025,16-05-2025,16-05-2025,123,123,52.6,6469.8,Delivered,0
PO002149,PROD0057,SUP013,WH02,10-06-2025,22-06-2025,22-06-2025,123,123,52.6,6469.8,Delivered,0
PO002150,PROD0057,SUP013,WH02,19-07-2025,31-07-2025,31-07-2025,123,123,52.6,6469.8,Delivered,0
PO002151,PROD0057,SUP013,WH02,19-08-2025,31-08-2025,01-09-2025,123,115,52.6,6469.8,Partial - Defect/Shortage,1
PO002152,PROD0057,SUP013,WH02,15-09-2025,27-09-2025,01-10-2025,123,123,52.6,6469.8,Delivered,4
PO002153,PROD0057,SUP013,WH02,16-10-2025,28-10-2025,30-10-2025,123,123,52.6,6469.8,Delivered,2
PO002154,PROD0057,SUP013,WH02,07-11-2025,19-11-2025,19-11-2025,123,123,52.6,6469.8,Delivered,0
PO002155,PROD0057,SUP013,WH02,30-11-2025,12-12-2025,12-12-2025,123,123,52.6,6469.8,Delivered,0
PO002156,PROD0057,SUP013,WH02,21-12-2025,02-01-2026,04-01-2026,123,123,52.6,6469.8,Delivered,2
PO002157,PROD0057,SUP013,WH02,22-12-2025,03-01-2026,03-01-2026,123,123,52.6,6469.8,Delivered,0
PO002158,PROD0057,SUP013,WH02,23-12-2025,04-01-2026,04-01-2026,123,114,52.6,6469.8,Partial - Defect/Shortage,0
PO002159,PROD0057,SUP013,WH02,24-12-2025,05-01-2026,07-01-2026,123,123,52.6,6469.8,Delivered,2
PO002160,PROD0057,SUP013,WH02,25-12-2025,06-01-2026,08-01-2026,123,123,52.6,6469.8,Delivered,2
PO002161,PROD0057,SUP013,WH02,26-12-2025,07-01-2026,09-01-2026,123,123,52.6,6469.8,Delivered,2
PO002162,PROD0057,SUP013,WH02,27-12-2025,08-01-2026,09-01-2026,123,123,52.6,6469.8,Delivered,1
PO002163,PROD0057,SUP013,WH02,28-12-2025,09-01-2026,22-01-2026,123,123,52.6,6469.8,Delivered,13
PO002164,PROD0057,SUP013,WH02,29-12-2025,10-01-2026,10-01-2026,123,123,52.6,6469.8,Delivered,0
PO002165,PROD0057,SUP013,WH02,30-12-2025,11-01-2026,13-01-2026,123,123,52.6,6469.8,Delivered,2
PO002166,PROD0057,SUP013,WH02,31-12-2025,12-01-2026,14-01-2026,123,123,52.6,6469.8,Delivered,2
PO002167,PROD0058,SUP010,WH01,08-01-2025,22-01-2025,24-01-2025,1895,1895,6.99,13246.05,Delivered,2
PO002168,PROD0058,SUP010,WH01,12-02-2025,26-02-2025,28-02-2025,1895,1895,6.99,13246.05,Delivered,2
PO002169,PROD0058,SUP010,WH01,17-03-2025,31-03-2025,01-04-2025,1895,1895,6.99,13246.05,Delivered,1
PO002170,PROD0058,SUP010,WH01,16-04-2025,30-04-2025,30-04-2025,1895,1714,6.99,13246.05,Partial - Defect/Shortage,0
PO002171,PROD0058,SUP010,WH01,19-05-2025,02-06-2025,04-06-2025,1895,1895,6.99,13246.05,Delivered,2
PO002172,PROD0058,SUP010,WH01,20-06-2025,04-07-2025,06-07-2025,1895,1895,6.99,13246.05,Delivered,2
PO002173,PROD0058,SUP010,WH01,29-07-2025,12-08-2025,13-08-2025,1895,1895,6.99,13246.05,Delivered,1
PO002174,PROD0058,SUP010,WH01,04-09-2025,18-09-2025,30-09-2025,1895,1895,6.99,13246.05,Delivered,12
PO002175,PROD0058,SUP010,WH01,21-10-2025,04-11-2025,06-11-2025,1895,1895,6.99,13246.05,Delivered,2
PO002176,PROD0058,SUP010,WH01,20-11-2025,04-12-2025,06-12-2025,1895,1895,6.99,13246.05,Delivered,2
PO002177,PROD0058,SUP010,WH01,20-12-2025,03-01-2026,04-01-2026,1895,1895,6.99,13246.05,Delivered,1
PO002178,PROD0058,SUP010,WH01,21-12-2025,04-01-2026,05-01-2026,1895,1895,6.99,13246.05,Delivered,1
PO002179,PROD0058,SUP010,WH01,22-12-2025,05-01-2026,05-01-2026,1895,1895,6.99,13246.05,Delivered,0
PO002180,PROD0058,SUP010,WH01,23-12-2025,06-01-2026,08-01-2026,1895,1895,6.99,13246.05,Delivered,2
PO002181,PROD0058,SUP010,WH01,24-12-2025,07-01-2026,17-01-2026,1895,1895,6.99,13246.05,Delivered,10
PO002182,PROD0058,SUP010,WH01,25-12-2025,08-01-2026,08-01-2026,1895,1895,6.99,13246.05,Delivered,0
PO002183,PROD0058,SUP010,WH01,26-12-2025,09-01-2026,16-01-2026,1895,1895,6.99,13246.05,Delivered,7
PO002184,PROD0058,SUP010,WH01,27-12-2025,10-01-2026,14-01-2026,1895,1895,6.99,13246.05,Delivered,4
PO002185,PROD0058,SUP010,WH01,28-12-2025,11-01-2026,23-01-2026,1895,1895,6.99,13246.05,Delivered,12
PO002186,PROD0058,SUP010,WH01,29-12-2025,12-01-2026,12-01-2026,1895,1895,6.99,13246.05,Delivered,0
PO002187,PROD0058,SUP010,WH01,30-12-2025,13-01-2026,15-01-2026,1895,1895,6.99,13246.05,Delivered,2
PO002188,PROD0058,SUP010,WH01,31-12-2025,14-01-2026,15-01-2026,1895,1895,6.99,13246.05,Delivered,1
PO002189,PROD0058,SUP010,WH03,01-01-2025,15-01-2025,29-01-2025,1387,1387,6.99,9695.13,Delivered,14
PO002190,PROD0058,SUP010,WH03,18-02-2025,04-03-2025,05-03-2025,1387,1387,6.99,9695.13,Delivered,1
PO002191,PROD0058,SUP010,WH03,31-03-2025,14-04-2025,24-04-2025,1387,1387,6.99,9695.13,Delivered,10
PO002192,PROD0058,SUP010,WH03,14-05-2025,28-05-2025,28-05-2025,1387,1387,6.99,9695.13,Delivered,0
PO002193,PROD0058,SUP010,WH03,14-06-2025,28-06-2025,29-06-2025,1387,1387,6.99,9695.13,Delivered,1
PO002194,PROD0058,SUP010,WH03,18-07-2025,01-08-2025,01-08-2025,1387,1387,6.99,9695.13,Delivered,0
PO002195,PROD0058,SUP010,WH03,20-08-2025,03-09-2025,05-09-2025,1387,1387,6.99,9695.13,Delivered,2
PO002196,PROD0058,SUP010,WH03,23-09-2025,07-10-2025,07-10-2025,1387,1387,6.99,9695.13,Delivered,0
PO002197,PROD0058,SUP010,WH03,26-10-2025,09-11-2025,10-11-2025,1387,1387,6.99,9695.13,Delivered,1
PO002198,PROD0058,SUP010,WH03,26-11-2025,10-12-2025,11-12-2025,1387,1387,6.99,9695.13,Delivered,1
PO002199,PROD0058,SUP010,WH03,24-12-2025,07-01-2026,09-01-2026,1387,1387,6.99,9695.13,Delivered,2
PO002200,PROD0058,SUP010,WH03,25-12-2025,08-01-2026,09-01-2026,1387,1387,6.99,9695.13,Delivered,1
PO002201,PROD0058,SUP010,WH03,26-12-2025,09-01-2026,11-01-2026,1387,1387,6.99,9695.13,Delivered,2
PO002202,PROD0058,SUP010,WH03,27-12-2025,10-01-2026,11-01-2026,1387,1387,6.99,9695.13,Delivered,1
PO002203,PROD0058,SUP010,WH03,28-12-2025,11-01-2026,12-01-2026,1387,1225,6.99,9695.13,Partial - Defect/Shortage,1
PO002204,PROD0058,SUP010,WH03,29-12-2025,12-01-2026,13-01-2026,1387,1387,6.99,9695.13,Delivered,1
PO002205,PROD0058,SUP010,WH03,30-12-2025,13-01-2026,15-01-2026,1387,1387,6.99,9695.13,Delivered,2
PO002206,PROD0058,SUP010,WH03,31-12-2025,14-01-2026,14-01-2026,1387,1387,6.99,9695.13,Delivered,0
PO002207,PROD0058,SUP010,WH04,09-01-2025,23-01-2025,24-01-2025,2156,2156,6.99,15070.44,Delivered,1
PO002208,PROD0058,SUP010,WH04,12-02-2025,26-02-2025,26-02-2025,2156,1905,6.99,15070.44,Partial - Defect/Shortage,0
PO002209,PROD0058,SUP010,WH04,17-03-2025,31-03-2025,02-04-2025,2156,2156,6.99,15070.44,Delivered,2
PO002210,PROD0058,SUP010,WH04,22-04-2025,06-05-2025,08-05-2025,2156,2156,6.99,15070.44,Delivered,2
PO002211,PROD0058,SUP010,WH04,25-05-2025,08-06-2025,12-06-2025,2156,2156,6.99,15070.44,Delivered,4
PO002212,PROD0058,SUP010,WH04,03-07-2025,17-07-2025,17-07-2025,2156,2156,6.99,15070.44,Delivered,0
PO002213,PROD0058,SUP010,WH04,06-08-2025,20-08-2025,20-08-2025,2156,2156,6.99,15070.44,Delivered,0
PO002214,PROD0058,SUP010,WH04,08-09-2025,22-09-2025,24-09-2025,2156,2156,6.99,15070.44,Delivered,2
PO002215,PROD0058,SUP010,WH04,19-10-2025,02-11-2025,03-11-2025,2156,2156,6.99,15070.44,Delivered,1
PO002216,PROD0058,SUP010,WH04,23-11-2025,07-12-2025,09-12-2025,2156,2156,6.99,15070.44,Delivered,2
PO002217,PROD0058,SUP010,WH04,22-12-2025,05-01-2026,07-01-2026,2156,2156,6.99,15070.44,Delivered,2
PO002218,PROD0058,SUP010,WH04,23-12-2025,06-01-2026,06-01-2026,2156,2156,6.99,15070.44,Delivered,0
PO002219,PROD0058,SUP010,WH04,24-12-2025,07-01-2026,19-01-2026,2156,2156,6.99,15070.44,Delivered,12
PO002220,PROD0058,SUP010,WH04,25-12-2025,08-01-2026,08-01-2026,2156,1984,6.99,15070.44,Partial - Defect/Shortage,0
PO002221,PROD0058,SUP010,WH04,26-12-2025,09-01-2026,09-01-2026,2156,2156,6.99,15070.44,Delivered,0
PO002222,PROD0058,SUP010,WH04,27-12-2025,10-01-2026,12-01-2026,2156,2156,6.99,15070.44,Delivered,2
PO002223,PROD0058,SUP010,WH04,28-12-2025,11-01-2026,12-01-2026,2156,2156,6.99,15070.44,Delivered,1
PO002224,PROD0058,SUP010,WH04,29-12-2025,12-01-2026,13-01-2026,2156,2156,6.99,15070.44,Delivered,1
PO002225,PROD0058,SUP010,WH04,30-12-2025,13-01-2026,14-01-2026,2156,2156,6.99,15070.44,Delivered,1
PO002226,PROD0058,SUP010,WH04,31-12-2025,14-01-2026,16-01-2026,2156,2156,6.99,15070.44,Delivered,2
PO002227,PROD0059,SUP012,WH03,16-01-2025,03-02-2025,13-02-2025,1150,1150,11.28,12972,Delivered,10
PO002228,PROD0059,SUP012,WH03,28-02-2025,18-03-2025,18-03-2025,1150,1104,11.28,12972,Partial - Defect/Shortage,0
PO002229,PROD0059,SUP012,WH03,04-04-2025,22-04-2025,30-04-2025,1150,1150,11.28,12972,Delivered,8
PO002230,PROD0059,SUP012,WH03,13-05-2025,31-05-2025,01-06-2025,1150,1150,11.28,12972,Delivered,1
PO002231,PROD0059,SUP012,WH03,16-06-2025,04-07-2025,06-07-2025,1150,1150,11.28,12972,Delivered,2
PO002232,PROD0059,SUP012,WH03,22-07-2025,09-08-2025,22-08-2025,1150,1150,11.28,12972,Delivered,13
PO002233,PROD0059,SUP012,WH03,02-09-2025,20-09-2025,22-09-2025,1150,1150,11.28,12972,Delivered,2
PO002234,PROD0059,SUP012,WH03,03-10-2025,21-10-2025,22-10-2025,1150,1096,11.28,12972,Partial - Defect/Shortage,1
PO002235,PROD0059,SUP012,WH03,06-11-2025,24-11-2025,24-11-2025,1150,1150,11.28,12972,Delivered,0
PO002236,PROD0059,SUP012,WH03,07-12-2025,25-12-2025,25-12-2025,1150,1150,11.28,12972,Delivered,0
PO002237,PROD0059,SUP012,WH02,09-01-2025,27-01-2025,28-01-2025,1262,1262,11.28,14235.36,Delivered,1
PO002238,PROD0059,SUP012,WH02,11-02-2025,01-03-2025,03-03-2025,1262,1262,11.28,14235.36,Delivered,2
PO002239,PROD0059,SUP012,WH02,18-03-2025,05-04-2025,05-04-2025,1262,1262,11.28,14235.36,Delivered,0
PO002240,PROD0059,SUP012,WH02,21-04-2025,09-05-2025,13-05-2025,1262,1138,11.28,14235.36,Partial - Defect/Shortage,4
PO002241,PROD0059,SUP012,WH02,21-05-2025,08-06-2025,16-06-2025,1262,1262,11.28,14235.36,Delivered,8
PO002242,PROD0059,SUP012,WH02,30-06-2025,18-07-2025,26-07-2025,1262,1262,11.28,14235.36,Delivered,8
PO002243,PROD0059,SUP012,WH02,08-08-2025,26-08-2025,27-08-2025,1262,1262,11.28,14235.36,Delivered,1
PO002244,PROD0059,SUP012,WH02,11-09-2025,29-09-2025,30-09-2025,1262,1262,11.28,14235.36,Delivered,1
PO002245,PROD0059,SUP012,WH02,16-10-2025,03-11-2025,16-11-2025,1262,1262,11.28,14235.36,Delivered,13
PO002246,PROD0059,SUP012,WH02,28-11-2025,16-12-2025,16-12-2025,1262,1262,11.28,14235.36,Delivered,0
PO002247,PROD0059,SUP012,WH02,27-12-2025,14-01-2026,21-01-2026,1262,1262,11.28,14235.36,Delivered,7
PO002248,PROD0059,SUP012,WH02,28-12-2025,15-01-2026,15-01-2026,1262,1262,11.28,14235.36,Delivered,0
PO002249,PROD0059,SUP012,WH02,29-12-2025,16-01-2026,17-01-2026,1262,1154,11.28,14235.36,Partial - Defect/Shortage,1
PO002250,PROD0059,SUP012,WH02,30-12-2025,17-01-2026,31-01-2026,1262,1262,11.28,14235.36,Delivered,14
PO002251,PROD0059,SUP012,WH02,31-12-2025,18-01-2026,20-01-2026,1262,1262,11.28,14235.36,Delivered,2
PO002252,PROD0060,SUP014,WH02,03-01-2025,10-01-2025,12-01-2025,394,394,102.56,40408.64,Delivered,2
PO002253,PROD0060,SUP014,WH02,12-02-2025,19-02-2025,19-02-2025,394,394,102.56,40408.64,Delivered,0
PO002254,PROD0060,SUP014,WH02,25-03-2025,01-04-2025,01-04-2025,394,394,102.56,40408.64,Delivered,0
PO002255,PROD0060,SUP014,WH02,28-04-2025,05-05-2025,05-05-2025,394,394,102.56,40408.64,Delivered,0
PO002256,PROD0060,SUP014,WH02,05-06-2025,12-06-2025,14-06-2025,394,394,102.56,40408.64,Delivered,2
PO002257,PROD0060,SUP014,WH02,13-07-2025,20-07-2025,30-07-2025,394,394,102.56,40408.64,Delivered,10
PO002258,PROD0060,SUP014,WH02,22-08-2025,29-08-2025,29-08-2025,394,394,102.56,40408.64,Delivered,0
PO002259,PROD0060,SUP014,WH02,25-09-2025,02-10-2025,04-10-2025,394,394,102.56,40408.64,Delivered,2
PO002260,PROD0060,SUP014,WH02,22-10-2025,29-10-2025,06-11-2025,394,394,102.56,40408.64,Delivered,8
PO002261,PROD0060,SUP014,WH02,21-11-2025,28-11-2025,09-12-2025,394,394,102.56,40408.64,Delivered,11
PO002262,PROD0060,SUP014,WH02,22-12-2025,29-12-2025,29-12-2025,394,394,102.56,40408.64,Delivered,0
PO002263,PROD0060,SUP014,WH03,04-01-2025,11-01-2025,11-01-2025,282,282,102.56,28921.92,Delivered,0
PO002264,PROD0060,SUP014,WH03,20-02-2025,27-02-2025,28-02-2025,282,282,102.56,28921.92,Delivered,1
PO002265,PROD0060,SUP014,WH03,03-04-2025,10-04-2025,11-04-2025,282,282,102.56,28921.92,Delivered,1
PO002266,PROD0060,SUP014,WH03,15-05-2025,22-05-2025,23-05-2025,282,282,102.56,28921.92,Delivered,1
PO002267,PROD0060,SUP014,WH03,22-06-2025,29-06-2025,29-06-2025,282,282,102.56,28921.92,Delivered,0
PO002268,PROD0060,SUP014,WH03,27-07-2025,03-08-2025,04-08-2025,282,282,102.56,28921.92,Delivered,1
PO002269,PROD0060,SUP014,WH03,31-08-2025,07-09-2025,08-09-2025,282,282,102.56,28921.92,Delivered,1
PO002270,PROD0060,SUP014,WH03,02-10-2025,09-10-2025,11-10-2025,282,282,102.56,28921.92,Delivered,2
PO002271,PROD0060,SUP014,WH03,31-10-2025,07-11-2025,16-11-2025,282,282,102.56,28921.92,Delivered,9
PO002272,PROD0060,SUP014,WH03,06-12-2025,13-12-2025,14-12-2025,282,282,102.56,28921.92,Delivered,1
PO002273,PROD0060,SUP014,WH03,31-12-2025,07-01-2026,09-01-2026,282,254,102.56,28921.92,Partial - Defect/Shortage,2
PO002274,PROD0060,SUP014,WH04,06-01-2025,13-01-2025,14-01-2025,291,291,102.56,29844.96,Delivered,1
PO002275,PROD0060,SUP014,WH04,21-02-2025,28-02-2025,14-03-2025,291,291,102.56,29844.96,Delivered,14
PO002276,PROD0060,SUP014,WH04,13-04-2025,20-04-2025,29-04-2025,291,281,102.56,29844.96,Partial - Defect/Shortage,9
PO002277,PROD0060,SUP014,WH04,29-05-2025,05-06-2025,07-06-2025,291,291,102.56,29844.96,Delivered,2
PO002278,PROD0060,SUP014,WH04,06-07-2025,13-07-2025,13-07-2025,291,291,102.56,29844.96,Delivered,0
PO002279,PROD0060,SUP014,WH04,07-08-2025,14-08-2025,16-08-2025,291,291,102.56,29844.96,Delivered,2
PO002280,PROD0060,SUP014,WH04,09-09-2025,16-09-2025,17-09-2025,291,291,102.56,29844.96,Delivered,1
PO002281,PROD0060,SUP014,WH04,11-10-2025,18-10-2025,19-10-2025,291,291,102.56,29844.96,Delivered,1
PO002282,PROD0060,SUP014,WH04,06-11-2025,13-11-2025,13-11-2025,291,291,102.56,29844.96,Delivered,0
PO002283,PROD0060,SUP014,WH04,01-12-2025,08-12-2025,08-12-2025,291,291,102.56,29844.96,Delivered,0
PO002284,PROD0060,SUP014,WH04,19-12-2025,26-12-2025,28-12-2025,291,291,102.56,29844.96,Delivered,2
PO002285,PROD0061,SUP007,WH01,05-01-2025,12-01-2025,14-01-2025,141,141,162.52,22915.32,Delivered,2
PO002286,PROD0061,SUP007,WH01,22-02-2025,01-03-2025,02-03-2025,141,141,162.52,22915.32,Delivered,1
PO002287,PROD0061,SUP007,WH01,24-03-2025,31-03-2025,02-04-2025,141,141,162.52,22915.32,Delivered,2
PO002288,PROD0061,SUP007,WH01,17-04-2025,24-04-2025,24-04-2025,141,141,162.52,22915.32,Delivered,0
PO002289,PROD0061,SUP007,WH01,14-05-2025,21-05-2025,22-05-2025,141,141,162.52,22915.32,Delivered,1
PO002290,PROD0061,SUP007,WH01,08-06-2025,15-06-2025,15-06-2025,141,141,162.52,22915.32,Delivered,0
PO002291,PROD0061,SUP007,WH01,11-07-2025,18-07-2025,18-07-2025,141,123,162.52,22915.32,Partial - Defect/Shortage,0
PO002292,PROD0061,SUP007,WH01,09-08-2025,16-08-2025,17-08-2025,141,141,162.52,22915.32,Delivered,1
PO002293,PROD0061,SUP007,WH01,11-09-2025,18-09-2025,20-09-2025,141,141,162.52,22915.32,Delivered,2
PO002294,PROD0061,SUP007,WH01,15-10-2025,22-10-2025,22-10-2025,141,141,162.52,22915.32,Delivered,0
PO002295,PROD0061,SUP007,WH01,23-11-2025,30-11-2025,01-12-2025,141,141,162.52,22915.32,Delivered,1
PO002296,PROD0061,SUP007,WH02,05-01-2025,12-01-2025,12-01-2025,157,157,162.52,25515.64,Delivered,0
PO002297,PROD0061,SUP007,WH02,22-02-2025,01-03-2025,03-03-2025,157,157,162.52,25515.64,Delivered,2
PO002298,PROD0061,SUP007,WH02,27-03-2025,03-04-2025,03-04-2025,157,157,162.52,25515.64,Delivered,0
PO002299,PROD0061,SUP007,WH02,22-04-2025,29-04-2025,01-05-2025,157,157,162.52,25515.64,Delivered,2
PO002300,PROD0061,SUP007,WH02,19-05-2025,26-05-2025,27-05-2025,157,145,162.52,25515.64,Partial - Defect/Shortage,1
PO002301,PROD0061,SUP007,WH02,08-06-2025,15-06-2025,16-06-2025,157,157,162.52,25515.64,Delivered,1
PO002302,PROD0061,SUP007,WH02,07-07-2025,14-07-2025,15-07-2025,157,157,162.52,25515.64,Delivered,1
PO002303,PROD0061,SUP007,WH02,04-08-2025,11-08-2025,12-08-2025,157,157,162.52,25515.64,Delivered,1
PO002304,PROD0061,SUP007,WH02,05-09-2025,12-09-2025,14-09-2025,157,157,162.52,25515.64,Delivered,2
PO002305,PROD0061,SUP007,WH02,12-10-2025,19-10-2025,19-10-2025,157,157,162.52,25515.64,Delivered,0
PO002306,PROD0061,SUP007,WH02,21-11-2025,28-11-2025,02-12-2025,157,157,162.52,25515.64,Delivered,4
PO002307,PROD0061,SUP007,WH03,01-01-2025,08-01-2025,08-01-2025,115,115,162.52,18689.8,Delivered,0
PO002308,PROD0061,SUP007,WH03,17-02-2025,24-02-2025,24-02-2025,115,115,162.52,18689.8,Delivered,0
PO002309,PROD0061,SUP007,WH03,20-03-2025,27-03-2025,29-03-2025,115,115,162.52,18689.8,Delivered,2
PO002310,PROD0061,SUP007,WH03,14-04-2025,21-04-2025,22-04-2025,115,115,162.52,18689.8,Delivered,1
PO002311,PROD0061,SUP007,WH03,15-05-2025,22-05-2025,22-05-2025,115,115,162.52,18689.8,Delivered,0
PO002312,PROD0061,SUP007,WH03,12-06-2025,19-06-2025,19-06-2025,115,115,162.52,18689.8,Delivered,0
PO002313,PROD0061,SUP007,WH03,12-07-2025,19-07-2025,19-07-2025,115,115,162.52,18689.8,Delivered,0
PO002314,PROD0061,SUP007,WH03,10-08-2025,17-08-2025,30-08-2025,115,115,162.52,18689.8,Delivered,13
PO002315,PROD0061,SUP007,WH03,25-09-2025,02-10-2025,02-10-2025,115,115,162.52,18689.8,Delivered,0
PO002316,PROD0061,SUP007,WH03,02-11-2025,09-11-2025,09-11-2025,115,115,162.52,18689.8,Delivered,0
PO002317,PROD0061,SUP007,WH03,14-12-2025,21-12-2025,22-12-2025,115,115,162.52,18689.8,Delivered,1
PO002318,PROD0061,SUP007,WH04,04-01-2025,11-01-2025,12-01-2025,170,170,162.52,27628.4,Delivered,1
PO002319,PROD0061,SUP007,WH04,17-02-2025,24-02-2025,24-02-2025,170,170,162.52,27628.4,Delivered,0
PO002320,PROD0061,SUP007,WH04,25-03-2025,01-04-2025,01-04-2025,170,170,162.52,27628.4,Delivered,0
PO002321,PROD0061,SUP007,WH04,18-04-2025,25-04-2025,26-04-2025,170,170,162.52,27628.4,Delivered,1
PO002322,PROD0061,SUP007,WH04,12-05-2025,19-05-2025,21-05-2025,170,170,162.52,27628.4,Delivered,2
PO002323,PROD0061,SUP007,WH04,08-06-2025,15-06-2025,17-06-2025,170,170,162.52,27628.4,Delivered,2
PO002324,PROD0061,SUP007,WH04,04-07-2025,11-07-2025,12-07-2025,170,170,162.52,27628.4,Delivered,1
PO002325,PROD0061,SUP007,WH04,02-08-2025,09-08-2025,10-08-2025,170,170,162.52,27628.4,Delivered,1
PO002326,PROD0061,SUP007,WH04,04-09-2025,11-09-2025,11-09-2025,170,170,162.52,27628.4,Delivered,0
PO002327,PROD0061,SUP007,WH04,08-10-2025,15-10-2025,16-10-2025,170,170,162.52,27628.4,Delivered,1
PO002328,PROD0061,SUP007,WH04,22-11-2025,29-11-2025,30-11-2025,170,170,162.52,27628.4,Delivered,1
PO002329,PROD0062,SUP008,WH02,03-01-2025,10-01-2025,10-01-2025,300,300,24.55,7365,Delivered,0
PO002330,PROD0062,SUP008,WH02,10-02-2025,17-02-2025,18-02-2025,300,300,24.55,7365,Delivered,1
PO002331,PROD0062,SUP008,WH02,19-03-2025,26-03-2025,28-03-2025,300,300,24.55,7365,Delivered,2
PO002332,PROD0062,SUP008,WH02,19-04-2025,26-04-2025,28-04-2025,300,300,24.55,7365,Delivered,2
PO002333,PROD0062,SUP008,WH02,21-05-2025,28-05-2025,29-05-2025,300,300,24.55,7365,Delivered,1
PO002334,PROD0062,SUP008,WH02,24-06-2025,01-07-2025,03-07-2025,300,300,24.55,7365,Delivered,2
PO002335,PROD0062,SUP008,WH02,02-08-2025,09-08-2025,11-08-2025,300,300,24.55,7365,Delivered,2
PO002336,PROD0062,SUP008,WH02,05-09-2025,12-09-2025,14-09-2025,300,300,24.55,7365,Delivered,2
PO002337,PROD0062,SUP008,WH02,06-10-2025,13-10-2025,13-10-2025,300,300,24.55,7365,Delivered,0
PO002338,PROD0062,SUP008,WH02,07-11-2025,14-11-2025,15-11-2025,300,300,24.55,7365,Delivered,1
PO002339,PROD0062,SUP008,WH02,10-12-2025,17-12-2025,29-12-2025,300,300,24.55,7365,Delivered,12
PO002340,PROD0062,SUP008,WH04,01-01-2025,08-01-2025,14-01-2025,202,202,24.55,4959.1,Delivered,6
PO002341,PROD0062,SUP008,WH04,14-02-2025,21-02-2025,21-02-2025,202,202,24.55,4959.1,Delivered,0
PO002342,PROD0062,SUP008,WH04,21-03-2025,28-03-2025,28-03-2025,202,202,24.55,4959.1,Delivered,0
PO002343,PROD0062,SUP008,WH04,19-04-2025,26-04-2025,26-04-2025,202,202,24.55,4959.1,Delivered,0
PO002344,PROD0062,SUP008,WH04,20-05-2025,27-05-2025,27-05-2025,202,202,24.55,4959.1,Delivered,0
PO002345,PROD0062,SUP008,WH04,22-06-2025,29-06-2025,29-06-2025,202,202,24.55,4959.1,Delivered,0
PO002346,PROD0062,SUP008,WH04,27-07-2025,03-08-2025,05-08-2025,202,183,24.55,4959.1,Partial - Defect/Shortage,2
PO002347,PROD0062,SUP008,WH04,26-08-2025,02-09-2025,03-09-2025,202,202,24.55,4959.1,Delivered,1
PO002348,PROD0062,SUP008,WH04,25-09-2025,02-10-2025,09-10-2025,202,202,24.55,4959.1,Delivered,7
PO002349,PROD0062,SUP008,WH04,03-11-2025,10-11-2025,11-11-2025,202,202,24.55,4959.1,Delivered,1
PO002350,PROD0062,SUP008,WH04,05-12-2025,12-12-2025,12-12-2025,202,202,24.55,4959.1,Delivered,0
PO002351,PROD0063,SUP019,WH03,03-01-2025,09-01-2025,09-01-2025,466,466,106.46,49610.36,Delivered,0
PO002352,PROD0063,SUP019,WH03,13-02-2025,19-02-2025,28-02-2025,466,466,106.46,49610.36,Delivered,9
PO002353,PROD0063,SUP019,WH03,01-04-2025,07-04-2025,08-04-2025,466,466,106.46,49610.36,Delivered,1
PO002354,PROD0063,SUP019,WH03,12-05-2025,18-05-2025,18-05-2025,466,466,106.46,49610.36,Delivered,0
PO002355,PROD0063,SUP019,WH03,20-06-2025,26-06-2025,26-06-2025,466,466,106.46,49610.36,Delivered,0
PO002356,PROD0063,SUP019,WH03,27-07-2025,02-08-2025,02-08-2025,466,466,106.46,49610.36,Delivered,0
PO002357,PROD0063,SUP019,WH03,31-08-2025,06-09-2025,07-09-2025,466,466,106.46,49610.36,Delivered,1
PO002358,PROD0063,SUP019,WH03,03-10-2025,09-10-2025,09-10-2025,466,466,106.46,49610.36,Delivered,0
PO002359,PROD0063,SUP019,WH03,02-11-2025,08-11-2025,09-11-2025,466,466,106.46,49610.36,Delivered,1
PO002360,PROD0063,SUP019,WH03,26-11-2025,02-12-2025,02-12-2025,466,466,106.46,49610.36,Delivered,0
PO002361,PROD0063,SUP019,WH03,17-12-2025,23-12-2025,23-12-2025,466,466,106.46,49610.36,Delivered,0
PO002362,PROD0063,SUP019,WH01,02-01-2025,08-01-2025,10-01-2025,467,467,106.46,49716.82,Delivered,2
PO002363,PROD0063,SUP019,WH01,11-02-2025,17-02-2025,19-02-2025,467,467,106.46,49716.82,Delivered,2
PO002364,PROD0063,SUP019,WH01,24-03-2025,30-03-2025,01-04-2025,467,467,106.46,49716.82,Delivered,2
PO002365,PROD0063,SUP019,WH01,01-05-2025,07-05-2025,09-05-2025,467,467,106.46,49716.82,Delivered,2
PO002366,PROD0063,SUP019,WH01,12-06-2025,18-06-2025,19-06-2025,467,467,106.46,49716.82,Delivered,1
PO002367,PROD0063,SUP019,WH01,17-07-2025,23-07-2025,24-07-2025,467,467,106.46,49716.82,Delivered,1
PO002368,PROD0063,SUP019,WH01,18-08-2025,24-08-2025,26-08-2025,467,467,106.46,49716.82,Delivered,2
PO002369,PROD0063,SUP019,WH01,20-09-2025,26-09-2025,06-10-2025,467,467,106.46,49716.82,Delivered,10
PO002370,PROD0063,SUP019,WH01,29-10-2025,04-11-2025,04-11-2025,467,467,106.46,49716.82,Delivered,0
PO002371,PROD0063,SUP019,WH01,22-11-2025,28-11-2025,30-11-2025,467,467,106.46,49716.82,Delivered,2
PO002372,PROD0063,SUP019,WH01,16-12-2025,22-12-2025,22-12-2025,467,467,106.46,49716.82,Delivered,0
PO002373,PROD0063,SUP019,WH04,03-01-2025,09-01-2025,09-01-2025,662,662,106.46,70476.52,Delivered,0
PO002374,PROD0063,SUP019,WH04,14-02-2025,20-02-2025,02-03-2025,662,662,106.46,70476.52,Delivered,10
PO002375,PROD0063,SUP019,WH04,02-04-2025,08-04-2025,10-04-2025,662,662,106.46,70476.52,Delivered,2
PO002376,PROD0063,SUP019,WH04,10-05-2025,16-05-2025,16-05-2025,662,662,106.46,70476.52,Delivered,0
PO002377,PROD0063,SUP019,WH04,18-06-2025,24-06-2025,25-06-2025,662,662,106.46,70476.52,Delivered,1
PO002378,PROD0063,SUP019,WH04,25-07-2025,31-07-2025,01-08-2025,662,662,106.46,70476.52,Delivered,1
PO002379,PROD0063,SUP019,WH04,28-08-2025,03-09-2025,03-09-2025,662,662,106.46,70476.52,Delivered,0
PO002380,PROD0063,SUP019,WH04,28-09-2025,04-10-2025,04-10-2025,662,662,106.46,70476.52,Delivered,0
PO002381,PROD0063,SUP019,WH04,27-10-2025,02-11-2025,02-11-2025,662,662,106.46,70476.52,Delivered,0
PO002382,PROD0063,SUP019,WH04,20-11-2025,26-11-2025,26-11-2025,662,662,106.46,70476.52,Delivered,0
PO002383,PROD0063,SUP019,WH04,11-12-2025,17-12-2025,17-12-2025,662,662,106.46,70476.52,Delivered,0
PO002384,PROD0063,SUP019,WH04,31-12-2025,06-01-2026,07-01-2026,662,662,106.46,70476.52,Delivered,1
PO002385,PROD0063,SUP019,WH02,06-01-2025,12-01-2025,18-01-2025,549,549,106.46,58446.54,Delivered,6
PO002386,PROD0063,SUP019,WH02,17-02-2025,23-02-2025,24-02-2025,549,549,106.46,58446.54,Delivered,1
PO002387,PROD0063,SUP019,WH02,29-03-2025,04-04-2025,16-04-2025,549,549,106.46,58446.54,Delivered,12
PO002388,PROD0063,SUP019,WH02,17-05-2025,23-05-2025,24-05-2025,549,549,106.46,58446.54,Delivered,1
PO002389,PROD0063,SUP019,WH02,23-06-2025,29-06-2025,01-07-2025,549,549,106.46,58446.54,Delivered,2
PO002390,PROD0063,SUP019,WH02,30-07-2025,05-08-2025,06-08-2025,549,549,106.46,58446.54,Delivered,1
PO002391,PROD0063,SUP019,WH02,31-08-2025,06-09-2025,07-09-2025,549,549,106.46,58446.54,Delivered,1
PO002392,PROD0063,SUP019,WH02,02-10-2025,08-10-2025,18-10-2025,549,549,106.46,58446.54,Delivered,10
PO002393,PROD0063,SUP019,WH02,07-11-2025,13-11-2025,15-11-2025,549,549,106.46,58446.54,Delivered,2
PO002394,PROD0063,SUP019,WH02,01-12-2025,07-12-2025,09-12-2025,549,549,106.46,58446.54,Delivered,2
PO002395,PROD0063,SUP019,WH02,24-12-2025,30-12-2025,31-12-2025,549,549,106.46,58446.54,Delivered,1
PO002396,PROD0064,SUP012,WH02,07-01-2025,25-01-2025,25-01-2025,66,66,169.02,11155.32,Delivered,0
PO002397,PROD0064,SUP012,WH02,16-02-2025,06-03-2025,16-03-2025,66,66,169.02,11155.32,Delivered,10
PO002398,PROD0064,SUP012,WH02,25-03-2025,12-04-2025,19-04-2025,66,66,169.02,11155.32,Delivered,7
PO002399,PROD0064,SUP012,WH02,29-04-2025,17-05-2025,18-05-2025,66,66,169.02,11155.32,Delivered,1
PO002400,PROD0064,SUP012,WH02,29-05-2025,16-06-2025,23-06-2025,66,66,169.02,11155.32,Delivered,7
PO002401,PROD0064,SUP012,WH02,03-07-2025,21-07-2025,31-07-2025,66,66,169.02,11155.32,Delivered,10
PO002402,PROD0064,SUP012,WH02,12-08-2025,30-08-2025,01-09-2025,66,66,169.02,11155.32,Delivered,2
PO002403,PROD0064,SUP012,WH02,20-09-2025,08-10-2025,17-10-2025,66,66,169.02,11155.32,Delivered,9
PO002404,PROD0064,SUP012,WH02,04-11-2025,22-11-2025,22-11-2025,66,66,169.02,11155.32,Delivered,0
PO002405,PROD0064,SUP012,WH02,18-12-2025,05-01-2026,11-01-2026,66,66,169.02,11155.32,Delivered,6
PO002406,PROD0064,SUP012,WH02,19-12-2025,06-01-2026,07-01-2026,66,66,169.02,11155.32,Delivered,1
PO002407,PROD0064,SUP012,WH02,20-12-2025,07-01-2026,13-01-2026,66,66,169.02,11155.32,Delivered,6
PO002408,PROD0064,SUP012,WH02,21-12-2025,08-01-2026,09-01-2026,66,66,169.02,11155.32,Delivered,1
PO002409,PROD0064,SUP012,WH02,22-12-2025,09-01-2026,15-01-2026,66,66,169.02,11155.32,Delivered,6
PO002410,PROD0064,SUP012,WH02,23-12-2025,10-01-2026,19-01-2026,66,61,169.02,11155.32,Partial - Defect/Shortage,9
PO002411,PROD0064,SUP012,WH02,24-12-2025,11-01-2026,18-01-2026,66,66,169.02,11155.32,Delivered,7
PO002412,PROD0064,SUP012,WH02,25-12-2025,12-01-2026,19-01-2026,66,66,169.02,11155.32,Delivered,7
PO002413,PROD0064,SUP012,WH02,26-12-2025,13-01-2026,13-01-2026,66,66,169.02,11155.32,Delivered,0
PO002414,PROD0064,SUP012,WH02,27-12-2025,14-01-2026,27-01-2026,66,66,169.02,11155.32,Delivered,13
PO002415,PROD0064,SUP012,WH02,28-12-2025,15-01-2026,23-01-2026,66,66,169.02,11155.32,Delivered,8
PO002416,PROD0064,SUP012,WH02,29-12-2025,16-01-2026,30-01-2026,66,66,169.02,11155.32,Delivered,14
PO002417,PROD0064,SUP012,WH02,30-12-2025,17-01-2026,29-01-2026,66,66,169.02,11155.32,Delivered,12
PO002418,PROD0064,SUP012,WH02,31-12-2025,18-01-2026,24-01-2026,66,59,169.02,11155.32,Partial - Defect/Shortage,6
PO002419,PROD0064,SUP012,WH01,17-01-2025,04-02-2025,05-02-2025,67,61,169.02,11324.34,Partial - Defect/Shortage,1
PO002420,PROD0064,SUP012,WH01,28-02-2025,18-03-2025,24-03-2025,67,67,169.02,11324.34,Delivered,6
PO002421,PROD0064,SUP012,WH01,07-04-2025,25-04-2025,27-04-2025,67,67,169.02,11324.34,Delivered,2
PO002422,PROD0064,SUP012,WH01,09-05-2025,27-05-2025,27-05-2025,67,67,169.02,11324.34,Delivered,0
PO002423,PROD0064,SUP012,WH01,05-06-2025,23-06-2025,23-06-2025,67,67,169.02,11324.34,Delivered,0
PO002424,PROD0064,SUP012,WH01,04-07-2025,22-07-2025,01-08-2025,67,67,169.02,11324.34,Delivered,10
PO002425,PROD0064,SUP012,WH01,15-08-2025,02-09-2025,06-09-2025,67,67,169.02,11324.34,Delivered,4
PO002426,PROD0064,SUP012,WH01,20-09-2025,08-10-2025,10-10-2025,67,67,169.02,11324.34,Delivered,2
PO002427,PROD0064,SUP012,WH01,29-10-2025,16-11-2025,30-11-2025,67,67,169.02,11324.34,Delivered,14
PO002428,PROD0064,SUP012,WH01,15-12-2025,02-01-2026,03-01-2026,67,67,169.02,11324.34,Delivered,1
PO002429,PROD0064,SUP012,WH01,16-12-2025,03-01-2026,05-01-2026,67,67,169.02,11324.34,Delivered,2
PO002430,PROD0064,SUP012,WH01,17-12-2025,04-01-2026,09-01-2026,67,67,169.02,11324.34,Delivered,5
PO002431,PROD0064,SUP012,WH01,18-12-2025,05-01-2026,05-01-2026,67,62,169.02,11324.34,Partial - Defect/Shortage,0
PO002432,PROD0064,SUP012,WH01,19-12-2025,06-01-2026,06-01-2026,67,67,169.02,11324.34,Delivered,0
PO002433,PROD0064,SUP012,WH01,20-12-2025,07-01-2026,17-01-2026,67,67,169.02,11324.34,Delivered,10
PO002434,PROD0064,SUP012,WH01,21-12-2025,08-01-2026,14-01-2026,67,67,169.02,11324.34,Delivered,6
PO002435,PROD0064,SUP012,WH01,22-12-2025,09-01-2026,16-01-2026,67,67,169.02,11324.34,Delivered,7
PO002436,PROD0064,SUP012,WH01,23-12-2025,10-01-2026,11-01-2026,67,59,169.02,11324.34,Partial - Defect/Shortage,1
PO002437,PROD0064,SUP012,WH01,24-12-2025,11-01-2026,24-01-2026,67,67,169.02,11324.34,Delivered,13
PO002438,PROD0064,SUP012,WH01,25-12-2025,12-01-2026,17-01-2026,67,67,169.02,11324.34,Delivered,5
PO002439,PROD0064,SUP012,WH01,26-12-2025,13-01-2026,14-01-2026,67,58,169.02,11324.34,Partial - Defect/Shortage,1
PO002440,PROD0064,SUP012,WH01,27-12-2025,14-01-2026,24-01-2026,67,67,169.02,11324.34,Delivered,10
PO002441,PROD0064,SUP012,WH01,28-12-2025,15-01-2026,20-01-2026,67,67,169.02,11324.34,Delivered,5
PO002442,PROD0064,SUP012,WH01,29-12-2025,16-01-2026,18-01-2026,67,67,169.02,11324.34,Delivered,2
PO002443,PROD0064,SUP012,WH01,30-12-2025,17-01-2026,31-01-2026,67,67,169.02,11324.34,Delivered,14
PO002444,PROD0064,SUP012,WH01,31-12-2025,18-01-2026,19-01-2026,67,67,169.02,11324.34,Delivered,1
PO002445,PROD0064,SUP012,WH04,11-01-2025,29-01-2025,06-02-2025,64,64,169.02,10817.28,Delivered,8
PO002446,PROD0064,SUP012,WH04,25-02-2025,15-03-2025,18-03-2025,64,64,169.02,10817.28,Delivered,3
PO002447,PROD0064,SUP012,WH04,29-03-2025,16-04-2025,26-04-2025,64,64,169.02,10817.28,Delivered,10
PO002448,PROD0064,SUP012,WH04,07-05-2025,25-05-2025,27-05-2025,64,64,169.02,10817.28,Delivered,2
PO002449,PROD0064,SUP012,WH04,08-06-2025,26-06-2025,01-07-2025,64,64,169.02,10817.28,Delivered,5
PO002450,PROD0064,SUP012,WH04,15-07-2025,02-08-2025,04-08-2025,64,64,169.02,10817.28,Delivered,2
PO002451,PROD0064,SUP012,WH04,15-08-2025,02-09-2025,03-09-2025,64,64,169.02,10817.28,Delivered,1
PO002452,PROD0064,SUP012,WH04,22-09-2025,10-10-2025,11-10-2025,64,64,169.02,10817.28,Delivered,1
PO002453,PROD0064,SUP012,WH04,29-10-2025,16-11-2025,19-11-2025,64,64,169.02,10817.28,Delivered,3
PO002454,PROD0064,SUP012,WH04,11-12-2025,29-12-2025,03-01-2026,64,64,169.02,10817.28,Delivered,5
PO002455,PROD0064,SUP012,WH04,12-12-2025,30-12-2025,03-01-2026,64,64,169.02,10817.28,Delivered,4
PO002456,PROD0064,SUP012,WH04,13-12-2025,31-12-2025,10-01-2026,64,64,169.02,10817.28,Delivered,10
PO002457,PROD0064,SUP012,WH04,14-12-2025,01-01-2026,02-01-2026,64,64,169.02,10817.28,Delivered,1
PO002458,PROD0064,SUP012,WH04,15-12-2025,02-01-2026,04-01-2026,64,64,169.02,10817.28,Delivered,2
PO002459,PROD0064,SUP012,WH04,16-12-2025,03-01-2026,05-01-2026,64,64,169.02,10817.28,Delivered,2
PO002460,PROD0064,SUP012,WH04,17-12-2025,04-01-2026,09-01-2026,64,64,169.02,10817.28,Delivered,5
PO002461,PROD0064,SUP012,WH04,18-12-2025,05-01-2026,05-01-2026,64,64,169.02,10817.28,Delivered,0
PO002462,PROD0064,SUP012,WH04,19-12-2025,06-01-2026,07-01-2026,64,64,169.02,10817.28,Delivered,1
PO002463,PROD0064,SUP012,WH04,20-12-2025,07-01-2026,08-01-2026,64,64,169.02,10817.28,Delivered,1
PO002464,PROD0064,SUP012,WH04,21-12-2025,08-01-2026,10-01-2026,64,55,169.02,10817.28,Partial - Defect/Shortage,2
PO002465,PROD0064,SUP012,WH04,22-12-2025,09-01-2026,23-01-2026,64,57,169.02,10817.28,Partial - Defect/Shortage,14
PO002466,PROD0064,SUP012,WH04,23-12-2025,10-01-2026,12-01-2026,64,64,169.02,10817.28,Delivered,2
PO002467,PROD0064,SUP012,WH04,24-12-2025,11-01-2026,24-01-2026,64,64,169.02,10817.28,Delivered,13
PO002468,PROD0064,SUP012,WH04,25-12-2025,12-01-2026,23-01-2026,64,60,169.02,10817.28,Partial - Defect/Shortage,11
PO002469,PROD0064,SUP012,WH04,26-12-2025,13-01-2026,14-01-2026,64,64,169.02,10817.28,Delivered,1
PO002470,PROD0064,SUP012,WH04,27-12-2025,14-01-2026,15-01-2026,64,64,169.02,10817.28,Delivered,1
PO002471,PROD0064,SUP012,WH04,28-12-2025,15-01-2026,15-01-2026,64,64,169.02,10817.28,Delivered,0
PO002472,PROD0064,SUP012,WH04,29-12-2025,16-01-2026,20-01-2026,64,64,169.02,10817.28,Delivered,4
PO002473,PROD0064,SUP012,WH04,30-12-2025,17-01-2026,25-01-2026,64,64,169.02,10817.28,Delivered,8
PO002474,PROD0064,SUP012,WH04,31-12-2025,18-01-2026,19-01-2026,64,64,169.02,10817.28,Delivered,1
PO002475,PROD0065,SUP008,WH03,06-01-2025,13-01-2025,13-01-2025,548,548,11.86,6499.28,Delivered,0
PO002476,PROD0065,SUP008,WH03,13-02-2025,20-02-2025,22-02-2025,548,548,11.86,6499.28,Delivered,2
PO002477,PROD0065,SUP008,WH03,25-03-2025,01-04-2025,03-04-2025,548,548,11.86,6499.28,Delivered,2
PO002478,PROD0065,SUP008,WH03,29-04-2025,06-05-2025,08-05-2025,548,548,11.86,6499.28,Delivered,2
PO002479,PROD0065,SUP008,WH03,01-06-2025,08-06-2025,10-06-2025,548,548,11.86,6499.28,Delivered,2
PO002480,PROD0065,SUP008,WH03,09-07-2025,16-07-2025,16-07-2025,548,548,11.86,6499.28,Delivered,0
PO002481,PROD0065,SUP008,WH03,12-08-2025,19-08-2025,21-08-2025,548,548,11.86,6499.28,Delivered,2
PO002482,PROD0065,SUP008,WH03,22-09-2025,29-09-2025,30-09-2025,548,548,11.86,6499.28,Delivered,1
PO002483,PROD0065,SUP008,WH03,28-10-2025,04-11-2025,06-11-2025,548,548,11.86,6499.28,Delivered,2
PO002484,PROD0065,SUP008,WH03,28-11-2025,05-12-2025,07-12-2025,548,548,11.86,6499.28,Delivered,2
PO002485,PROD0065,SUP008,WH03,25-12-2025,01-01-2026,03-01-2026,548,548,11.86,6499.28,Delivered,2
PO002486,PROD0065,SUP008,WH03,26-12-2025,02-01-2026,04-01-2026,548,548,11.86,6499.28,Delivered,2
PO002487,PROD0065,SUP008,WH03,27-12-2025,03-01-2026,04-01-2026,548,548,11.86,6499.28,Delivered,1
PO002488,PROD0065,SUP008,WH03,28-12-2025,04-01-2026,06-01-2026,548,548,11.86,6499.28,Delivered,2
PO002489,PROD0065,SUP008,WH03,29-12-2025,05-01-2026,07-01-2026,548,548,11.86,6499.28,Delivered,2
PO002490,PROD0065,SUP008,WH03,30-12-2025,06-01-2026,07-01-2026,548,548,11.86,6499.28,Delivered,1
PO002491,PROD0065,SUP008,WH03,31-12-2025,07-01-2026,08-01-2026,548,548,11.86,6499.28,Delivered,1
PO002492,PROD0065,SUP008,WH02,01-01-2025,08-01-2025,10-01-2025,694,694,11.86,8230.84,Delivered,2
PO002493,PROD0065,SUP008,WH02,02-02-2025,09-02-2025,10-02-2025,694,694,11.86,8230.84,Delivered,1
PO002494,PROD0065,SUP008,WH02,16-03-2025,23-03-2025,23-03-2025,694,694,11.86,8230.84,Delivered,0
PO002495,PROD0065,SUP008,WH02,19-04-2025,26-04-2025,26-04-2025,694,694,11.86,8230.84,Delivered,0
PO002496,PROD0065,SUP008,WH02,22-05-2025,29-05-2025,31-05-2025,694,694,11.86,8230.84,Delivered,2
PO002497,PROD0065,SUP008,WH02,21-06-2025,28-06-2025,30-06-2025,694,694,11.86,8230.84,Delivered,2
PO002498,PROD0065,SUP008,WH02,24-07-2025,31-07-2025,02-08-2025,694,694,11.86,8230.84,Delivered,2
PO002499,PROD0065,SUP008,WH02,29-08-2025,05-09-2025,05-09-2025,694,606,11.86,8230.84,Partial - Defect/Shortage,0
PO002500,PROD0065,SUP008,WH02,25-09-2025,02-10-2025,02-10-2025,694,694,11.86,8230.84,Delivered,0
PO002501,PROD0065,SUP008,WH02,02-11-2025,09-11-2025,09-11-2025,694,694,11.86,8230.84,Delivered,0
PO002502,PROD0065,SUP008,WH02,03-12-2025,10-12-2025,10-12-2025,694,694,11.86,8230.84,Delivered,0
PO002503,PROD0065,SUP008,WH02,29-12-2025,05-01-2026,07-01-2026,694,694,11.86,8230.84,Delivered,2
PO002504,PROD0065,SUP008,WH02,30-12-2025,06-01-2026,06-01-2026,694,694,11.86,8230.84,Delivered,0
PO002505,PROD0065,SUP008,WH02,31-12-2025,07-01-2026,07-01-2026,694,694,11.86,8230.84,Delivered,0
PO002506,PROD0065,SUP008,WH01,05-01-2025,12-01-2025,12-01-2025,832,832,11.86,9867.52,Delivered,0
PO002507,PROD0065,SUP008,WH01,04-02-2025,11-02-2025,11-02-2025,832,832,11.86,9867.52,Delivered,0
PO002508,PROD0065,SUP008,WH01,12-03-2025,19-03-2025,20-03-2025,832,832,11.86,9867.52,Delivered,1
PO002509,PROD0065,SUP008,WH01,19-04-2025,26-04-2025,26-04-2025,832,832,11.86,9867.52,Delivered,0
PO002510,PROD0065,SUP008,WH01,23-05-2025,30-05-2025,30-05-2025,832,832,11.86,9867.52,Delivered,0
PO002511,PROD0065,SUP008,WH01,23-06-2025,30-06-2025,30-06-2025,832,832,11.86,9867.52,Delivered,0
PO002512,PROD0065,SUP008,WH01,02-08-2025,09-08-2025,17-08-2025,832,832,11.86,9867.52,Delivered,8
PO002513,PROD0065,SUP008,WH01,13-09-2025,20-09-2025,21-09-2025,832,832,11.86,9867.52,Delivered,1
PO002514,PROD0065,SUP008,WH01,18-10-2025,25-10-2025,26-10-2025,832,832,11.86,9867.52,Delivered,1
PO002515,PROD0065,SUP008,WH01,19-11-2025,26-11-2025,26-11-2025,832,832,11.86,9867.52,Delivered,0
PO002516,PROD0065,SUP008,WH01,19-12-2025,26-12-2025,26-12-2025,832,832,11.86,9867.52,Delivered,0
PO002517,PROD0066,SUP018,WH04,06-01-2025,16-01-2025,18-01-2025,249,249,146.69,36525.81,Delivered,2
PO002518,PROD0066,SUP018,WH04,17-02-2025,27-02-2025,27-02-2025,249,249,146.69,36525.81,Delivered,0
PO002519,PROD0066,SUP018,WH04,01-04-2025,11-04-2025,21-04-2025,249,249,146.69,36525.81,Delivered,10
PO002520,PROD0066,SUP018,WH04,18-05-2025,28-05-2025,30-05-2025,249,249,146.69,36525.81,Delivered,2
PO002521,PROD0066,SUP018,WH04,24-06-2025,04-07-2025,06-07-2025,249,249,146.69,36525.81,Delivered,2
PO002522,PROD0066,SUP018,WH04,31-07-2025,10-08-2025,12-08-2025,249,249,146.69,36525.81,Delivered,2
PO002523,PROD0066,SUP018,WH04,04-09-2025,14-09-2025,25-09-2025,249,249,146.69,36525.81,Delivered,11
PO002524,PROD0066,SUP018,WH04,13-10-2025,23-10-2025,23-10-2025,249,249,146.69,36525.81,Delivered,0
PO002525,PROD0066,SUP018,WH04,09-11-2025,19-11-2025,21-11-2025,249,249,146.69,36525.81,Delivered,2
PO002526,PROD0066,SUP018,WH04,06-12-2025,16-12-2025,16-12-2025,249,249,146.69,36525.81,Delivered,0
PO002527,PROD0066,SUP018,WH04,30-12-2025,09-01-2026,10-01-2026,249,249,146.69,36525.81,Delivered,1
PO002528,PROD0066,SUP018,WH04,31-12-2025,10-01-2026,12-01-2026,249,249,146.69,36525.81,Delivered,2
PO002529,PROD0066,SUP018,WH02,04-01-2025,14-01-2025,14-01-2025,195,195,146.69,28604.55,Delivered,0
PO002530,PROD0066,SUP018,WH02,16-02-2025,26-02-2025,12-03-2025,195,195,146.69,28604.55,Delivered,14
PO002531,PROD0066,SUP018,WH02,10-04-2025,20-04-2025,22-04-2025,195,195,146.69,28604.55,Delivered,2
PO002532,PROD0066,SUP018,WH02,17-05-2025,27-05-2025,29-05-2025,195,195,146.69,28604.55,Delivered,2
PO002533,PROD0066,SUP018,WH02,24-06-2025,04-07-2025,04-07-2025,195,195,146.69,28604.55,Delivered,0
PO002534,PROD0066,SUP018,WH02,31-07-2025,10-08-2025,11-08-2025,195,195,146.69,28604.55,Delivered,1
PO002535,PROD0066,SUP018,WH02,04-09-2025,14-09-2025,15-09-2025,195,195,146.69,28604.55,Delivered,1
PO002536,PROD0066,SUP018,WH02,07-10-2025,17-10-2025,27-10-2025,195,195,146.69,28604.55,Delivered,10
PO002537,PROD0066,SUP018,WH02,12-11-2025,22-11-2025,22-11-2025,195,195,146.69,28604.55,Delivered,0
PO002538,PROD0066,SUP018,WH02,06-12-2025,16-12-2025,20-12-2025,195,195,146.69,28604.55,Delivered,4
PO002539,PROD0066,SUP018,WH03,06-01-2025,16-01-2025,16-01-2025,277,277,146.69,40633.13,Delivered,0
PO002540,PROD0066,SUP018,WH03,17-02-2025,27-02-2025,07-03-2025,277,277,146.69,40633.13,Delivered,8
PO002541,PROD0066,SUP018,WH03,05-04-2025,15-04-2025,16-04-2025,277,277,146.69,40633.13,Delivered,1
PO002542,PROD0066,SUP018,WH03,13-05-2025,23-05-2025,25-05-2025,277,277,146.69,40633.13,Delivered,2
PO002543,PROD0066,SUP018,WH03,22-06-2025,02-07-2025,02-07-2025,277,277,146.69,40633.13,Delivered,0
PO002544,PROD0066,SUP018,WH03,27-07-2025,06-08-2025,08-08-2025,277,277,146.69,40633.13,Delivered,2
PO002545,PROD0066,SUP018,WH03,01-09-2025,11-09-2025,13-09-2025,277,277,146.69,40633.13,Delivered,2
PO002546,PROD0066,SUP018,WH03,03-10-2025,13-10-2025,15-10-2025,277,252,146.69,40633.13,Partial - Defect/Shortage,2
PO002547,PROD0066,SUP018,WH03,01-11-2025,11-11-2025,22-11-2025,277,277,146.69,40633.13,Delivered,11
PO002548,PROD0066,SUP018,WH03,07-12-2025,17-12-2025,18-12-2025,277,277,146.69,40633.13,Delivered,1
PO002549,PROD0066,SUP018,WH03,30-12-2025,09-01-2026,09-01-2026,277,277,146.69,40633.13,Delivered,0
PO002550,PROD0066,SUP018,WH03,31-12-2025,10-01-2026,12-01-2026,277,277,146.69,40633.13,Delivered,2
PO002551,PROD0066,SUP018,WH01,02-01-2025,12-01-2025,12-01-2025,274,274,146.69,40193.06,Delivered,0
PO002552,PROD0066,SUP018,WH01,11-02-2025,21-02-2025,21-02-2025,274,274,146.69,40193.06,Delivered,0
PO002553,PROD0066,SUP018,WH01,25-03-2025,04-04-2025,05-04-2025,274,274,146.69,40193.06,Delivered,1
PO002554,PROD0066,SUP018,WH01,03-05-2025,13-05-2025,14-05-2025,274,274,146.69,40193.06,Delivered,1
PO002555,PROD0066,SUP018,WH01,11-06-2025,21-06-2025,23-06-2025,274,274,146.69,40193.06,Delivered,2
PO002556,PROD0066,SUP018,WH01,18-07-2025,28-07-2025,29-07-2025,274,274,146.69,40193.06,Delivered,1
PO002557,PROD0066,SUP018,WH01,23-08-2025,02-09-2025,03-09-2025,274,274,146.69,40193.06,Delivered,1
PO002558,PROD0066,SUP018,WH01,24-09-2025,04-10-2025,04-10-2025,274,274,146.69,40193.06,Delivered,0
PO002559,PROD0066,SUP018,WH01,23-10-2025,02-11-2025,04-11-2025,274,274,146.69,40193.06,Delivered,2
PO002560,PROD0066,SUP018,WH01,19-11-2025,29-11-2025,30-11-2025,274,274,146.69,40193.06,Delivered,1
PO002561,PROD0066,SUP018,WH01,13-12-2025,23-12-2025,24-12-2025,274,274,146.69,40193.06,Delivered,1
PO002562,PROD0067,SUP014,WH01,04-01-2025,11-01-2025,11-01-2025,1068,1068,1.63,1740.84,Delivered,0
PO002563,PROD0067,SUP014,WH01,09-02-2025,16-02-2025,18-02-2025,1068,1003,1.63,1740.84,Partial - Defect/Shortage,2
PO002564,PROD0067,SUP014,WH01,17-03-2025,24-03-2025,26-03-2025,1068,1068,1.63,1740.84,Delivered,2
PO002565,PROD0067,SUP014,WH01,23-04-2025,30-04-2025,09-05-2025,1068,1068,1.63,1740.84,Delivered,9
PO002566,PROD0067,SUP014,WH01,04-06-2025,11-06-2025,11-06-2025,1068,1068,1.63,1740.84,Delivered,0
PO002567,PROD0067,SUP014,WH01,09-07-2025,16-07-2025,16-07-2025,1068,1068,1.63,1740.84,Delivered,0
PO002568,PROD0067,SUP014,WH01,09-08-2025,16-08-2025,21-08-2025,1068,1068,1.63,1740.84,Delivered,5
PO002569,PROD0067,SUP014,WH01,17-09-2025,24-09-2025,26-09-2025,1068,1068,1.63,1740.84,Delivered,2
PO002570,PROD0067,SUP014,WH01,22-10-2025,29-10-2025,31-10-2025,1068,1068,1.63,1740.84,Delivered,2
PO002571,PROD0067,SUP014,WH01,22-11-2025,29-11-2025,30-11-2025,1068,1068,1.63,1740.84,Delivered,1
PO002572,PROD0067,SUP014,WH01,20-12-2025,27-12-2025,28-12-2025,1068,1068,1.63,1740.84,Delivered,1
PO002573,PROD0067,SUP014,WH03,03-01-2025,10-01-2025,12-01-2025,857,857,1.63,1396.91,Delivered,2
PO002574,PROD0067,SUP014,WH03,06-02-2025,13-02-2025,14-02-2025,857,857,1.63,1396.91,Delivered,1
PO002575,PROD0067,SUP014,WH03,17-03-2025,24-03-2025,25-03-2025,857,857,1.63,1396.91,Delivered,1
PO002576,PROD0067,SUP014,WH03,22-04-2025,29-04-2025,29-04-2025,857,857,1.63,1396.91,Delivered,0
PO002577,PROD0067,SUP014,WH03,25-05-2025,01-06-2025,02-06-2025,857,857,1.63,1396.91,Delivered,1
PO002578,PROD0067,SUP014,WH03,30-06-2025,07-07-2025,07-07-2025,857,857,1.63,1396.91,Delivered,0
PO002579,PROD0067,SUP014,WH03,05-08-2025,12-08-2025,12-08-2025,857,857,1.63,1396.91,Delivered,0
PO002580,PROD0067,SUP014,WH03,07-09-2025,14-09-2025,15-09-2025,857,857,1.63,1396.91,Delivered,1
PO002581,PROD0067,SUP014,WH03,11-10-2025,18-10-2025,18-10-2025,857,857,1.63,1396.91,Delivered,0
PO002582,PROD0067,SUP014,WH03,12-11-2025,19-11-2025,20-11-2025,857,857,1.63,1396.91,Delivered,1
PO002583,PROD0067,SUP014,WH03,09-12-2025,16-12-2025,16-12-2025,857,857,1.63,1396.91,Delivered,0
PO002584,PROD0067,SUP014,WH04,06-01-2025,13-01-2025,15-01-2025,902,902,1.63,1470.26,Delivered,2
PO002585,PROD0067,SUP014,WH04,11-02-2025,18-02-2025,01-03-2025,902,902,1.63,1470.26,Delivered,11
PO002586,PROD0067,SUP014,WH04,28-03-2025,04-04-2025,05-04-2025,902,902,1.63,1470.26,Delivered,1
PO002587,PROD0067,SUP014,WH04,03-05-2025,10-05-2025,17-05-2025,902,902,1.63,1470.26,Delivered,7
PO002588,PROD0067,SUP014,WH04,11-06-2025,18-06-2025,19-06-2025,902,902,1.63,1470.26,Delivered,1
PO002589,PROD0067,SUP014,WH04,16-07-2025,23-07-2025,23-07-2025,902,902,1.63,1470.26,Delivered,0
PO002590,PROD0067,SUP014,WH04,20-08-2025,27-08-2025,29-08-2025,902,902,1.63,1470.26,Delivered,2
PO002591,PROD0067,SUP014,WH04,23-09-2025,30-09-2025,01-10-2025,902,902,1.63,1470.26,Delivered,1
PO002592,PROD0067,SUP014,WH04,29-10-2025,05-11-2025,07-11-2025,902,902,1.63,1470.26,Delivered,2
PO002593,PROD0067,SUP014,WH04,30-11-2025,07-12-2025,10-12-2025,902,902,1.63,1470.26,Delivered,3
PO002594,PROD0067,SUP014,WH04,29-12-2025,05-01-2026,05-01-2026,902,902,1.63,1470.26,Delivered,0
PO002595,PROD0067,SUP014,WH04,30-12-2025,06-01-2026,19-01-2026,902,902,1.63,1470.26,Delivered,13
PO002596,PROD0067,SUP014,WH04,31-12-2025,07-01-2026,07-01-2026,902,902,1.63,1470.26,Delivered,0
PO002597,PROD0067,SUP014,WH02,06-01-2025,13-01-2025,15-01-2025,1295,1295,1.63,2110.85,Delivered,2
PO002598,PROD0067,SUP014,WH02,11-02-2025,18-02-2025,25-02-2025,1295,1295,1.63,2110.85,Delivered,7
PO002599,PROD0067,SUP014,WH02,26-03-2025,02-04-2025,04-04-2025,1295,1295,1.63,2110.85,Delivered,2
PO002600,PROD0067,SUP014,WH02,01-05-2025,08-05-2025,09-05-2025,1295,1295,1.63,2110.85,Delivered,1
PO002601,PROD0067,SUP014,WH02,31-05-2025,07-06-2025,07-06-2025,1295,1295,1.63,2110.85,Delivered,0
PO002602,PROD0067,SUP014,WH02,06-07-2025,13-07-2025,13-07-2025,1295,1295,1.63,2110.85,Delivered,0
PO002603,PROD0067,SUP014,WH02,11-08-2025,18-08-2025,18-08-2025,1295,1295,1.63,2110.85,Delivered,0
PO002604,PROD0067,SUP014,WH02,16-09-2025,23-09-2025,24-09-2025,1295,1295,1.63,2110.85,Delivered,1
PO002605,PROD0067,SUP014,WH02,20-10-2025,27-10-2025,28-10-2025,1295,1295,1.63,2110.85,Delivered,1
PO002606,PROD0067,SUP014,WH02,19-11-2025,26-11-2025,26-11-2025,1295,1295,1.63,2110.85,Delivered,0
PO002607,PROD0067,SUP014,WH02,17-12-2025,24-12-2025,24-12-2025,1295,1295,1.63,2110.85,Delivered,0
PO002608,PROD0068,SUP010,WH01,08-01-2025,22-01-2025,24-01-2025,644,644,32.1,20672.4,Delivered,2
PO002609,PROD0068,SUP010,WH01,16-02-2025,02-03-2025,02-03-2025,644,644,32.1,20672.4,Delivered,0
PO002610,PROD0068,SUP010,WH01,23-03-2025,06-04-2025,14-04-2025,644,600,32.1,20672.4,Partial - Defect/Shortage,8
PO002611,PROD0068,SUP010,WH01,25-04-2025,09-05-2025,09-05-2025,644,644,32.1,20672.4,Delivered,0
PO002612,PROD0068,SUP010,WH01,26-05-2025,09-06-2025,10-06-2025,644,644,32.1,20672.4,Delivered,1
PO002613,PROD0068,SUP010,WH01,25-06-2025,09-07-2025,09-07-2025,644,644,32.1,20672.4,Delivered,0
PO002614,PROD0068,SUP010,WH01,02-08-2025,16-08-2025,20-08-2025,644,644,32.1,20672.4,Delivered,4
PO002615,PROD0068,SUP010,WH01,05-09-2025,19-09-2025,21-09-2025,644,644,32.1,20672.4,Delivered,2
PO002616,PROD0068,SUP010,WH01,04-10-2025,18-10-2025,18-10-2025,644,644,32.1,20672.4,Delivered,0
PO002617,PROD0068,SUP010,WH01,09-11-2025,23-11-2025,23-11-2025,644,644,32.1,20672.4,Delivered,0
PO002618,PROD0068,SUP010,WH01,17-12-2025,31-12-2025,01-01-2026,644,644,32.1,20672.4,Delivered,1
PO002619,PROD0068,SUP010,WH01,18-12-2025,01-01-2026,03-01-2026,644,644,32.1,20672.4,Delivered,2
PO002620,PROD0068,SUP010,WH01,19-12-2025,02-01-2026,07-01-2026,644,644,32.1,20672.4,Delivered,5
PO002621,PROD0068,SUP010,WH01,20-12-2025,03-01-2026,05-01-2026,644,644,32.1,20672.4,Delivered,2
PO002622,PROD0068,SUP010,WH01,21-12-2025,04-01-2026,04-01-2026,644,644,32.1,20672.4,Delivered,0
PO002623,PROD0068,SUP010,WH01,22-12-2025,05-01-2026,05-01-2026,644,644,32.1,20672.4,Delivered,0
PO002624,PROD0068,SUP010,WH01,23-12-2025,06-01-2026,08-01-2026,644,644,32.1,20672.4,Delivered,2
PO002625,PROD0068,SUP010,WH01,24-12-2025,07-01-2026,09-01-2026,644,644,32.1,20672.4,Delivered,2
PO002626,PROD0068,SUP010,WH01,25-12-2025,08-01-2026,14-01-2026,644,644,32.1,20672.4,Delivered,6
PO002627,PROD0068,SUP010,WH01,26-12-2025,09-01-2026,10-01-2026,644,644,32.1,20672.4,Delivered,1
PO002628,PROD0068,SUP010,WH01,27-12-2025,10-01-2026,12-01-2026,644,644,32.1,20672.4,Delivered,2
PO002629,PROD0068,SUP010,WH01,28-12-2025,11-01-2026,13-01-2026,644,644,32.1,20672.4,Delivered,2
PO002630,PROD0068,SUP010,WH01,29-12-2025,12-01-2026,13-01-2026,644,644,32.1,20672.4,Delivered,1
PO002631,PROD0068,SUP010,WH01,30-12-2025,13-01-2026,15-01-2026,644,644,32.1,20672.4,Delivered,2
PO002632,PROD0068,SUP010,WH01,31-12-2025,14-01-2026,19-01-2026,644,644,32.1,20672.4,Delivered,5
PO002633,PROD0068,SUP010,WH03,13-01-2025,27-01-2025,28-01-2025,589,589,32.1,18906.9,Delivered,1
PO002634,PROD0068,SUP010,WH03,21-02-2025,07-03-2025,07-03-2025,589,589,32.1,18906.9,Delivered,0
PO002635,PROD0068,SUP010,WH03,24-03-2025,07-04-2025,07-04-2025,589,589,32.1,18906.9,Delivered,0
PO002636,PROD0068,SUP010,WH03,22-04-2025,06-05-2025,07-05-2025,589,589,32.1,18906.9,Delivered,1
PO002637,PROD0068,SUP010,WH03,22-05-2025,05-06-2025,07-06-2025,589,589,32.1,18906.9,Delivered,2
PO002638,PROD0068,SUP010,WH03,23-06-2025,07-07-2025,07-07-2025,589,589,32.1,18906.9,Delivered,0
PO002639,PROD0068,SUP010,WH03,31-07-2025,14-08-2025,16-08-2025,589,589,32.1,18906.9,Delivered,2
PO002640,PROD0068,SUP010,WH03,30-08-2025,13-09-2025,15-09-2025,589,589,32.1,18906.9,Delivered,2
PO002641,PROD0068,SUP010,WH03,28-09-2025,12-10-2025,19-10-2025,589,589,32.1,18906.9,Delivered,7
PO002642,PROD0068,SUP010,WH03,06-11-2025,20-11-2025,26-11-2025,589,589,32.1,18906.9,Delivered,6
PO002643,PROD0068,SUP010,WH03,09-12-2025,23-12-2025,24-12-2025,589,589,32.1,18906.9,Delivered,1
PO002644,PROD0068,SUP010,WH04,11-01-2025,25-01-2025,27-01-2025,653,653,32.1,20961.3,Delivered,2
PO002645,PROD0068,SUP010,WH04,22-02-2025,08-03-2025,09-03-2025,653,653,32.1,20961.3,Delivered,1
PO002646,PROD0068,SUP010,WH04,27-03-2025,10-04-2025,11-04-2025,653,653,32.1,20961.3,Delivered,1
PO002647,PROD0068,SUP010,WH04,25-04-2025,09-05-2025,10-05-2025,653,653,32.1,20961.3,Delivered,1
PO002648,PROD0068,SUP010,WH04,31-05-2025,14-06-2025,16-06-2025,653,653,32.1,20961.3,Delivered,2
PO002649,PROD0068,SUP010,WH04,05-07-2025,19-07-2025,19-07-2025,653,653,32.1,20961.3,Delivered,0
PO002650,PROD0068,SUP010,WH04,08-08-2025,22-08-2025,02-09-2025,653,653,32.1,20961.3,Delivered,11
PO002651,PROD0068,SUP010,WH04,16-09-2025,30-09-2025,30-09-2025,653,653,32.1,20961.3,Delivered,0
PO002652,PROD0068,SUP010,WH04,15-10-2025,29-10-2025,30-10-2025,653,653,32.1,20961.3,Delivered,1
PO002653,PROD0068,SUP010,WH04,14-11-2025,28-11-2025,30-11-2025,653,653,32.1,20961.3,Delivered,2
PO002654,PROD0068,SUP010,WH04,15-12-2025,29-12-2025,31-12-2025,653,653,32.1,20961.3,Delivered,2
PO002655,PROD0068,SUP010,WH02,13-01-2025,27-01-2025,27-01-2025,655,655,32.1,21025.5,Delivered,0
PO002656,PROD0068,SUP010,WH02,23-02-2025,09-03-2025,21-03-2025,655,631,32.1,21025.5,Partial - Defect/Shortage,12
PO002657,PROD0068,SUP010,WH02,04-04-2025,18-04-2025,20-04-2025,655,655,32.1,21025.5,Delivered,2
PO002658,PROD0068,SUP010,WH02,03-05-2025,17-05-2025,19-05-2025,655,655,32.1,21025.5,Delivered,2
PO002659,PROD0068,SUP010,WH02,04-06-2025,18-06-2025,18-06-2025,655,655,32.1,21025.5,Delivered,0
PO002660,PROD0068,SUP010,WH02,09-07-2025,23-07-2025,23-07-2025,655,655,32.1,21025.5,Delivered,0
PO002661,PROD0068,SUP010,WH02,14-08-2025,28-08-2025,29-08-2025,655,614,32.1,21025.5,Partial - Defect/Shortage,1
PO002662,PROD0068,SUP010,WH02,16-09-2025,30-09-2025,01-10-2025,655,655,32.1,21025.5,Delivered,1
PO002663,PROD0068,SUP010,WH02,19-10-2025,02-11-2025,03-11-2025,655,655,32.1,21025.5,Delivered,1
PO002664,PROD0068,SUP010,WH02,22-11-2025,06-12-2025,08-12-2025,655,655,32.1,21025.5,Delivered,2
PO002665,PROD0068,SUP010,WH02,23-12-2025,06-01-2026,07-01-2026,655,655,32.1,21025.5,Delivered,1
PO002666,PROD0068,SUP010,WH02,24-12-2025,07-01-2026,08-01-2026,655,625,32.1,21025.5,Partial - Defect/Shortage,1
PO002667,PROD0068,SUP010,WH02,25-12-2025,08-01-2026,09-01-2026,655,655,32.1,21025.5,Delivered,1
PO002668,PROD0068,SUP010,WH02,26-12-2025,09-01-2026,11-01-2026,655,655,32.1,21025.5,Delivered,2
PO002669,PROD0068,SUP010,WH02,27-12-2025,10-01-2026,10-01-2026,655,655,32.1,21025.5,Delivered,0
PO002670,PROD0068,SUP010,WH02,28-12-2025,11-01-2026,12-01-2026,655,655,32.1,21025.5,Delivered,1
PO002671,PROD0068,SUP010,WH02,29-12-2025,12-01-2026,14-01-2026,655,655,32.1,21025.5,Delivered,2
PO002672,PROD0068,SUP010,WH02,30-12-2025,13-01-2026,14-01-2026,655,655,32.1,21025.5,Delivered,1
PO002673,PROD0068,SUP010,WH02,31-12-2025,14-01-2026,14-01-2026,655,655,32.1,21025.5,Delivered,0
PO002674,PROD0069,SUP016,WH03,02-01-2025,07-01-2025,07-01-2025,388,388,25.48,9886.24,Delivered,0
PO002675,PROD0069,SUP016,WH03,13-02-2025,18-02-2025,18-02-2025,388,388,25.48,9886.24,Delivered,0
PO002676,PROD0069,SUP016,WH03,23-03-2025,28-03-2025,28-03-2025,388,388,25.48,9886.24,Delivered,0
PO002677,PROD0069,SUP016,WH03,24-04-2025,29-04-2025,30-04-2025,388,388,25.48,9886.24,Delivered,1
PO002678,PROD0069,SUP016,WH03,21-05-2025,26-05-2025,28-05-2025,388,388,25.48,9886.24,Delivered,2
PO002679,PROD0069,SUP016,WH03,16-06-2025,21-06-2025,21-06-2025,388,388,25.48,9886.24,Delivered,0
PO002680,PROD0069,SUP016,WH03,10-07-2025,15-07-2025,15-07-2025,388,388,25.48,9886.24,Delivered,0
PO002681,PROD0069,SUP016,WH03,04-08-2025,09-08-2025,11-08-2025,388,388,25.48,9886.24,Delivered,2
PO002682,PROD0069,SUP016,WH03,05-09-2025,10-09-2025,11-09-2025,388,388,25.48,9886.24,Delivered,1
PO002683,PROD0069,SUP016,WH03,11-10-2025,16-10-2025,18-10-2025,388,388,25.48,9886.24,Delivered,2
PO002684,PROD0069,SUP016,WH03,23-11-2025,28-11-2025,28-11-2025,388,388,25.48,9886.24,Delivered,0
PO002685,PROD0069,SUP016,WH03,30-12-2025,04-01-2026,05-01-2026,388,388,25.48,9886.24,Delivered,1
PO002686,PROD0069,SUP016,WH03,31-12-2025,05-01-2026,05-01-2026,388,388,25.48,9886.24,Delivered,0
PO002687,PROD0069,SUP016,WH04,05-01-2025,10-01-2025,10-01-2025,392,392,25.48,9988.16,Delivered,0
PO002688,PROD0069,SUP016,WH04,14-02-2025,19-02-2025,19-02-2025,392,392,25.48,9988.16,Delivered,0
PO002689,PROD0069,SUP016,WH04,21-03-2025,26-03-2025,28-03-2025,392,392,25.48,9988.16,Delivered,2
PO002690,PROD0069,SUP016,WH04,21-04-2025,26-04-2025,27-04-2025,392,392,25.48,9988.16,Delivered,1
PO002691,PROD0069,SUP016,WH04,17-05-2025,22-05-2025,23-05-2025,392,392,25.48,9988.16,Delivered,1
PO002692,PROD0069,SUP016,WH04,13-06-2025,18-06-2025,19-06-2025,392,369,25.48,9988.16,Partial - Defect/Shortage,1
PO002693,PROD0069,SUP016,WH04,08-07-2025,13-07-2025,15-07-2025,392,392,25.48,9988.16,Delivered,2
PO002694,PROD0069,SUP016,WH04,04-08-2025,09-08-2025,11-08-2025,392,392,25.48,9988.16,Delivered,2
PO002695,PROD0069,SUP016,WH04,04-09-2025,09-09-2025,10-09-2025,392,392,25.48,9988.16,Delivered,1
PO002696,PROD0069,SUP016,WH04,10-10-2025,15-10-2025,15-10-2025,392,392,25.48,9988.16,Delivered,0
PO002697,PROD0069,SUP016,WH04,20-11-2025,25-11-2025,27-11-2025,392,392,25.48,9988.16,Delivered,2
PO002698,PROD0069,SUP016,WH04,26-12-2025,31-12-2025,02-01-2026,392,392,25.48,9988.16,Delivered,2
PO002699,PROD0069,SUP016,WH04,27-12-2025,01-01-2026,03-01-2026,392,392,25.48,9988.16,Delivered,2
PO002700,PROD0069,SUP016,WH04,28-12-2025,02-01-2026,03-01-2026,392,392,25.48,9988.16,Delivered,1
PO002701,PROD0069,SUP016,WH04,29-12-2025,03-01-2026,05-01-2026,392,392,25.48,9988.16,Delivered,2
PO002702,PROD0069,SUP016,WH04,30-12-2025,04-01-2026,04-01-2026,392,392,25.48,9988.16,Delivered,0
PO002703,PROD0069,SUP016,WH04,31-12-2025,05-01-2026,07-01-2026,392,392,25.48,9988.16,Delivered,2
PO002704,PROD0070,SUP006,WH04,02-01-2025,06-01-2025,07-01-2025,150,150,127.17,19075.5,Delivered,1
PO002705,PROD0070,SUP006,WH04,12-02-2025,16-02-2025,18-02-2025,150,150,127.17,19075.5,Delivered,2
PO002706,PROD0070,SUP006,WH04,21-03-2025,25-03-2025,26-03-2025,150,150,127.17,19075.5,Delivered,1
PO002707,PROD0070,SUP006,WH04,19-04-2025,23-04-2025,23-04-2025,150,150,127.17,19075.5,Delivered,0
PO002708,PROD0070,SUP006,WH04,14-05-2025,18-05-2025,20-05-2025,150,150,127.17,19075.5,Delivered,2
PO002709,PROD0070,SUP006,WH04,11-06-2025,15-06-2025,17-06-2025,150,150,127.17,19075.5,Delivered,2
PO002710,PROD0070,SUP006,WH04,07-07-2025,11-07-2025,13-07-2025,150,150,127.17,19075.5,Delivered,2
PO002711,PROD0070,SUP006,WH04,05-08-2025,09-08-2025,09-08-2025,150,150,127.17,19075.5,Delivered,0
PO002712,PROD0070,SUP006,WH04,03-09-2025,07-09-2025,08-09-2025,150,150,127.17,19075.5,Delivered,1
PO002713,PROD0070,SUP006,WH04,12-10-2025,16-10-2025,16-10-2025,150,150,127.17,19075.5,Delivered,0
PO002714,PROD0070,SUP006,WH04,20-11-2025,24-11-2025,24-11-2025,150,150,127.17,19075.5,Delivered,0
PO002715,PROD0070,SUP006,WH04,28-12-2025,01-01-2026,02-01-2026,150,150,127.17,19075.5,Delivered,1
PO002716,PROD0070,SUP006,WH04,29-12-2025,02-01-2026,02-01-2026,150,150,127.17,19075.5,Delivered,0
PO002717,PROD0070,SUP006,WH04,30-12-2025,03-01-2026,05-01-2026,150,150,127.17,19075.5,Delivered,2
PO002718,PROD0070,SUP006,WH04,31-12-2025,04-01-2026,05-01-2026,150,150,127.17,19075.5,Delivered,1
PO002719,PROD0070,SUP006,WH02,05-01-2025,09-01-2025,10-01-2025,128,113,127.17,16277.76,Partial - Defect/Shortage,1
PO002720,PROD0070,SUP006,WH02,14-02-2025,18-02-2025,20-02-2025,128,128,127.17,16277.76,Delivered,2
PO002721,PROD0070,SUP006,WH02,21-03-2025,25-03-2025,03-04-2025,128,128,127.17,16277.76,Delivered,9
PO002722,PROD0070,SUP006,WH02,27-04-2025,01-05-2025,02-05-2025,128,128,127.17,16277.76,Delivered,1
PO002723,PROD0070,SUP006,WH02,25-05-2025,29-05-2025,31-05-2025,128,128,127.17,16277.76,Delivered,2
PO002724,PROD0070,SUP006,WH02,21-06-2025,25-06-2025,27-06-2025,128,118,127.17,16277.76,Partial - Defect/Shortage,2
PO002725,PROD0070,SUP006,WH02,15-07-2025,19-07-2025,21-07-2025,128,128,127.17,16277.76,Delivered,2
PO002726,PROD0070,SUP006,WH02,11-08-2025,15-08-2025,20-08-2025,128,128,127.17,16277.76,Delivered,5
PO002727,PROD0070,SUP006,WH02,18-09-2025,22-09-2025,22-09-2025,128,128,127.17,16277.76,Delivered,0
PO002728,PROD0070,SUP006,WH02,25-10-2025,29-10-2025,30-10-2025,128,128,127.17,16277.76,Delivered,1
PO002729,PROD0070,SUP006,WH02,06-12-2025,10-12-2025,10-12-2025,128,128,127.17,16277.76,Delivered,0
PO002730,PROD0070,SUP006,WH03,01-01-2025,05-01-2025,07-01-2025,124,124,127.17,15769.08,Delivered,2
PO002731,PROD0070,SUP006,WH03,14-02-2025,18-02-2025,19-02-2025,124,124,127.17,15769.08,Delivered,1
PO002732,PROD0070,SUP006,WH03,17-03-2025,21-03-2025,21-03-2025,124,124,127.17,15769.08,Delivered,0
PO002733,PROD0070,SUP006,WH03,18-04-2025,22-04-2025,22-04-2025,124,124,127.17,15769.08,Delivered,0
PO002734,PROD0070,SUP006,WH03,17-05-2025,21-05-2025,23-05-2025,124,124,127.17,15769.08,Delivered,2
PO002735,PROD0070,SUP006,WH03,12-06-2025,16-06-2025,17-06-2025,124,124,127.17,15769.08,Delivered,1
PO002736,PROD0070,SUP006,WH03,06-07-2025,10-07-2025,11-07-2025,124,124,127.17,15769.08,Delivered,1
PO002737,PROD0070,SUP006,WH03,31-07-2025,04-08-2025,05-08-2025,124,124,127.17,15769.08,Delivered,1
PO002738,PROD0070,SUP006,WH03,28-08-2025,01-09-2025,03-09-2025,124,124,127.17,15769.08,Delivered,2
PO002739,PROD0070,SUP006,WH03,29-09-2025,03-10-2025,04-10-2025,124,124,127.17,15769.08,Delivered,1
PO002740,PROD0070,SUP006,WH03,11-11-2025,15-11-2025,15-11-2025,124,124,127.17,15769.08,Delivered,0
PO002741,PROD0070,SUP006,WH03,23-12-2025,27-12-2025,28-12-2025,124,124,127.17,15769.08,Delivered,1
PO002742,PROD0071,SUP014,WH01,03-01-2025,10-01-2025,12-01-2025,282,282,101.02,28487.64,Delivered,2
PO002743,PROD0071,SUP014,WH01,13-02-2025,20-02-2025,22-02-2025,282,282,101.02,28487.64,Delivered,2
PO002744,PROD0071,SUP014,WH01,20-03-2025,27-03-2025,28-03-2025,282,282,101.02,28487.64,Delivered,1
PO002745,PROD0071,SUP014,WH01,20-04-2025,27-04-2025,29-04-2025,282,282,101.02,28487.64,Delivered,2
PO002746,PROD0071,SUP014,WH01,19-05-2025,26-05-2025,30-05-2025,282,282,101.02,28487.64,Delivered,4
PO002747,PROD0071,SUP014,WH01,22-06-2025,29-06-2025,29-06-2025,282,282,101.02,28487.64,Delivered,0
PO002748,PROD0071,SUP014,WH01,17-07-2025,24-07-2025,05-08-2025,282,282,101.02,28487.64,Delivered,12
PO002749,PROD0071,SUP014,WH01,26-08-2025,02-09-2025,04-09-2025,282,282,101.02,28487.64,Delivered,2
PO002750,PROD0071,SUP014,WH01,29-09-2025,06-10-2025,07-10-2025,282,282,101.02,28487.64,Delivered,1
PO002751,PROD0071,SUP014,WH01,08-11-2025,15-11-2025,17-11-2025,282,282,101.02,28487.64,Delivered,2
PO002752,PROD0071,SUP014,WH01,16-12-2025,23-12-2025,23-12-2025,282,282,101.02,28487.64,Delivered,0
PO002753,PROD0071,SUP014,WH02,07-01-2025,14-01-2025,15-01-2025,170,170,101.02,17173.4,Delivered,1
PO002754,PROD0071,SUP014,WH02,18-02-2025,25-02-2025,25-02-2025,170,170,101.02,17173.4,Delivered,0
PO002755,PROD0071,SUP014,WH02,26-03-2025,02-04-2025,03-04-2025,170,170,101.02,17173.4,Delivered,1
PO002756,PROD0071,SUP014,WH02,29-04-2025,06-05-2025,07-05-2025,170,170,101.02,17173.4,Delivered,1
PO002757,PROD0071,SUP014,WH02,25-05-2025,01-06-2025,04-06-2025,170,170,101.02,17173.4,Delivered,3
PO002758,PROD0071,SUP014,WH02,20-06-2025,27-06-2025,29-06-2025,170,170,101.02,17173.4,Delivered,2
PO002759,PROD0071,SUP014,WH02,17-07-2025,24-07-2025,26-07-2025,170,170,101.02,17173.4,Delivered,2
PO002760,PROD0071,SUP014,WH02,13-08-2025,20-08-2025,22-08-2025,170,170,101.02,17173.4,Delivered,2
PO002761,PROD0071,SUP014,WH02,16-09-2025,23-09-2025,23-09-2025,170,170,101.02,17173.4,Delivered,0
PO002762,PROD0071,SUP014,WH02,30-10-2025,06-11-2025,16-11-2025,170,170,101.02,17173.4,Delivered,10
PO002763,PROD0071,SUP014,WH02,17-12-2025,24-12-2025,26-12-2025,170,170,101.02,17173.4,Delivered,2
PO002764,PROD0071,SUP014,WH03,02-01-2025,09-01-2025,10-01-2025,189,189,101.02,19092.78,Delivered,1
PO002765,PROD0071,SUP014,WH03,17-02-2025,24-02-2025,26-02-2025,189,189,101.02,19092.78,Delivered,2
PO002766,PROD0071,SUP014,WH03,20-03-2025,27-03-2025,27-03-2025,189,189,101.02,19092.78,Delivered,0
PO002767,PROD0071,SUP014,WH03,20-04-2025,27-04-2025,27-04-2025,189,189,101.02,19092.78,Delivered,0
PO002768,PROD0071,SUP014,WH03,11-05-2025,18-05-2025,19-05-2025,189,189,101.02,19092.78,Delivered,1
PO002769,PROD0071,SUP014,WH03,07-06-2025,14-06-2025,16-06-2025,189,189,101.02,19092.78,Delivered,2
PO002770,PROD0071,SUP014,WH03,30-06-2025,07-07-2025,08-07-2025,189,189,101.02,19092.78,Delivered,1
PO002771,PROD0071,SUP014,WH03,31-07-2025,07-08-2025,09-08-2025,189,189,101.02,19092.78,Delivered,2
PO002772,PROD0071,SUP014,WH03,30-08-2025,06-09-2025,08-09-2025,189,189,101.02,19092.78,Delivered,2
PO002773,PROD0071,SUP014,WH03,07-10-2025,14-10-2025,14-10-2025,189,167,101.02,19092.78,Partial - Defect/Shortage,0
PO002774,PROD0071,SUP014,WH03,12-11-2025,19-11-2025,20-11-2025,189,189,101.02,19092.78,Delivered,1
PO002775,PROD0071,SUP014,WH03,22-12-2025,29-12-2025,31-12-2025,189,189,101.02,19092.78,Delivered,2
PO002776,PROD0071,SUP014,WH04,09-01-2025,16-01-2025,17-01-2025,237,237,101.02,23941.74,Delivered,1
PO002777,PROD0071,SUP014,WH04,20-02-2025,27-02-2025,27-02-2025,237,237,101.02,23941.74,Delivered,0
PO002778,PROD0071,SUP014,WH04,27-03-2025,03-04-2025,04-04-2025,237,237,101.02,23941.74,Delivered,1
PO002779,PROD0071,SUP014,WH04,24-04-2025,01-05-2025,02-05-2025,237,237,101.02,23941.74,Delivered,1
PO002780,PROD0071,SUP014,WH04,24-05-2025,31-05-2025,14-06-2025,237,237,101.02,23941.74,Delivered,14
PO002781,PROD0071,SUP014,WH04,02-07-2025,09-07-2025,09-07-2025,237,237,101.02,23941.74,Delivered,0
PO002782,PROD0071,SUP014,WH04,28-07-2025,04-08-2025,04-08-2025,237,237,101.02,23941.74,Delivered,0
PO002783,PROD0071,SUP014,WH04,27-08-2025,03-09-2025,08-09-2025,237,237,101.02,23941.74,Delivered,5
PO002784,PROD0071,SUP014,WH04,08-10-2025,15-10-2025,16-10-2025,237,237,101.02,23941.74,Delivered,1
PO002785,PROD0071,SUP014,WH04,16-11-2025,23-11-2025,25-11-2025,237,237,101.02,23941.74,Delivered,2
PO002786,PROD0071,SUP014,WH04,21-12-2025,28-12-2025,03-01-2026,237,237,101.02,23941.74,Delivered,6
PO002787,PROD0071,SUP014,WH04,22-12-2025,29-12-2025,30-12-2025,237,237,101.02,23941.74,Delivered,1
PO002788,PROD0072,SUP001,WH04,07-01-2025,23-01-2025,23-01-2025,711,711,43.72,31084.92,Delivered,0
PO002789,PROD0072,SUP001,WH04,18-02-2025,06-03-2025,14-03-2025,711,711,43.72,31084.92,Delivered,8
PO002790,PROD0072,SUP001,WH04,28-03-2025,13-04-2025,19-04-2025,711,711,43.72,31084.92,Delivered,6
PO002791,PROD0072,SUP001,WH04,04-05-2025,20-05-2025,21-05-2025,711,681,43.72,31084.92,Partial - Defect/Shortage,1
PO002792,PROD0072,SUP001,WH04,01-06-2025,17-06-2025,18-06-2025,711,711,43.72,31084.92,Delivered,1
PO002793,PROD0072,SUP001,WH04,01-07-2025,17-07-2025,18-07-2025,711,711,43.72,31084.92,Delivered,1
PO002794,PROD0072,SUP001,WH04,30-07-2025,15-08-2025,17-08-2025,711,711,43.72,31084.92,Delivered,2
PO002795,PROD0072,SUP001,WH04,30-08-2025,15-09-2025,16-09-2025,711,711,43.72,31084.92,Delivered,1
PO002796,PROD0072,SUP001,WH04,03-10-2025,19-10-2025,19-10-2025,711,711,43.72,31084.92,Delivered,0
PO002797,PROD0072,SUP001,WH04,13-11-2025,29-11-2025,30-11-2025,711,711,43.72,31084.92,Delivered,1
PO002798,PROD0072,SUP001,WH04,24-12-2025,09-01-2026,09-01-2026,711,711,43.72,31084.92,Delivered,0
PO002799,PROD0072,SUP001,WH04,25-12-2025,10-01-2026,10-01-2026,711,711,43.72,31084.92,Delivered,0
PO002800,PROD0072,SUP001,WH04,26-12-2025,11-01-2026,12-01-2026,711,711,43.72,31084.92,Delivered,1
PO002801,PROD0072,SUP001,WH04,27-12-2025,12-01-2026,12-01-2026,711,711,43.72,31084.92,Delivered,0
PO002802,PROD0072,SUP001,WH04,28-12-2025,13-01-2026,15-01-2026,711,711,43.72,31084.92,Delivered,2
PO002803,PROD0072,SUP001,WH04,29-12-2025,14-01-2026,14-01-2026,711,711,43.72,31084.92,Delivered,0
PO002804,PROD0072,SUP001,WH04,30-12-2025,15-01-2026,15-01-2026,711,711,43.72,31084.92,Delivered,0
PO002805,PROD0072,SUP001,WH04,31-12-2025,16-01-2026,18-01-2026,711,711,43.72,31084.92,Delivered,2
PO002806,PROD0072,SUP001,WH01,07-01-2025,23-01-2025,25-01-2025,485,485,43.72,21204.2,Delivered,2
PO002807,PROD0072,SUP001,WH01,14-02-2025,02-03-2025,02-03-2025,485,459,43.72,21204.2,Partial - Defect/Shortage,0
PO002808,PROD0072,SUP001,WH01,20-03-2025,05-04-2025,11-04-2025,485,485,43.72,21204.2,Delivered,6
PO002809,PROD0072,SUP001,WH01,24-04-2025,10-05-2025,10-05-2025,485,485,43.72,21204.2,Delivered,0
PO002810,PROD0072,SUP001,WH01,23-05-2025,08-06-2025,14-06-2025,485,485,43.72,21204.2,Delivered,6
PO002811,PROD0072,SUP001,WH01,26-06-2025,12-07-2025,22-07-2025,485,485,43.72,21204.2,Delivered,10
PO002812,PROD0072,SUP001,WH01,04-08-2025,20-08-2025,21-08-2025,485,485,43.72,21204.2,Delivered,1
PO002813,PROD0072,SUP001,WH01,05-09-2025,21-09-2025,23-09-2025,485,485,43.72,21204.2,Delivered,2
PO002814,PROD0072,SUP001,WH01,08-10-2025,24-10-2025,26-10-2025,485,445,43.72,21204.2,Partial - Defect/Shortage,2
PO002815,PROD0072,SUP001,WH01,15-11-2025,01-12-2025,02-12-2025,485,485,43.72,21204.2,Delivered,1
PO002816,PROD0072,SUP001,WH01,25-12-2025,10-01-2026,10-01-2026,485,485,43.72,21204.2,Delivered,0
PO002817,PROD0072,SUP001,WH01,26-12-2025,11-01-2026,11-01-2026,485,485,43.72,21204.2,Delivered,0
PO002818,PROD0072,SUP001,WH01,27-12-2025,12-01-2026,14-01-2026,485,485,43.72,21204.2,Delivered,2
PO002819,PROD0072,SUP001,WH01,28-12-2025,13-01-2026,13-01-2026,485,485,43.72,21204.2,Delivered,0
PO002820,PROD0072,SUP001,WH01,29-12-2025,14-01-2026,16-01-2026,485,485,43.72,21204.2,Delivered,2
PO002821,PROD0072,SUP001,WH01,30-12-2025,15-01-2026,15-01-2026,485,485,43.72,21204.2,Delivered,0
PO002822,PROD0072,SUP001,WH01,31-12-2025,16-01-2026,16-01-2026,485,485,43.72,21204.2,Delivered,0
PO002823,PROD0073,SUP004,WH02,18-01-2025,09-02-2025,10-02-2025,257,257,164.63,42309.91,Delivered,1
PO002824,PROD0073,SUP004,WH02,01-03-2025,23-03-2025,01-04-2025,257,257,164.63,42309.91,Delivered,9
PO002825,PROD0073,SUP004,WH02,08-04-2025,30-04-2025,02-05-2025,257,257,164.63,42309.91,Delivered,2
PO002826,PROD0073,SUP004,WH02,10-05-2025,01-06-2025,01-06-2025,257,257,164.63,42309.91,Delivered,0
PO002827,PROD0073,SUP004,WH02,07-06-2025,29-06-2025,02-07-2025,257,257,164.63,42309.91,Delivered,3
PO002828,PROD0073,SUP004,WH02,12-07-2025,03-08-2025,05-08-2025,257,257,164.63,42309.91,Delivered,2
PO002829,PROD0073,SUP004,WH02,15-08-2025,06-09-2025,06-09-2025,257,257,164.63,42309.91,Delivered,0
PO002830,PROD0073,SUP004,WH02,17-09-2025,09-10-2025,17-10-2025,257,257,164.63,42309.91,Delivered,8
PO002831,PROD0073,SUP004,WH02,29-10-2025,20-11-2025,02-12-2025,257,257,164.63,42309.91,Delivered,12
PO002832,PROD0073,SUP004,WH02,14-12-2025,05-01-2026,05-01-2026,257,257,164.63,42309.91,Delivered,0
PO002833,PROD0073,SUP004,WH02,15-12-2025,06-01-2026,14-01-2026,257,257,164.63,42309.91,Delivered,8
PO002834,PROD0073,SUP004,WH02,16-12-2025,07-01-2026,08-01-2026,257,257,164.63,42309.91,Delivered,1
PO002835,PROD0073,SUP004,WH02,17-12-2025,08-01-2026,08-01-2026,257,257,164.63,42309.91,Delivered,0
PO002836,PROD0073,SUP004,WH02,18-12-2025,09-01-2026,23-01-2026,257,257,164.63,42309.91,Delivered,14
PO002837,PROD0073,SUP004,WH02,19-12-2025,10-01-2026,10-01-2026,257,257,164.63,42309.91,Delivered,0
PO002838,PROD0073,SUP004,WH02,20-12-2025,11-01-2026,23-01-2026,257,257,164.63,42309.91,Delivered,12
PO002839,PROD0073,SUP004,WH02,21-12-2025,12-01-2026,12-01-2026,257,257,164.63,42309.91,Delivered,0
PO002840,PROD0073,SUP004,WH02,22-12-2025,13-01-2026,13-01-2026,257,257,164.63,42309.91,Delivered,0
PO002841,PROD0073,SUP004,WH02,23-12-2025,14-01-2026,15-01-2026,257,257,164.63,42309.91,Delivered,1
PO002842,PROD0073,SUP004,WH02,24-12-2025,15-01-2026,18-01-2026,257,257,164.63,42309.91,Delivered,3
PO002843,PROD0073,SUP004,WH02,25-12-2025,16-01-2026,17-01-2026,257,257,164.63,42309.91,Delivered,1
PO002844,PROD0073,SUP004,WH02,26-12-2025,17-01-2026,17-01-2026,257,257,164.63,42309.91,Delivered,0
PO002845,PROD0073,SUP004,WH02,27-12-2025,18-01-2026,18-01-2026,257,245,164.63,42309.91,Partial - Defect/Shortage,0
PO002846,PROD0073,SUP004,WH02,28-12-2025,19-01-2026,19-01-2026,257,257,164.63,42309.91,Delivered,0
PO002847,PROD0073,SUP004,WH02,29-12-2025,20-01-2026,31-01-2026,257,257,164.63,42309.91,Delivered,11
PO002848,PROD0073,SUP004,WH02,30-12-2025,21-01-2026,29-01-2026,257,257,164.63,42309.91,Delivered,8
PO002849,PROD0073,SUP004,WH02,31-12-2025,22-01-2026,26-01-2026,257,257,164.63,42309.91,Delivered,4
PO002850,PROD0073,SUP004,WH01,12-01-2025,03-02-2025,05-02-2025,285,285,164.63,46919.55,Delivered,2
PO002851,PROD0073,SUP004,WH01,22-02-2025,16-03-2025,16-03-2025,285,285,164.63,46919.55,Delivered,0
PO002852,PROD0073,SUP004,WH01,28-03-2025,19-04-2025,20-04-2025,285,285,164.63,46919.55,Delivered,1
PO002853,PROD0073,SUP004,WH01,28-04-2025,20-05-2025,21-05-2025,285,285,164.63,46919.55,Delivered,1
PO002854,PROD0073,SUP004,WH01,29-05-2025,20-06-2025,22-06-2025,285,285,164.63,46919.55,Delivered,2
PO002855,PROD0073,SUP004,WH01,29-06-2025,21-07-2025,23-07-2025,285,285,164.63,46919.55,Delivered,2
PO002856,PROD0073,SUP004,WH01,01-08-2025,23-08-2025,24-08-2025,285,285,164.63,46919.55,Delivered,1
PO002857,PROD0073,SUP004,WH01,05-09-2025,27-09-2025,27-09-2025,285,285,164.63,46919.55,Delivered,0
PO002858,PROD0073,SUP004,WH01,12-10-2025,03-11-2025,04-11-2025,285,285,164.63,46919.55,Delivered,1
PO002859,PROD0073,SUP004,WH01,25-11-2025,17-12-2025,18-12-2025,285,285,164.63,46919.55,Delivered,1
PO002860,PROD0073,SUP004,WH03,05-01-2025,27-01-2025,03-02-2025,310,310,164.63,51035.3,Delivered,7
PO002861,PROD0073,SUP004,WH03,21-02-2025,15-03-2025,17-03-2025,310,269,164.63,51035.3,Partial - Defect/Shortage,2
PO002862,PROD0073,SUP004,WH03,22-03-2025,13-04-2025,25-04-2025,310,310,164.63,51035.3,Delivered,12
PO002863,PROD0073,SUP004,WH03,02-05-2025,24-05-2025,02-06-2025,310,310,164.63,51035.3,Delivered,9
PO002864,PROD0073,SUP004,WH03,09-06-2025,01-07-2025,03-07-2025,310,310,164.63,51035.3,Delivered,2
PO002865,PROD0073,SUP004,WH03,10-07-2025,01-08-2025,02-08-2025,310,310,164.63,51035.3,Delivered,1
PO002866,PROD0073,SUP004,WH03,11-08-2025,02-09-2025,02-09-2025,310,310,164.63,51035.3,Delivered,0
PO002867,PROD0073,SUP004,WH03,15-09-2025,07-10-2025,07-10-2025,310,310,164.63,51035.3,Delivered,0
PO002868,PROD0073,SUP004,WH03,20-10-2025,11-11-2025,12-11-2025,310,310,164.63,51035.3,Delivered,1
PO002869,PROD0073,SUP004,WH03,28-11-2025,20-12-2025,01-01-2026,310,292,164.63,51035.3,Partial - Defect/Shortage,12
PO002870,PROD0073,SUP004,WH03,29-11-2025,21-12-2025,02-01-2026,310,310,164.63,51035.3,Delivered,12
PO002871,PROD0073,SUP004,WH03,30-11-2025,22-12-2025,22-12-2025,310,310,164.63,51035.3,Delivered,0
PO002872,PROD0073,SUP004,WH04,18-01-2025,09-02-2025,19-02-2025,454,454,164.63,74742.02,Delivered,10
PO002873,PROD0073,SUP004,WH04,03-03-2025,25-03-2025,30-03-2025,454,454,164.63,74742.02,Delivered,5
PO002874,PROD0073,SUP004,WH04,08-04-2025,30-04-2025,01-05-2025,454,454,164.63,74742.02,Delivered,1
PO002875,PROD0073,SUP004,WH04,10-05-2025,01-06-2025,02-06-2025,454,454,164.63,74742.02,Delivered,1
PO002876,PROD0073,SUP004,WH04,09-06-2025,01-07-2025,03-07-2025,454,454,164.63,74742.02,Delivered,2
PO002877,PROD0073,SUP004,WH04,11-07-2025,02-08-2025,03-08-2025,454,454,164.63,74742.02,Delivered,1
PO002878,PROD0073,SUP004,WH04,13-08-2025,04-09-2025,16-09-2025,454,454,164.63,74742.02,Delivered,12
PO002879,PROD0073,SUP004,WH04,27-09-2025,19-10-2025,29-10-2025,454,454,164.63,74742.02,Delivered,10
PO002880,PROD0073,SUP004,WH04,10-11-2025,02-12-2025,09-12-2025,454,454,164.63,74742.02,Delivered,7
PO002881,PROD0073,SUP004,WH04,21-12-2025,12-01-2026,12-01-2026,454,454,164.63,74742.02,Delivered,0
PO002882,PROD0073,SUP004,WH04,22-12-2025,13-01-2026,13-01-2026,454,454,164.63,74742.02,Delivered,0
PO002883,PROD0073,SUP004,WH04,23-12-2025,14-01-2026,22-01-2026,454,454,164.63,74742.02,Delivered,8
PO002884,PROD0073,SUP004,WH04,24-12-2025,15-01-2026,17-01-2026,454,454,164.63,74742.02,Delivered,2
PO002885,PROD0073,SUP004,WH04,25-12-2025,16-01-2026,16-01-2026,454,454,164.63,74742.02,Delivered,0
PO002886,PROD0073,SUP004,WH04,26-12-2025,17-01-2026,28-01-2026,454,454,164.63,74742.02,Delivered,11
PO002887,PROD0073,SUP004,WH04,27-12-2025,18-01-2026,19-01-2026,454,454,164.63,74742.02,Delivered,1
PO002888,PROD0073,SUP004,WH04,28-12-2025,19-01-2026,20-01-2026,454,454,164.63,74742.02,Delivered,1
PO002889,PROD0073,SUP004,WH04,29-12-2025,20-01-2026,23-01-2026,454,454,164.63,74742.02,Delivered,3
PO002890,PROD0073,SUP004,WH04,30-12-2025,21-01-2026,23-01-2026,454,454,164.63,74742.02,Delivered,2
PO002891,PROD0073,SUP004,WH04,31-12-2025,22-01-2026,03-02-2026,454,454,164.63,74742.02,Delivered,12
PO002892,PROD0074,SUP001,WH01,03-01-2025,19-01-2025,25-01-2025,311,301,28.43,8841.73,Partial - Defect/Shortage,6
PO002893,PROD0074,SUP001,WH01,08-02-2025,24-02-2025,24-02-2025,311,311,28.43,8841.73,Delivered,0
PO002894,PROD0074,SUP001,WH01,22-03-2025,07-04-2025,09-04-2025,311,311,28.43,8841.73,Delivered,2
PO002895,PROD0074,SUP001,WH01,30-04-2025,16-05-2025,17-05-2025,311,311,28.43,8841.73,Delivered,1
PO002896,PROD0074,SUP001,WH01,06-06-2025,22-06-2025,24-06-2025,311,311,28.43,8841.73,Delivered,2
PO002897,PROD0074,SUP001,WH01,12-07-2025,28-07-2025,28-07-2025,311,311,28.43,8841.73,Delivered,0
PO002898,PROD0074,SUP001,WH01,16-08-2025,01-09-2025,03-09-2025,311,311,28.43,8841.73,Delivered,2
PO002899,PROD0074,SUP001,WH01,18-09-2025,04-10-2025,05-10-2025,311,311,28.43,8841.73,Delivered,1
PO002900,PROD0074,SUP001,WH01,20-10-2025,05-11-2025,16-11-2025,311,273,28.43,8841.73,Partial - Defect/Shortage,11
PO002901,PROD0074,SUP001,WH01,22-11-2025,08-12-2025,09-12-2025,311,311,28.43,8841.73,Delivered,1
PO002902,PROD0074,SUP001,WH01,16-12-2025,01-01-2026,03-01-2026,311,311,28.43,8841.73,Delivered,2
PO002903,PROD0074,SUP001,WH01,17-12-2025,02-01-2026,16-01-2026,311,311,28.43,8841.73,Delivered,14
PO002904,PROD0074,SUP001,WH01,18-12-2025,03-01-2026,05-01-2026,311,311,28.43,8841.73,Delivered,2
PO002905,PROD0074,SUP001,WH01,19-12-2025,04-01-2026,05-01-2026,311,311,28.43,8841.73,Delivered,1
PO002906,PROD0074,SUP001,WH01,20-12-2025,05-01-2026,08-01-2026,311,311,28.43,8841.73,Delivered,3
PO002907,PROD0074,SUP001,WH01,21-12-2025,06-01-2026,07-01-2026,311,311,28.43,8841.73,Delivered,1
PO002908,PROD0074,SUP001,WH01,22-12-2025,07-01-2026,09-01-2026,311,311,28.43,8841.73,Delivered,2
PO002909,PROD0074,SUP001,WH01,23-12-2025,08-01-2026,10-01-2026,311,311,28.43,8841.73,Delivered,2
PO002910,PROD0074,SUP001,WH01,24-12-2025,09-01-2026,11-01-2026,311,311,28.43,8841.73,Delivered,2
PO002911,PROD0074,SUP001,WH01,25-12-2025,10-01-2026,10-01-2026,311,311,28.43,8841.73,Delivered,0
PO002912,PROD0074,SUP001,WH01,26-12-2025,11-01-2026,11-01-2026,311,311,28.43,8841.73,Delivered,0
PO002913,PROD0074,SUP001,WH01,27-12-2025,12-01-2026,12-01-2026,311,311,28.43,8841.73,Delivered,0
PO002914,PROD0074,SUP001,WH01,28-12-2025,13-01-2026,13-01-2026,311,311,28.43,8841.73,Delivered,0
PO002915,PROD0074,SUP001,WH01,29-12-2025,14-01-2026,16-01-2026,311,311,28.43,8841.73,Delivered,2
PO002916,PROD0074,SUP001,WH01,30-12-2025,15-01-2026,22-01-2026,311,311,28.43,8841.73,Delivered,7
PO002917,PROD0074,SUP001,WH01,31-12-2025,16-01-2026,16-01-2026,311,311,28.43,8841.73,Delivered,0
PO002918,PROD0074,SUP001,WH04,14-01-2025,30-01-2025,30-01-2025,436,436,28.43,12395.48,Delivered,0
PO002919,PROD0074,SUP001,WH04,23-02-2025,11-03-2025,11-03-2025,436,436,28.43,12395.48,Delivered,0
PO002920,PROD0074,SUP001,WH04,03-04-2025,19-04-2025,21-04-2025,436,436,28.43,12395.48,Delivered,2
PO002921,PROD0074,SUP001,WH04,11-05-2025,27-05-2025,28-05-2025,436,436,28.43,12395.48,Delivered,1
PO002922,PROD0074,SUP001,WH04,16-06-2025,02-07-2025,04-07-2025,436,436,28.43,12395.48,Delivered,2
PO002923,PROD0074,SUP001,WH04,26-07-2025,11-08-2025,12-08-2025,436,436,28.43,12395.48,Delivered,1
PO002924,PROD0074,SUP001,WH04,29-08-2025,14-09-2025,15-09-2025,436,436,28.43,12395.48,Delivered,1
PO002925,PROD0074,SUP001,WH04,29-09-2025,15-10-2025,17-10-2025,436,436,28.43,12395.48,Delivered,2
PO002926,PROD0074,SUP001,WH04,28-10-2025,13-11-2025,15-11-2025,436,436,28.43,12395.48,Delivered,2
PO002927,PROD0074,SUP001,WH04,24-11-2025,10-12-2025,11-12-2025,436,436,28.43,12395.48,Delivered,1
PO002928,PROD0074,SUP001,WH04,18-12-2025,03-01-2026,17-01-2026,436,436,28.43,12395.48,Delivered,14
PO002929,PROD0074,SUP001,WH04,19-12-2025,04-01-2026,05-01-2026,436,436,28.43,12395.48,Delivered,1
PO002930,PROD0074,SUP001,WH04,20-12-2025,05-01-2026,06-01-2026,436,436,28.43,12395.48,Delivered,1
PO002931,PROD0074,SUP001,WH04,21-12-2025,06-01-2026,14-01-2026,436,436,28.43,12395.48,Delivered,8
PO002932,PROD0074,SUP001,WH04,22-12-2025,07-01-2026,09-01-2026,436,412,28.43,12395.48,Partial - Defect/Shortage,2
PO002933,PROD0074,SUP001,WH04,23-12-2025,08-01-2026,09-01-2026,436,388,28.43,12395.48,Partial - Defect/Shortage,1
PO002934,PROD0074,SUP001,WH04,24-12-2025,09-01-2026,20-01-2026,436,436,28.43,12395.48,Delivered,11
PO002935,PROD0074,SUP001,WH04,25-12-2025,10-01-2026,11-01-2026,436,436,28.43,12395.48,Delivered,1
PO002936,PROD0074,SUP001,WH04,26-12-2025,11-01-2026,13-01-2026,436,436,28.43,12395.48,Delivered,2
PO002937,PROD0074,SUP001,WH04,27-12-2025,12-01-2026,12-01-2026,436,436,28.43,12395.48,Delivered,0
PO002938,PROD0074,SUP001,WH04,28-12-2025,13-01-2026,14-01-2026,436,436,28.43,12395.48,Delivered,1
PO002939,PROD0074,SUP001,WH04,29-12-2025,14-01-2026,16-01-2026,436,415,28.43,12395.48,Partial - Defect/Shortage,2
PO002940,PROD0074,SUP001,WH04,30-12-2025,15-01-2026,17-01-2026,436,436,28.43,12395.48,Delivered,2
PO002941,PROD0074,SUP001,WH04,31-12-2025,16-01-2026,18-01-2026,436,436,28.43,12395.48,Delivered,2
PO002942,PROD0074,SUP001,WH02,17-01-2025,02-02-2025,04-02-2025,472,472,28.43,13418.96,Delivered,2
PO002943,PROD0074,SUP001,WH02,27-02-2025,15-03-2025,18-03-2025,472,472,28.43,13418.96,Delivered,3
PO002944,PROD0074,SUP001,WH02,08-04-2025,24-04-2025,25-04-2025,472,472,28.43,13418.96,Delivered,1
PO002945,PROD0074,SUP001,WH02,15-05-2025,31-05-2025,01-06-2025,472,472,28.43,13418.96,Delivered,1
PO002946,PROD0074,SUP001,WH02,22-06-2025,08-07-2025,08-07-2025,472,472,28.43,13418.96,Delivered,0
PO002947,PROD0074,SUP001,WH02,04-08-2025,20-08-2025,21-08-2025,472,456,28.43,13418.96,Partial - Defect/Shortage,1
PO002948,PROD0074,SUP001,WH02,11-09-2025,27-09-2025,27-09-2025,472,472,28.43,13418.96,Delivered,0
PO002949,PROD0074,SUP001,WH02,09-10-2025,25-10-2025,26-10-2025,472,472,28.43,13418.96,Delivered,1
PO002950,PROD0074,SUP001,WH02,06-11-2025,22-11-2025,22-11-2025,472,435,28.43,13418.96,Partial - Defect/Shortage,0
PO002951,PROD0074,SUP001,WH02,02-12-2025,18-12-2025,20-12-2025,472,472,28.43,13418.96,Delivered,2
PO002952,PROD0074,SUP001,WH02,29-12-2025,14-01-2026,15-01-2026,472,472,28.43,13418.96,Delivered,1
PO002953,PROD0074,SUP001,WH02,30-12-2025,15-01-2026,17-01-2026,472,472,28.43,13418.96,Delivered,2
PO002954,PROD0074,SUP001,WH02,31-12-2025,16-01-2026,27-01-2026,472,472,28.43,13418.96,Delivered,11
PO002955,PROD0074,SUP001,WH03,13-01-2025,29-01-2025,31-01-2025,532,532,28.43,15124.76,Delivered,2
PO002956,PROD0074,SUP001,WH03,02-03-2025,18-03-2025,20-03-2025,532,532,28.43,15124.76,Delivered,2
PO002957,PROD0074,SUP001,WH03,05-04-2025,21-04-2025,21-04-2025,532,532,28.43,15124.76,Delivered,0
PO002958,PROD0074,SUP001,WH03,16-05-2025,01-06-2025,01-06-2025,532,532,28.43,15124.76,Delivered,0
PO002959,PROD0074,SUP001,WH03,21-06-2025,07-07-2025,09-07-2025,532,532,28.43,15124.76,Delivered,2
PO002960,PROD0074,SUP001,WH03,27-07-2025,12-08-2025,13-08-2025,532,532,28.43,15124.76,Delivered,1
PO002961,PROD0074,SUP001,WH03,04-09-2025,20-09-2025,20-09-2025,532,532,28.43,15124.76,Delivered,0
PO002962,PROD0074,SUP001,WH03,06-10-2025,22-10-2025,24-10-2025,532,532,28.43,15124.76,Delivered,2
PO002963,PROD0074,SUP001,WH03,03-11-2025,19-11-2025,21-11-2025,532,532,28.43,15124.76,Delivered,2
PO002964,PROD0074,SUP001,WH03,06-12-2025,22-12-2025,24-12-2025,532,532,28.43,15124.76,Delivered,2
PO002965,PROD0074,SUP001,WH03,31-12-2025,16-01-2026,17-01-2026,532,532,28.43,15124.76,Delivered,1
PO002966,PROD0075,SUP005,WH02,01-01-2025,16-01-2025,17-01-2025,476,476,154.1,73351.6,Delivered,1
PO002967,PROD0075,SUP005,WH02,17-02-2025,04-03-2025,10-03-2025,476,476,154.1,73351.6,Delivered,6
PO002968,PROD0075,SUP005,WH02,27-03-2025,11-04-2025,12-04-2025,476,476,154.1,73351.6,Delivered,1
PO002969,PROD0075,SUP005,WH02,26-04-2025,11-05-2025,12-05-2025,476,476,154.1,73351.6,Delivered,1
PO002970,PROD0075,SUP005,WH02,25-05-2025,09-06-2025,10-06-2025,476,476,154.1,73351.6,Delivered,1
PO002971,PROD0075,SUP005,WH02,23-06-2025,08-07-2025,20-07-2025,476,476,154.1,73351.6,Delivered,12
PO002972,PROD0075,SUP005,WH02,06-08-2025,21-08-2025,23-08-2025,476,476,154.1,73351.6,Delivered,2
PO002973,PROD0075,SUP005,WH02,09-09-2025,24-09-2025,24-09-2025,476,425,154.1,73351.6,Partial - Defect/Shortage,0
PO002974,PROD0075,SUP005,WH02,11-10-2025,26-10-2025,28-10-2025,476,437,154.1,73351.6,Partial - Defect/Shortage,2
PO002975,PROD0075,SUP005,WH02,17-11-2025,02-12-2025,03-12-2025,476,476,154.1,73351.6,Delivered,1
PO002976,PROD0075,SUP005,WH02,30-12-2025,14-01-2026,14-01-2026,476,476,154.1,73351.6,Delivered,0
PO002977,PROD0075,SUP005,WH02,31-12-2025,15-01-2026,23-01-2026,476,476,154.1,73351.6,Delivered,8
PO002978,PROD0075,SUP005,WH03,03-01-2025,18-01-2025,18-01-2025,323,323,154.1,49774.3,Delivered,0
PO002979,PROD0075,SUP005,WH03,19-02-2025,06-03-2025,08-03-2025,323,323,154.1,49774.3,Delivered,2
PO002980,PROD0075,SUP005,WH03,25-03-2025,09-04-2025,09-04-2025,323,289,154.1,49774.3,Partial - Defect/Shortage,0
PO002981,PROD0075,SUP005,WH03,22-04-2025,07-05-2025,14-05-2025,323,323,154.1,49774.3,Delivered,7
PO002982,PROD0075,SUP005,WH03,26-05-2025,10-06-2025,23-06-2025,323,323,154.1,49774.3,Delivered,13
PO002983,PROD0075,SUP005,WH03,07-07-2025,22-07-2025,24-07-2025,323,323,154.1,49774.3,Delivered,2
PO002984,PROD0075,SUP005,WH03,08-08-2025,23-08-2025,24-08-2025,323,323,154.1,49774.3,Delivered,1
PO002985,PROD0075,SUP005,WH03,13-09-2025,28-09-2025,03-10-2025,323,323,154.1,49774.3,Delivered,5
PO002986,PROD0075,SUP005,WH03,24-10-2025,08-11-2025,10-11-2025,323,323,154.1,49774.3,Delivered,2
PO002987,PROD0075,SUP005,WH03,05-12-2025,20-12-2025,21-12-2025,323,323,154.1,49774.3,Delivered,1
PO002988,PROD0076,SUP019,WH01,03-01-2025,09-01-2025,15-01-2025,458,458,140.8,64486.4,Delivered,6
PO002989,PROD0076,SUP019,WH01,18-02-2025,24-02-2025,27-02-2025,458,458,140.8,64486.4,Delivered,3
PO002990,PROD0076,SUP019,WH01,23-03-2025,29-03-2025,31-03-2025,458,458,140.8,64486.4,Delivered,2
PO002991,PROD0076,SUP019,WH01,17-04-2025,23-04-2025,24-04-2025,458,458,140.8,64486.4,Delivered,1
PO002992,PROD0076,SUP019,WH01,16-05-2025,22-05-2025,24-05-2025,458,458,140.8,64486.4,Delivered,2
PO002993,PROD0076,SUP019,WH01,11-06-2025,17-06-2025,18-06-2025,458,458,140.8,64486.4,Delivered,1
PO002994,PROD0076,SUP019,WH01,06-07-2025,12-07-2025,13-07-2025,458,458,140.8,64486.4,Delivered,1
PO002995,PROD0076,SUP019,WH01,03-08-2025,09-08-2025,11-08-2025,458,458,140.8,64486.4,Delivered,2
PO002996,PROD0076,SUP019,WH01,06-09-2025,12-09-2025,13-09-2025,458,458,140.8,64486.4,Delivered,1
PO002997,PROD0076,SUP019,WH01,07-10-2025,13-10-2025,15-10-2025,458,458,140.8,64486.4,Delivered,2
PO002998,PROD0076,SUP019,WH01,14-11-2025,20-11-2025,21-11-2025,458,458,140.8,64486.4,Delivered,1
PO002999,PROD0076,SUP019,WH01,27-12-2025,02-01-2026,04-01-2026,458,458,140.8,64486.4,Delivered,2
PO003000,PROD0076,SUP019,WH01,28-12-2025,03-01-2026,05-01-2026,458,458,140.8,64486.4,Delivered,2
PO003001,PROD0076,SUP019,WH01,29-12-2025,04-01-2026,14-01-2026,458,458,140.8,64486.4,Delivered,10
PO003002,PROD0076,SUP019,WH01,30-12-2025,05-01-2026,07-01-2026,458,458,140.8,64486.4,Delivered,2
PO003003,PROD0076,SUP019,WH01,31-12-2025,06-01-2026,08-01-2026,458,458,140.8,64486.4,Delivered,2
PO003004,PROD0076,SUP019,WH04,01-01-2025,07-01-2025,09-01-2025,304,304,140.8,42803.2,Delivered,2
PO003005,PROD0076,SUP019,WH04,09-02-2025,15-02-2025,16-02-2025,304,304,140.8,42803.2,Delivered,1
PO003006,PROD0076,SUP019,WH04,16-03-2025,22-03-2025,24-03-2025,304,304,140.8,42803.2,Delivered,2
PO003007,PROD0076,SUP019,WH04,17-04-2025,23-04-2025,29-04-2025,304,304,140.8,42803.2,Delivered,6
PO003008,PROD0076,SUP019,WH04,16-05-2025,22-05-2025,23-05-2025,304,304,140.8,42803.2,Delivered,1
PO003009,PROD0076,SUP019,WH04,11-06-2025,17-06-2025,17-06-2025,304,304,140.8,42803.2,Delivered,0
PO003010,PROD0076,SUP019,WH04,13-07-2025,19-07-2025,20-07-2025,304,304,140.8,42803.2,Delivered,1
PO003011,PROD0076,SUP019,WH04,14-08-2025,20-08-2025,20-08-2025,304,304,140.8,42803.2,Delivered,0
PO003012,PROD0076,SUP019,WH04,13-09-2025,19-09-2025,21-09-2025,304,304,140.8,42803.2,Delivered,2
PO003013,PROD0076,SUP019,WH04,18-10-2025,24-10-2025,25-10-2025,304,304,140.8,42803.2,Delivered,1
PO003014,PROD0076,SUP019,WH04,27-11-2025,03-12-2025,05-12-2025,304,304,140.8,42803.2,Delivered,2
PO003015,PROD0076,SUP019,WH02,01-01-2025,07-01-2025,07-01-2025,541,541,140.8,76172.8,Delivered,0
PO003016,PROD0076,SUP019,WH02,16-02-2025,22-02-2025,24-02-2025,541,541,140.8,76172.8,Delivered,2
PO003017,PROD0076,SUP019,WH02,23-03-2025,29-03-2025,29-03-2025,541,541,140.8,76172.8,Delivered,0
PO003018,PROD0076,SUP019,WH02,21-04-2025,27-04-2025,29-04-2025,541,541,140.8,76172.8,Delivered,2
PO003019,PROD0076,SUP019,WH02,15-05-2025,21-05-2025,23-05-2025,541,541,140.8,76172.8,Delivered,2
PO003020,PROD0076,SUP019,WH02,11-06-2025,17-06-2025,17-06-2025,541,541,140.8,76172.8,Delivered,0
PO003021,PROD0076,SUP019,WH02,07-07-2025,13-07-2025,17-07-2025,541,541,140.8,76172.8,Delivered,4
PO003022,PROD0076,SUP019,WH02,08-08-2025,14-08-2025,15-08-2025,541,541,140.8,76172.8,Delivered,1
PO003023,PROD0076,SUP019,WH02,14-09-2025,20-09-2025,22-09-2025,541,541,140.8,76172.8,Delivered,2
PO003024,PROD0076,SUP019,WH02,23-10-2025,29-10-2025,30-10-2025,541,521,140.8,76172.8,Partial - Defect/Shortage,1
PO003025,PROD0076,SUP019,WH02,01-12-2025,07-12-2025,08-12-2025,541,541,140.8,76172.8,Delivered,1
PO003026,PROD0077,SUP001,WH03,10-01-2025,26-01-2025,03-02-2025,95,95,38.25,3633.75,Delivered,8
PO003027,PROD0077,SUP001,WH03,25-02-2025,13-03-2025,14-03-2025,95,95,38.25,3633.75,Delivered,1
PO003028,PROD0077,SUP001,WH03,29-03-2025,14-04-2025,14-04-2025,95,95,38.25,3633.75,Delivered,0
PO003029,PROD0077,SUP001,WH03,02-05-2025,18-05-2025,18-05-2025,95,95,38.25,3633.75,Delivered,0
PO003030,PROD0077,SUP001,WH03,27-05-2025,12-06-2025,26-06-2025,95,95,38.25,3633.75,Delivered,14
PO003031,PROD0077,SUP001,WH03,06-07-2025,22-07-2025,24-07-2025,95,95,38.25,3633.75,Delivered,2
PO003032,PROD0077,SUP001,WH03,02-08-2025,18-08-2025,18-08-2025,95,90,38.25,3633.75,Partial - Defect/Shortage,0
PO003033,PROD0077,SUP001,WH03,01-09-2025,17-09-2025,17-09-2025,95,95,38.25,3633.75,Delivered,0
PO003034,PROD0077,SUP001,WH03,11-10-2025,27-10-2025,28-10-2025,95,95,38.25,3633.75,Delivered,1
PO003035,PROD0077,SUP001,WH03,23-11-2025,09-12-2025,19-12-2025,95,95,38.25,3633.75,Delivered,10
PO003036,PROD0077,SUP001,WH04,11-01-2025,27-01-2025,28-01-2025,97,97,38.25,3710.25,Delivered,1
PO003037,PROD0077,SUP001,WH04,20-02-2025,08-03-2025,08-03-2025,97,93,38.25,3710.25,Partial - Defect/Shortage,0
PO003038,PROD0077,SUP001,WH04,28-03-2025,13-04-2025,13-04-2025,97,97,38.25,3710.25,Delivered,0
PO003039,PROD0077,SUP001,WH04,30-04-2025,16-05-2025,16-05-2025,97,97,38.25,3710.25,Delivered,0
PO003040,PROD0077,SUP001,WH04,27-05-2025,12-06-2025,13-06-2025,97,97,38.25,3710.25,Delivered,1
PO003041,PROD0077,SUP001,WH04,23-06-2025,09-07-2025,10-07-2025,97,92,38.25,3710.25,Partial - Defect/Shortage,1
PO003042,PROD0077,SUP001,WH04,21-07-2025,06-08-2025,08-08-2025,97,97,38.25,3710.25,Delivered,2
PO003043,PROD0077,SUP001,WH04,24-08-2025,09-09-2025,09-09-2025,97,97,38.25,3710.25,Delivered,0
PO003044,PROD0077,SUP001,WH04,27-09-2025,13-10-2025,14-10-2025,97,97,38.25,3710.25,Delivered,1
PO003045,PROD0077,SUP001,WH04,05-11-2025,21-11-2025,22-11-2025,97,97,38.25,3710.25,Delivered,1
PO003046,PROD0077,SUP001,WH04,17-12-2025,02-01-2026,04-01-2026,97,97,38.25,3710.25,Delivered,2
PO003047,PROD0077,SUP001,WH04,18-12-2025,03-01-2026,05-01-2026,97,97,38.25,3710.25,Delivered,2
PO003048,PROD0077,SUP001,WH04,19-12-2025,04-01-2026,05-01-2026,97,92,38.25,3710.25,Partial - Defect/Shortage,1
PO003049,PROD0077,SUP001,WH04,20-12-2025,05-01-2026,07-01-2026,97,97,38.25,3710.25,Delivered,2
PO003050,PROD0077,SUP001,WH04,21-12-2025,06-01-2026,15-01-2026,97,97,38.25,3710.25,Delivered,9
PO003051,PROD0077,SUP001,WH04,22-12-2025,07-01-2026,08-01-2026,97,97,38.25,3710.25,Delivered,1
PO003052,PROD0077,SUP001,WH04,23-12-2025,08-01-2026,10-01-2026,97,97,38.25,3710.25,Delivered,2
PO003053,PROD0077,SUP001,WH04,24-12-2025,09-01-2026,10-01-2026,97,97,38.25,3710.25,Delivered,1
PO003054,PROD0077,SUP001,WH04,25-12-2025,10-01-2026,11-01-2026,97,97,38.25,3710.25,Delivered,1
PO003055,PROD0077,SUP001,WH04,26-12-2025,11-01-2026,11-01-2026,97,97,38.25,3710.25,Delivered,0
PO003056,PROD0077,SUP001,WH04,27-12-2025,12-01-2026,12-01-2026,97,97,38.25,3710.25,Delivered,0
PO003057,PROD0077,SUP001,WH04,28-12-2025,13-01-2026,13-01-2026,97,97,38.25,3710.25,Delivered,0
PO003058,PROD0077,SUP001,WH04,29-12-2025,14-01-2026,14-01-2026,97,97,38.25,3710.25,Delivered,0
PO003059,PROD0077,SUP001,WH04,30-12-2025,15-01-2026,15-01-2026,97,97,38.25,3710.25,Delivered,0
PO003060,PROD0077,SUP001,WH04,31-12-2025,16-01-2026,17-01-2026,97,97,38.25,3710.25,Delivered,1
PO003061,PROD0077,SUP001,WH02,03-01-2025,19-01-2025,20-01-2025,83,83,38.25,3174.75,Delivered,1
PO003062,PROD0077,SUP001,WH02,12-02-2025,28-02-2025,28-02-2025,83,83,38.25,3174.75,Delivered,0
PO003063,PROD0077,SUP001,WH02,18-03-2025,03-04-2025,03-04-2025,83,83,38.25,3174.75,Delivered,0
PO003064,PROD0077,SUP001,WH02,19-04-2025,05-05-2025,05-05-2025,83,83,38.25,3174.75,Delivered,0
PO003065,PROD0077,SUP001,WH02,16-05-2025,01-06-2025,01-06-2025,83,83,38.25,3174.75,Delivered,0
PO003066,PROD0077,SUP001,WH02,12-06-2025,28-06-2025,28-06-2025,83,75,38.25,3174.75,Partial - Defect/Shortage,0
PO003067,PROD0077,SUP001,WH02,05-07-2025,21-07-2025,02-08-2025,83,83,38.25,3174.75,Delivered,12
PO003068,PROD0077,SUP001,WH02,17-08-2025,02-09-2025,03-09-2025,83,83,38.25,3174.75,Delivered,1
PO003069,PROD0077,SUP001,WH02,18-09-2025,04-10-2025,15-10-2025,83,83,38.25,3174.75,Delivered,11
PO003070,PROD0077,SUP001,WH02,03-11-2025,19-11-2025,21-11-2025,83,83,38.25,3174.75,Delivered,2
PO003071,PROD0077,SUP001,WH02,14-12-2025,30-12-2025,05-01-2026,83,83,38.25,3174.75,Delivered,6
PO003072,PROD0077,SUP001,WH02,15-12-2025,31-12-2025,07-01-2026,83,83,38.25,3174.75,Delivered,7
PO003073,PROD0077,SUP001,WH02,16-12-2025,01-01-2026,03-01-2026,83,83,38.25,3174.75,Delivered,2
PO003074,PROD0077,SUP001,WH02,17-12-2025,02-01-2026,02-01-2026,83,83,38.25,3174.75,Delivered,0
PO003075,PROD0077,SUP001,WH02,18-12-2025,03-01-2026,03-01-2026,83,83,38.25,3174.75,Delivered,0
PO003076,PROD0077,SUP001,WH02,19-12-2025,04-01-2026,06-01-2026,83,83,38.25,3174.75,Delivered,2
PO003077,PROD0077,SUP001,WH02,20-12-2025,05-01-2026,05-01-2026,83,83,38.25,3174.75,Delivered,0
PO003078,PROD0077,SUP001,WH02,21-12-2025,06-01-2026,13-01-2026,83,83,38.25,3174.75,Delivered,7
PO003079,PROD0077,SUP001,WH02,22-12-2025,07-01-2026,09-01-2026,83,83,38.25,3174.75,Delivered,2
PO003080,PROD0077,SUP001,WH02,23-12-2025,08-01-2026,09-01-2026,83,83,38.25,3174.75,Delivered,1
PO003081,PROD0077,SUP001,WH02,24-12-2025,09-01-2026,17-01-2026,83,83,38.25,3174.75,Delivered,8
PO003082,PROD0077,SUP001,WH02,25-12-2025,10-01-2026,11-01-2026,83,83,38.25,3174.75,Delivered,1
PO003083,PROD0077,SUP001,WH02,26-12-2025,11-01-2026,11-01-2026,83,83,38.25,3174.75,Delivered,0
PO003084,PROD0077,SUP001,WH02,27-12-2025,12-01-2026,14-01-2026,83,83,38.25,3174.75,Delivered,2
PO003085,PROD0077,SUP001,WH02,28-12-2025,13-01-2026,15-01-2026,83,83,38.25,3174.75,Delivered,2
PO003086,PROD0077,SUP001,WH02,29-12-2025,14-01-2026,25-01-2026,83,83,38.25,3174.75,Delivered,11
PO003087,PROD0077,SUP001,WH02,30-12-2025,15-01-2026,19-01-2026,83,83,38.25,3174.75,Delivered,4
PO003088,PROD0077,SUP001,WH02,31-12-2025,16-01-2026,17-01-2026,83,71,38.25,3174.75,Partial - Defect/Shortage,1
PO003089,PROD0077,SUP001,WH01,15-01-2025,31-01-2025,01-02-2025,75,75,38.25,2868.75,Delivered,1
PO003090,PROD0077,SUP001,WH01,22-02-2025,10-03-2025,10-03-2025,75,75,38.25,2868.75,Delivered,0
PO003091,PROD0077,SUP001,WH01,01-04-2025,17-04-2025,19-04-2025,75,75,38.25,2868.75,Delivered,2
PO003092,PROD0077,SUP001,WH01,02-05-2025,18-05-2025,18-05-2025,75,75,38.25,2868.75,Delivered,0
PO003093,PROD0077,SUP001,WH01,30-05-2025,15-06-2025,15-06-2025,75,75,38.25,2868.75,Delivered,0
PO003094,PROD0077,SUP001,WH01,27-06-2025,13-07-2025,15-07-2025,75,75,38.25,2868.75,Delivered,2
PO003095,PROD0077,SUP001,WH01,26-07-2025,11-08-2025,11-08-2025,75,65,38.25,2868.75,Partial - Defect/Shortage,0
PO003096,PROD0077,SUP001,WH01,20-08-2025,05-09-2025,06-09-2025,75,75,38.25,2868.75,Delivered,1
PO003097,PROD0077,SUP001,WH01,23-09-2025,09-10-2025,09-10-2025,75,75,38.25,2868.75,Delivered,0
PO003098,PROD0077,SUP001,WH01,28-10-2025,13-11-2025,14-11-2025,75,75,38.25,2868.75,Delivered,1
PO003099,PROD0077,SUP001,WH01,10-12-2025,26-12-2025,26-12-2025,75,75,38.25,2868.75,Delivered,0
PO003100,PROD0078,SUP015,WH03,10-01-2025,21-01-2025,23-01-2025,720,720,8.12,5846.4,Delivered,2
PO003101,PROD0078,SUP015,WH03,15-02-2025,26-02-2025,27-02-2025,720,720,8.12,5846.4,Delivered,1
PO003102,PROD0078,SUP015,WH03,28-03-2025,08-04-2025,10-04-2025,720,720,8.12,5846.4,Delivered,2
PO003103,PROD0078,SUP015,WH03,07-05-2025,18-05-2025,20-05-2025,720,720,8.12,5846.4,Delivered,2
PO003104,PROD0078,SUP015,WH03,10-06-2025,21-06-2025,21-06-2025,720,720,8.12,5846.4,Delivered,0
PO003105,PROD0078,SUP015,WH03,15-07-2025,26-07-2025,26-07-2025,720,656,8.12,5846.4,Partial - Defect/Shortage,0
PO003106,PROD0078,SUP015,WH03,21-08-2025,01-09-2025,01-09-2025,720,720,8.12,5846.4,Delivered,0
PO003107,PROD0078,SUP015,WH03,24-09-2025,05-10-2025,06-10-2025,720,720,8.12,5846.4,Delivered,1
PO003108,PROD0078,SUP015,WH03,29-10-2025,09-11-2025,10-11-2025,720,720,8.12,5846.4,Delivered,1
PO003109,PROD0078,SUP015,WH03,25-11-2025,06-12-2025,07-12-2025,720,720,8.12,5846.4,Delivered,1
PO003110,PROD0078,SUP015,WH03,23-12-2025,03-01-2026,04-01-2026,720,720,8.12,5846.4,Delivered,1
PO003111,PROD0078,SUP015,WH03,24-12-2025,04-01-2026,04-01-2026,720,720,8.12,5846.4,Delivered,0
PO003112,PROD0078,SUP015,WH03,25-12-2025,05-01-2026,06-01-2026,720,720,8.12,5846.4,Delivered,1
PO003113,PROD0078,SUP015,WH03,26-12-2025,06-01-2026,07-01-2026,720,720,8.12,5846.4,Delivered,1
PO003114,PROD0078,SUP015,WH03,27-12-2025,07-01-2026,08-01-2026,720,720,8.12,5846.4,Delivered,1
PO003115,PROD0078,SUP015,WH03,28-12-2025,08-01-2026,08-01-2026,720,720,8.12,5846.4,Delivered,0
PO003116,PROD0078,SUP015,WH03,29-12-2025,09-01-2026,10-01-2026,720,720,8.12,5846.4,Delivered,1
PO003117,PROD0078,SUP015,WH03,30-12-2025,10-01-2026,10-01-2026,720,720,8.12,5846.4,Delivered,0
PO003118,PROD0078,SUP015,WH03,31-12-2025,11-01-2026,18-01-2026,720,720,8.12,5846.4,Delivered,7
PO003119,PROD0078,SUP015,WH04,06-01-2025,17-01-2025,29-01-2025,780,780,8.12,6333.6,Delivered,12
PO003120,PROD0078,SUP015,WH04,18-02-2025,01-03-2025,03-03-2025,780,780,8.12,6333.6,Delivered,2
PO003121,PROD0078,SUP015,WH04,25-03-2025,05-04-2025,05-04-2025,780,780,8.12,6333.6,Delivered,0
PO003122,PROD0078,SUP015,WH04,03-05-2025,14-05-2025,14-05-2025,780,780,8.12,6333.6,Delivered,0
PO003123,PROD0078,SUP015,WH04,01-06-2025,12-06-2025,14-06-2025,780,780,8.12,6333.6,Delivered,2
PO003124,PROD0078,SUP015,WH04,06-07-2025,17-07-2025,25-07-2025,780,780,8.12,6333.6,Delivered,8
PO003125,PROD0078,SUP015,WH04,14-08-2025,25-08-2025,26-08-2025,780,780,8.12,6333.6,Delivered,1
PO003126,PROD0078,SUP015,WH04,21-09-2025,02-10-2025,03-10-2025,780,780,8.12,6333.6,Delivered,1
PO003127,PROD0078,SUP015,WH04,26-10-2025,06-11-2025,06-11-2025,780,780,8.12,6333.6,Delivered,0
PO003128,PROD0078,SUP015,WH04,22-11-2025,03-12-2025,04-12-2025,780,780,8.12,6333.6,Delivered,1
PO003129,PROD0078,SUP015,WH04,20-12-2025,31-12-2025,02-01-2026,780,780,8.12,6333.6,Delivered,2
PO003130,PROD0078,SUP015,WH04,21-12-2025,01-01-2026,02-01-2026,780,780,8.12,6333.6,Delivered,1
PO003131,PROD0078,SUP015,WH04,22-12-2025,02-01-2026,02-01-2026,780,780,8.12,6333.6,Delivered,0
PO003132,PROD0078,SUP015,WH04,23-12-2025,03-01-2026,03-01-2026,780,780,8.12,6333.6,Delivered,0
PO003133,PROD0078,SUP015,WH04,24-12-2025,04-01-2026,05-01-2026,780,780,8.12,6333.6,Delivered,1
PO003134,PROD0078,SUP015,WH04,25-12-2025,05-01-2026,06-01-2026,780,780,8.12,6333.6,Delivered,1
PO003135,PROD0078,SUP015,WH04,26-12-2025,06-01-2026,07-01-2026,780,780,8.12,6333.6,Delivered,1
PO003136,PROD0078,SUP015,WH04,27-12-2025,07-01-2026,07-01-2026,780,780,8.12,6333.6,Delivered,0
PO003137,PROD0078,SUP015,WH04,28-12-2025,08-01-2026,09-01-2026,780,780,8.12,6333.6,Delivered,1
PO003138,PROD0078,SUP015,WH04,29-12-2025,09-01-2026,10-01-2026,780,780,8.12,6333.6,Delivered,1
PO003139,PROD0078,SUP015,WH04,30-12-2025,10-01-2026,12-01-2026,780,712,8.12,6333.6,Partial - Defect/Shortage,2
PO003140,PROD0078,SUP015,WH04,31-12-2025,11-01-2026,11-01-2026,780,780,8.12,6333.6,Delivered,0
PO003141,PROD0078,SUP015,WH01,07-01-2025,18-01-2025,18-01-2025,1037,1037,8.12,8420.44,Delivered,0
PO003142,PROD0078,SUP015,WH01,10-02-2025,21-02-2025,21-02-2025,1037,1037,8.12,8420.44,Delivered,0
PO003143,PROD0078,SUP015,WH01,22-03-2025,02-04-2025,04-04-2025,1037,1037,8.12,8420.44,Delivered,2
PO003144,PROD0078,SUP015,WH01,28-04-2025,09-05-2025,10-05-2025,1037,1037,8.12,8420.44,Delivered,1
PO003145,PROD0078,SUP015,WH01,03-06-2025,14-06-2025,20-06-2025,1037,1037,8.12,8420.44,Delivered,6
PO003146,PROD0078,SUP015,WH01,09-07-2025,20-07-2025,02-08-2025,1037,1037,8.12,8420.44,Delivered,13
PO003147,PROD0078,SUP015,WH01,24-08-2025,04-09-2025,10-09-2025,1037,1037,8.12,8420.44,Delivered,6
PO003148,PROD0078,SUP015,WH01,29-09-2025,10-10-2025,23-10-2025,1037,1037,8.12,8420.44,Delivered,13
PO003149,PROD0078,SUP015,WH01,14-11-2025,25-11-2025,26-11-2025,1037,1037,8.12,8420.44,Delivered,1
PO003150,PROD0078,SUP015,WH01,11-12-2025,22-12-2025,24-12-2025,1037,1037,8.12,8420.44,Delivered,2
PO003151,PROD0079,SUP004,WH01,18-01-2025,09-02-2025,09-02-2025,308,308,54.57,16807.56,Delivered,0
PO003152,PROD0079,SUP004,WH01,03-03-2025,25-03-2025,28-03-2025,308,308,54.57,16807.56,Delivered,3
PO003153,PROD0079,SUP004,WH01,05-04-2025,27-04-2025,28-04-2025,308,308,54.57,16807.56,Delivered,1
PO003154,PROD0079,SUP004,WH01,07-05-2025,29-05-2025,29-05-2025,308,308,54.57,16807.56,Delivered,0
PO003155,PROD0079,SUP004,WH01,05-06-2025,27-06-2025,27-06-2025,308,308,54.57,16807.56,Delivered,0
PO003156,PROD0079,SUP004,WH01,09-07-2025,31-07-2025,01-08-2025,308,308,54.57,16807.56,Delivered,1
PO003157,PROD0079,SUP004,WH01,10-08-2025,01-09-2025,03-09-2025,308,308,54.57,16807.56,Delivered,2
PO003158,PROD0079,SUP004,WH01,13-09-2025,05-10-2025,19-10-2025,308,308,54.57,16807.56,Delivered,14
PO003159,PROD0079,SUP004,WH01,31-10-2025,22-11-2025,23-11-2025,308,308,54.57,16807.56,Delivered,1
PO003160,PROD0079,SUP004,WH01,15-12-2025,06-01-2026,19-01-2026,308,308,54.57,16807.56,Delivered,13
PO003161,PROD0079,SUP004,WH01,16-12-2025,07-01-2026,11-01-2026,308,308,54.57,16807.56,Delivered,4
PO003162,PROD0079,SUP004,WH01,17-12-2025,08-01-2026,09-01-2026,308,308,54.57,16807.56,Delivered,1
PO003163,PROD0079,SUP004,WH01,18-12-2025,09-01-2026,09-01-2026,308,308,54.57,16807.56,Delivered,0
PO003164,PROD0079,SUP004,WH01,19-12-2025,10-01-2026,23-01-2026,308,308,54.57,16807.56,Delivered,13
PO003165,PROD0079,SUP004,WH01,20-12-2025,11-01-2026,13-01-2026,308,308,54.57,16807.56,Delivered,2
PO003166,PROD0079,SUP004,WH01,21-12-2025,12-01-2026,12-01-2026,308,308,54.57,16807.56,Delivered,0
PO003167,PROD0079,SUP004,WH01,22-12-2025,13-01-2026,23-01-2026,308,308,54.57,16807.56,Delivered,10
PO003168,PROD0079,SUP004,WH01,23-12-2025,14-01-2026,15-01-2026,308,271,54.57,16807.56,Partial - Defect/Shortage,1
PO003169,PROD0079,SUP004,WH01,24-12-2025,15-01-2026,17-01-2026,308,288,54.57,16807.56,Partial - Defect/Shortage,2
PO003170,PROD0079,SUP004,WH01,25-12-2025,16-01-2026,17-01-2026,308,308,54.57,16807.56,Delivered,1
PO003171,PROD0079,SUP004,WH01,26-12-2025,17-01-2026,18-01-2026,308,308,54.57,16807.56,Delivered,1
PO003172,PROD0079,SUP004,WH01,27-12-2025,18-01-2026,18-01-2026,308,308,54.57,16807.56,Delivered,0
PO003173,PROD0079,SUP004,WH01,28-12-2025,19-01-2026,23-01-2026,308,308,54.57,16807.56,Delivered,4
PO003174,PROD0079,SUP004,WH01,29-12-2025,20-01-2026,20-01-2026,308,308,54.57,16807.56,Delivered,0
PO003175,PROD0079,SUP004,WH01,30-12-2025,21-01-2026,21-01-2026,308,308,54.57,16807.56,Delivered,0
PO003176,PROD0079,SUP004,WH01,31-12-2025,22-01-2026,31-01-2026,308,308,54.57,16807.56,Delivered,9
PO003177,PROD0079,SUP004,WH03,10-01-2025,01-02-2025,02-02-2025,399,399,54.57,21773.43,Delivered,1
PO003178,PROD0079,SUP004,WH03,22-02-2025,16-03-2025,17-03-2025,399,399,54.57,21773.43,Delivered,1
PO003179,PROD0079,SUP004,WH03,27-03-2025,18-04-2025,23-04-2025,399,399,54.57,21773.43,Delivered,5
PO003180,PROD0079,SUP004,WH03,01-05-2025,23-05-2025,26-05-2025,399,399,54.57,21773.43,Delivered,3
PO003181,PROD0079,SUP004,WH03,02-06-2025,24-06-2025,03-07-2025,399,399,54.57,21773.43,Delivered,9
PO003182,PROD0079,SUP004,WH03,11-07-2025,02-08-2025,02-08-2025,399,399,54.57,21773.43,Delivered,0
PO003183,PROD0079,SUP004,WH03,11-08-2025,02-09-2025,13-09-2025,399,399,54.57,21773.43,Delivered,11
PO003184,PROD0079,SUP004,WH03,22-09-2025,14-10-2025,14-10-2025,399,399,54.57,21773.43,Delivered,0
PO003185,PROD0079,SUP004,WH03,29-10-2025,20-11-2025,21-11-2025,399,399,54.57,21773.43,Delivered,1
PO003186,PROD0079,SUP004,WH03,07-12-2025,29-12-2025,29-12-2025,399,399,54.57,21773.43,Delivered,0
PO003187,PROD0080,SUP013,WH04,10-01-2025,22-01-2025,22-01-2025,242,242,17.63,4266.46,Delivered,0
PO003188,PROD0080,SUP013,WH04,23-02-2025,07-03-2025,09-03-2025,242,242,17.63,4266.46,Delivered,2
PO003189,PROD0080,SUP013,WH04,28-03-2025,09-04-2025,10-04-2025,242,242,17.63,4266.46,Delivered,1
PO003190,PROD0080,SUP013,WH04,27-04-2025,09-05-2025,15-05-2025,242,242,17.63,4266.46,Delivered,6
PO003191,PROD0080,SUP013,WH04,30-05-2025,11-06-2025,13-06-2025,242,242,17.63,4266.46,Delivered,2
PO003192,PROD0080,SUP013,WH04,29-06-2025,11-07-2025,12-07-2025,242,242,17.63,4266.46,Delivered,1
PO003193,PROD0080,SUP013,WH04,29-07-2025,10-08-2025,10-08-2025,242,242,17.63,4266.46,Delivered,0
PO003194,PROD0080,SUP013,WH04,26-08-2025,07-09-2025,07-09-2025,242,242,17.63,4266.46,Delivered,0
PO003195,PROD0080,SUP013,WH04,29-09-2025,11-10-2025,12-10-2025,242,242,17.63,4266.46,Delivered,1
PO003196,PROD0080,SUP013,WH04,08-11-2025,20-11-2025,22-11-2025,242,242,17.63,4266.46,Delivered,2
PO003197,PROD0080,SUP013,WH04,19-12-2025,31-12-2025,31-12-2025,242,242,17.63,4266.46,Delivered,0
PO003198,PROD0080,SUP013,WH03,14-01-2025,26-01-2025,27-01-2025,306,306,17.63,5394.78,Delivered,1
PO003199,PROD0080,SUP013,WH03,23-02-2025,07-03-2025,07-03-2025,306,289,17.63,5394.78,Partial - Defect/Shortage,0
PO003200,PROD0080,SUP013,WH03,27-03-2025,08-04-2025,10-04-2025,306,274,17.63,5394.78,Partial - Defect/Shortage,2
PO003201,PROD0080,SUP013,WH03,26-04-2025,08-05-2025,08-05-2025,306,306,17.63,5394.78,Delivered,0
PO003202,PROD0080,SUP013,WH03,23-05-2025,04-06-2025,06-06-2025,306,306,17.63,5394.78,Delivered,2
PO003203,PROD0080,SUP013,WH03,19-06-2025,01-07-2025,03-07-2025,306,306,17.63,5394.78,Delivered,2
PO003204,PROD0080,SUP013,WH03,18-07-2025,30-07-2025,31-07-2025,306,306,17.63,5394.78,Delivered,1
PO003205,PROD0080,SUP013,WH03,17-08-2025,29-08-2025,29-08-2025,306,306,17.63,5394.78,Delivered,0
PO003206,PROD0080,SUP013,WH03,20-09-2025,02-10-2025,02-10-2025,306,306,17.63,5394.78,Delivered,0
PO003207,PROD0080,SUP013,WH03,29-10-2025,10-11-2025,10-11-2025,306,306,17.63,5394.78,Delivered,0
PO003208,PROD0080,SUP013,WH03,12-12-2025,24-12-2025,26-12-2025,306,306,17.63,5394.78,Delivered,2
PO003209,PROD0081,SUP018,WH01,11-01-2025,21-01-2025,21-01-2025,665,665,161.33,107284.45,Delivered,0
PO003210,PROD0081,SUP018,WH01,22-02-2025,04-03-2025,04-03-2025,665,665,161.33,107284.45,Delivered,0
PO003211,PROD0081,SUP018,WH01,08-04-2025,18-04-2025,19-04-2025,665,665,161.33,107284.45,Delivered,1
PO003212,PROD0081,SUP018,WH01,18-05-2025,28-05-2025,30-05-2025,665,665,161.33,107284.45,Delivered,2
PO003213,PROD0081,SUP018,WH01,28-06-2025,08-07-2025,08-07-2025,665,665,161.33,107284.45,Delivered,0
PO003214,PROD0081,SUP018,WH01,06-08-2025,16-08-2025,16-08-2025,665,665,161.33,107284.45,Delivered,0
PO003215,PROD0081,SUP018,WH01,05-09-2025,15-09-2025,16-09-2025,665,665,161.33,107284.45,Delivered,1
PO003216,PROD0081,SUP018,WH01,06-10-2025,16-10-2025,18-10-2025,665,665,161.33,107284.45,Delivered,2
PO003217,PROD0081,SUP018,WH01,03-11-2025,13-11-2025,14-11-2025,665,665,161.33,107284.45,Delivered,1
PO003218,PROD0081,SUP018,WH01,30-11-2025,10-12-2025,12-12-2025,665,665,161.33,107284.45,Delivered,2
PO003219,PROD0081,SUP018,WH01,23-12-2025,02-01-2026,04-01-2026,665,665,161.33,107284.45,Delivered,2
PO003220,PROD0081,SUP018,WH01,24-12-2025,03-01-2026,04-01-2026,665,665,161.33,107284.45,Delivered,1
PO003221,PROD0081,SUP018,WH01,25-12-2025,04-01-2026,04-01-2026,665,665,161.33,107284.45,Delivered,0
PO003222,PROD0081,SUP018,WH01,26-12-2025,05-01-2026,05-01-2026,665,665,161.33,107284.45,Delivered,0
PO003223,PROD0081,SUP018,WH01,27-12-2025,06-01-2026,16-01-2026,665,665,161.33,107284.45,Delivered,10
PO003224,PROD0081,SUP018,WH01,28-12-2025,07-01-2026,09-01-2026,665,665,161.33,107284.45,Delivered,2
PO003225,PROD0081,SUP018,WH01,29-12-2025,08-01-2026,08-01-2026,665,665,161.33,107284.45,Delivered,0
PO003226,PROD0081,SUP018,WH01,30-12-2025,09-01-2026,10-01-2026,665,665,161.33,107284.45,Delivered,1
PO003227,PROD0081,SUP018,WH01,31-12-2025,10-01-2026,10-01-2026,665,665,161.33,107284.45,Delivered,0
PO003228,PROD0081,SUP018,WH02,07-01-2025,17-01-2025,19-01-2025,487,487,161.33,78567.71,Delivered,2
PO003229,PROD0081,SUP018,WH02,19-02-2025,01-03-2025,05-03-2025,487,487,161.33,78567.71,Delivered,4
PO003230,PROD0081,SUP018,WH02,29-03-2025,08-04-2025,19-04-2025,487,487,161.33,78567.71,Delivered,11
PO003231,PROD0081,SUP018,WH02,09-05-2025,19-05-2025,23-05-2025,487,487,161.33,78567.71,Delivered,4
PO003232,PROD0081,SUP018,WH02,15-06-2025,25-06-2025,26-06-2025,487,487,161.33,78567.71,Delivered,1
PO003233,PROD0081,SUP018,WH02,21-07-2025,31-07-2025,31-07-2025,487,487,161.33,78567.71,Delivered,0
PO003234,PROD0081,SUP018,WH02,23-08-2025,02-09-2025,03-09-2025,487,487,161.33,78567.71,Delivered,1
PO003235,PROD0081,SUP018,WH02,25-09-2025,05-10-2025,05-10-2025,487,487,161.33,78567.71,Delivered,0
PO003236,PROD0081,SUP018,WH02,26-10-2025,05-11-2025,07-11-2025,487,487,161.33,78567.71,Delivered,2
PO003237,PROD0081,SUP018,WH02,23-11-2025,03-12-2025,03-12-2025,487,487,161.33,78567.71,Delivered,0
PO003238,PROD0081,SUP018,WH02,16-12-2025,26-12-2025,28-12-2025,487,487,161.33,78567.71,Delivered,2
PO003239,PROD0082,SUP004,WH04,15-01-2025,06-02-2025,07-02-2025,306,306,215.97,66086.82,Delivered,1
PO003240,PROD0082,SUP004,WH04,26-02-2025,20-03-2025,21-03-2025,306,306,215.97,66086.82,Delivered,1
PO003241,PROD0082,SUP004,WH04,07-04-2025,29-04-2025,07-05-2025,306,306,215.97,66086.82,Delivered,8
PO003242,PROD0082,SUP004,WH04,19-05-2025,10-06-2025,24-06-2025,306,306,215.97,66086.82,Delivered,14
PO003243,PROD0082,SUP004,WH04,06-07-2025,28-07-2025,30-07-2025,306,306,215.97,66086.82,Delivered,2
PO003244,PROD0082,SUP004,WH04,09-08-2025,31-08-2025,01-09-2025,306,306,215.97,66086.82,Delivered,1
PO003245,PROD0082,SUP004,WH04,10-09-2025,02-10-2025,04-10-2025,306,306,215.97,66086.82,Delivered,2
PO003246,PROD0082,SUP004,WH04,12-10-2025,03-11-2025,14-11-2025,306,306,215.97,66086.82,Delivered,11
PO003247,PROD0082,SUP004,WH04,20-11-2025,12-12-2025,14-12-2025,306,306,215.97,66086.82,Delivered,2
PO003248,PROD0082,SUP004,WH04,21-12-2025,12-01-2026,23-01-2026,306,306,215.97,66086.82,Delivered,11
PO003249,PROD0082,SUP004,WH04,22-12-2025,13-01-2026,15-01-2026,306,306,215.97,66086.82,Delivered,2
PO003250,PROD0082,SUP004,WH04,23-12-2025,14-01-2026,16-01-2026,306,306,215.97,66086.82,Delivered,2
PO003251,PROD0082,SUP004,WH04,24-12-2025,15-01-2026,21-01-2026,306,306,215.97,66086.82,Delivered,6
PO003252,PROD0082,SUP004,WH04,25-12-2025,16-01-2026,19-01-2026,306,306,215.97,66086.82,Delivered,3
PO003253,PROD0082,SUP004,WH04,26-12-2025,17-01-2026,18-01-2026,306,306,215.97,66086.82,Delivered,1
PO003254,PROD0082,SUP004,WH04,27-12-2025,18-01-2026,29-01-2026,306,306,215.97,66086.82,Delivered,11
PO003255,PROD0082,SUP004,WH04,28-12-2025,19-01-2026,02-02-2026,306,306,215.97,66086.82,Delivered,14
PO003256,PROD0082,SUP004,WH04,29-12-2025,20-01-2026,22-01-2026,306,306,215.97,66086.82,Delivered,2
PO003257,PROD0082,SUP004,WH04,30-12-2025,21-01-2026,24-01-2026,306,306,215.97,66086.82,Delivered,3
PO003258,PROD0082,SUP004,WH04,31-12-2025,22-01-2026,22-01-2026,306,306,215.97,66086.82,Delivered,0
PO003259,PROD0082,SUP004,WH02,11-01-2025,02-02-2025,04-02-2025,389,389,215.97,84012.33,Delivered,2
PO003260,PROD0082,SUP004,WH02,23-02-2025,17-03-2025,23-03-2025,389,389,215.97,84012.33,Delivered,6
PO003261,PROD0082,SUP004,WH02,05-04-2025,27-04-2025,08-05-2025,389,389,215.97,84012.33,Delivered,11
PO003262,PROD0082,SUP004,WH02,21-05-2025,12-06-2025,14-06-2025,389,389,215.97,84012.33,Delivered,2
PO003263,PROD0082,SUP004,WH02,26-06-2025,18-07-2025,18-07-2025,389,389,215.97,84012.33,Delivered,0
PO003264,PROD0082,SUP004,WH02,01-08-2025,23-08-2025,25-08-2025,389,389,215.97,84012.33,Delivered,2
PO003265,PROD0082,SUP004,WH02,05-09-2025,27-09-2025,28-09-2025,389,389,215.97,84012.33,Delivered,1
PO003266,PROD0082,SUP004,WH02,08-10-2025,30-10-2025,07-11-2025,389,389,215.97,84012.33,Delivered,8
PO003267,PROD0082,SUP004,WH02,14-11-2025,06-12-2025,06-12-2025,389,389,215.97,84012.33,Delivered,0
PO003268,PROD0082,SUP004,WH02,13-12-2025,04-01-2026,05-01-2026,389,389,215.97,84012.33,Delivered,1
PO003269,PROD0082,SUP004,WH02,14-12-2025,05-01-2026,19-01-2026,389,339,215.97,84012.33,Partial - Defect/Shortage,14
PO003270,PROD0082,SUP004,WH02,15-12-2025,06-01-2026,08-01-2026,389,389,215.97,84012.33,Delivered,2
PO003271,PROD0082,SUP004,WH02,16-12-2025,07-01-2026,07-01-2026,389,389,215.97,84012.33,Delivered,0
PO003272,PROD0082,SUP004,WH02,17-12-2025,08-01-2026,21-01-2026,389,389,215.97,84012.33,Delivered,13
PO003273,PROD0082,SUP004,WH02,18-12-2025,09-01-2026,19-01-2026,389,389,215.97,84012.33,Delivered,10
PO003274,PROD0082,SUP004,WH02,19-12-2025,10-01-2026,11-01-2026,389,389,215.97,84012.33,Delivered,1
PO003275,PROD0082,SUP004,WH02,20-12-2025,11-01-2026,19-01-2026,389,389,215.97,84012.33,Delivered,8
PO003276,PROD0082,SUP004,WH02,21-12-2025,12-01-2026,21-01-2026,389,389,215.97,84012.33,Delivered,9
PO003277,PROD0082,SUP004,WH02,22-12-2025,13-01-2026,15-01-2026,389,389,215.97,84012.33,Delivered,2
PO003278,PROD0082,SUP004,WH02,23-12-2025,14-01-2026,23-01-2026,389,389,215.97,84012.33,Delivered,9
PO003279,PROD0082,SUP004,WH02,24-12-2025,15-01-2026,18-01-2026,389,389,215.97,84012.33,Delivered,3
PO003280,PROD0082,SUP004,WH02,25-12-2025,16-01-2026,17-01-2026,389,389,215.97,84012.33,Delivered,1
PO003281,PROD0082,SUP004,WH02,26-12-2025,17-01-2026,24-01-2026,389,389,215.97,84012.33,Delivered,7
PO003282,PROD0082,SUP004,WH02,27-12-2025,18-01-2026,25-01-2026,389,389,215.97,84012.33,Delivered,7
PO003283,PROD0082,SUP004,WH02,28-12-2025,19-01-2026,27-01-2026,389,389,215.97,84012.33,Delivered,8
PO003284,PROD0082,SUP004,WH02,29-12-2025,20-01-2026,21-01-2026,389,389,215.97,84012.33,Delivered,1
PO003285,PROD0082,SUP004,WH02,30-12-2025,21-01-2026,30-01-2026,389,389,215.97,84012.33,Delivered,9
PO003286,PROD0082,SUP004,WH02,31-12-2025,22-01-2026,26-01-2026,389,346,215.97,84012.33,Partial - Defect/Shortage,4
PO003287,PROD0082,SUP004,WH03,09-01-2025,31-01-2025,01-02-2025,341,341,215.97,73645.77,Delivered,1
PO003288,PROD0082,SUP004,WH03,18-02-2025,12-03-2025,13-03-2025,341,341,215.97,73645.77,Delivered,1
PO003289,PROD0082,SUP004,WH03,31-03-2025,22-04-2025,22-04-2025,341,341,215.97,73645.77,Delivered,0
PO003290,PROD0082,SUP004,WH03,09-05-2025,31-05-2025,09-06-2025,341,341,215.97,73645.77,Delivered,9
PO003291,PROD0082,SUP004,WH03,19-06-2025,11-07-2025,13-07-2025,341,341,215.97,73645.77,Delivered,2
PO003292,PROD0082,SUP004,WH03,26-07-2025,17-08-2025,19-08-2025,341,341,215.97,73645.77,Delivered,2
PO003293,PROD0082,SUP004,WH03,31-08-2025,22-09-2025,24-09-2025,341,341,215.97,73645.77,Delivered,2
PO003294,PROD0082,SUP004,WH03,03-10-2025,25-10-2025,27-10-2025,341,341,215.97,73645.77,Delivered,2
PO003295,PROD0082,SUP004,WH03,05-11-2025,27-11-2025,28-11-2025,341,341,215.97,73645.77,Delivered,1
PO003296,PROD0082,SUP004,WH03,04-12-2025,26-12-2025,28-12-2025,341,341,215.97,73645.77,Delivered,2
PO003297,PROD0083,SUP013,WH03,09-01-2025,21-01-2025,23-01-2025,338,338,106.46,35983.48,Delivered,2
PO003298,PROD0083,SUP013,WH03,23-02-2025,07-03-2025,09-03-2025,338,338,106.46,35983.48,Delivered,2
PO003299,PROD0083,SUP013,WH03,29-03-2025,10-04-2025,10-04-2025,338,322,106.46,35983.48,Partial - Defect/Shortage,0
PO003300,PROD0083,SUP013,WH03,25-04-2025,07-05-2025,07-05-2025,338,290,106.46,35983.48,Partial - Defect/Shortage,0
PO003301,PROD0083,SUP013,WH03,19-05-2025,31-05-2025,31-05-2025,338,338,106.46,35983.48,Delivered,0
PO003302,PROD0083,SUP013,WH03,18-06-2025,30-06-2025,01-07-2025,338,338,106.46,35983.48,Delivered,1
PO003303,PROD0083,SUP013,WH03,20-07-2025,01-08-2025,03-08-2025,338,338,106.46,35983.48,Delivered,2
PO003304,PROD0083,SUP013,WH03,20-08-2025,01-09-2025,03-09-2025,338,338,106.46,35983.48,Delivered,2
PO003305,PROD0083,SUP013,WH03,25-09-2025,07-10-2025,07-10-2025,338,338,106.46,35983.48,Delivered,0
PO003306,PROD0083,SUP013,WH03,02-11-2025,14-11-2025,16-11-2025,338,338,106.46,35983.48,Delivered,2
PO003307,PROD0083,SUP013,WH03,18-12-2025,30-12-2025,30-12-2025,338,338,106.46,35983.48,Delivered,0
PO003308,PROD0083,SUP013,WH04,07-01-2025,19-01-2025,21-01-2025,503,503,106.46,53549.38,Delivered,2
PO003309,PROD0083,SUP013,WH04,22-02-2025,06-03-2025,08-03-2025,503,503,106.46,53549.38,Delivered,2
PO003310,PROD0083,SUP013,WH04,27-03-2025,08-04-2025,10-04-2025,503,503,106.46,53549.38,Delivered,2
PO003311,PROD0083,SUP013,WH04,25-04-2025,07-05-2025,07-05-2025,503,503,106.46,53549.38,Delivered,0
PO003312,PROD0083,SUP013,WH04,22-05-2025,03-06-2025,07-06-2025,503,503,106.46,53549.38,Delivered,4
PO003313,PROD0083,SUP013,WH04,24-06-2025,06-07-2025,07-07-2025,503,503,106.46,53549.38,Delivered,1
PO003314,PROD0083,SUP013,WH04,26-07-2025,07-08-2025,07-08-2025,503,503,106.46,53549.38,Delivered,0
PO003315,PROD0083,SUP013,WH04,30-08-2025,11-09-2025,12-09-2025,503,503,106.46,53549.38,Delivered,1
PO003316,PROD0083,SUP013,WH04,04-10-2025,16-10-2025,21-10-2025,503,503,106.46,53549.38,Delivered,5
PO003317,PROD0083,SUP013,WH04,16-11-2025,28-11-2025,30-11-2025,503,503,106.46,53549.38,Delivered,2
PO003318,PROD0083,SUP013,WH04,30-12-2025,11-01-2026,13-01-2026,503,503,106.46,53549.38,Delivered,2
PO003319,PROD0083,SUP013,WH04,31-12-2025,12-01-2026,12-01-2026,503,503,106.46,53549.38,Delivered,0
PO003320,PROD0083,SUP013,WH02,11-01-2025,23-01-2025,25-01-2025,361,361,106.46,38432.06,Delivered,2
PO003321,PROD0083,SUP013,WH02,24-02-2025,08-03-2025,08-03-2025,361,361,106.46,38432.06,Delivered,0
PO003322,PROD0083,SUP013,WH02,27-03-2025,08-04-2025,12-04-2025,361,361,106.46,38432.06,Delivered,4
PO003323,PROD0083,SUP013,WH02,27-04-2025,09-05-2025,11-05-2025,361,361,106.46,38432.06,Delivered,2
PO003324,PROD0083,SUP013,WH02,26-05-2025,07-06-2025,08-06-2025,361,361,106.46,38432.06,Delivered,1
PO003325,PROD0083,SUP013,WH02,23-06-2025,05-07-2025,06-07-2025,361,361,106.46,38432.06,Delivered,1
PO003326,PROD0083,SUP013,WH02,24-07-2025,05-08-2025,07-08-2025,361,361,106.46,38432.06,Delivered,2
PO003327,PROD0083,SUP013,WH02,27-08-2025,08-09-2025,10-09-2025,361,361,106.46,38432.06,Delivered,2
PO003328,PROD0083,SUP013,WH02,02-10-2025,14-10-2025,16-10-2025,361,361,106.46,38432.06,Delivered,2
PO003329,PROD0083,SUP013,WH02,09-11-2025,21-11-2025,21-11-2025,361,361,106.46,38432.06,Delivered,0
PO003330,PROD0083,SUP013,WH02,21-12-2025,02-01-2026,14-01-2026,361,361,106.46,38432.06,Delivered,12
PO003331,PROD0083,SUP013,WH02,22-12-2025,03-01-2026,03-01-2026,361,361,106.46,38432.06,Delivered,0
PO003332,PROD0083,SUP013,WH02,23-12-2025,04-01-2026,06-01-2026,361,361,106.46,38432.06,Delivered,2
PO003333,PROD0083,SUP013,WH02,24-12-2025,05-01-2026,05-01-2026,361,361,106.46,38432.06,Delivered,0
PO003334,PROD0083,SUP013,WH02,25-12-2025,06-01-2026,07-01-2026,361,361,106.46,38432.06,Delivered,1
PO003335,PROD0083,SUP013,WH02,26-12-2025,07-01-2026,08-01-2026,361,361,106.46,38432.06,Delivered,1
PO003336,PROD0083,SUP013,WH02,27-12-2025,08-01-2026,09-01-2026,361,361,106.46,38432.06,Delivered,1
PO003337,PROD0083,SUP013,WH02,28-12-2025,09-01-2026,10-01-2026,361,361,106.46,38432.06,Delivered,1
PO003338,PROD0083,SUP013,WH02,29-12-2025,10-01-2026,10-01-2026,361,361,106.46,38432.06,Delivered,0
PO003339,PROD0083,SUP013,WH02,30-12-2025,11-01-2026,19-01-2026,361,361,106.46,38432.06,Delivered,8
PO003340,PROD0083,SUP013,WH02,31-12-2025,12-01-2026,15-01-2026,361,361,106.46,38432.06,Delivered,3
PO003341,PROD0083,SUP013,WH01,03-01-2025,15-01-2025,15-01-2025,392,392,106.46,41732.32,Delivered,0
PO003342,PROD0083,SUP013,WH01,19-02-2025,03-03-2025,03-03-2025,392,392,106.46,41732.32,Delivered,0
PO003343,PROD0083,SUP013,WH01,25-03-2025,06-04-2025,08-04-2025,392,392,106.46,41732.32,Delivered,2
PO003344,PROD0083,SUP013,WH01,24-04-2025,06-05-2025,08-05-2025,392,392,106.46,41732.32,Delivered,2
PO003345,PROD0083,SUP013,WH01,24-05-2025,05-06-2025,06-06-2025,392,392,106.46,41732.32,Delivered,1
PO003346,PROD0083,SUP013,WH01,21-06-2025,03-07-2025,04-07-2025,392,361,106.46,41732.32,Partial - Defect/Shortage,1
PO003347,PROD0083,SUP013,WH01,20-07-2025,01-08-2025,13-08-2025,392,392,106.46,41732.32,Delivered,12
PO003348,PROD0083,SUP013,WH01,02-09-2025,14-09-2025,14-09-2025,392,392,106.46,41732.32,Delivered,0
PO003349,PROD0083,SUP013,WH01,07-10-2025,19-10-2025,20-10-2025,392,392,106.46,41732.32,Delivered,1
PO003350,PROD0083,SUP013,WH01,17-11-2025,29-11-2025,29-11-2025,392,392,106.46,41732.32,Delivered,0
PO003351,PROD0083,SUP013,WH01,26-12-2025,07-01-2026,09-01-2026,392,392,106.46,41732.32,Delivered,2
PO003352,PROD0083,SUP013,WH01,27-12-2025,08-01-2026,10-01-2026,392,392,106.46,41732.32,Delivered,2
PO003353,PROD0083,SUP013,WH01,28-12-2025,09-01-2026,09-01-2026,392,392,106.46,41732.32,Delivered,0
PO003354,PROD0083,SUP013,WH01,29-12-2025,10-01-2026,10-01-2026,392,392,106.46,41732.32,Delivered,0
PO003355,PROD0083,SUP013,WH01,30-12-2025,11-01-2026,12-01-2026,392,392,106.46,41732.32,Delivered,1
PO003356,PROD0083,SUP013,WH01,31-12-2025,12-01-2026,14-01-2026,392,392,106.46,41732.32,Delivered,2
PO003357,PROD0084,SUP007,WH04,02-01-2025,09-01-2025,09-01-2025,434,434,90.92,39459.28,Delivered,0
PO003358,PROD0084,SUP007,WH04,13-02-2025,20-02-2025,20-02-2025,434,434,90.92,39459.28,Delivered,0
PO003359,PROD0084,SUP007,WH04,18-03-2025,25-03-2025,26-03-2025,434,434,90.92,39459.28,Delivered,1
PO003360,PROD0084,SUP007,WH04,19-04-2025,26-04-2025,28-04-2025,434,434,90.92,39459.28,Delivered,2
PO003361,PROD0084,SUP007,WH04,18-05-2025,25-05-2025,27-05-2025,434,434,90.92,39459.28,Delivered,2
PO003362,PROD0084,SUP007,WH04,14-06-2025,21-06-2025,22-06-2025,434,434,90.92,39459.28,Delivered,1
PO003363,PROD0084,SUP007,WH04,11-07-2025,18-07-2025,31-07-2025,434,434,90.92,39459.28,Delivered,13
PO003364,PROD0084,SUP007,WH04,24-08-2025,31-08-2025,31-08-2025,434,434,90.92,39459.28,Delivered,0
PO003365,PROD0084,SUP007,WH04,25-09-2025,02-10-2025,03-10-2025,434,434,90.92,39459.28,Delivered,1
PO003366,PROD0084,SUP007,WH04,02-11-2025,09-11-2025,10-11-2025,434,434,90.92,39459.28,Delivered,1
PO003367,PROD0084,SUP007,WH04,14-12-2025,21-12-2025,23-12-2025,434,434,90.92,39459.28,Delivered,2
PO003368,PROD0084,SUP007,WH01,03-01-2025,10-01-2025,11-01-2025,546,546,90.92,49642.32,Delivered,1
PO003369,PROD0084,SUP007,WH01,14-02-2025,21-02-2025,21-02-2025,546,546,90.92,49642.32,Delivered,0
PO003370,PROD0084,SUP007,WH01,24-03-2025,31-03-2025,02-04-2025,546,546,90.92,49642.32,Delivered,2
PO003371,PROD0084,SUP007,WH01,24-04-2025,01-05-2025,03-05-2025,546,546,90.92,49642.32,Delivered,2
PO003372,PROD0084,SUP007,WH01,21-05-2025,28-05-2025,28-05-2025,546,546,90.92,49642.32,Delivered,0
PO003373,PROD0084,SUP007,WH01,18-06-2025,25-06-2025,26-06-2025,546,546,90.92,49642.32,Delivered,1
PO003374,PROD0084,SUP007,WH01,16-07-2025,23-07-2025,24-07-2025,546,546,90.92,49642.32,Delivered,1
PO003375,PROD0084,SUP007,WH01,15-08-2025,22-08-2025,24-08-2025,546,546,90.92,49642.32,Delivered,2
PO003376,PROD0084,SUP007,WH01,19-09-2025,26-09-2025,26-09-2025,546,546,90.92,49642.32,Delivered,0
PO003377,PROD0084,SUP007,WH01,27-10-2025,03-11-2025,03-11-2025,546,546,90.92,49642.32,Delivered,0
PO003378,PROD0084,SUP007,WH01,08-12-2025,15-12-2025,15-12-2025,546,546,90.92,49642.32,Delivered,0
PO003379,PROD0085,SUP019,WH01,01-01-2025,07-01-2025,09-01-2025,344,344,33.53,11534.32,Delivered,2
PO003380,PROD0085,SUP019,WH01,20-02-2025,26-02-2025,28-02-2025,344,344,33.53,11534.32,Delivered,2
PO003381,PROD0085,SUP019,WH01,25-03-2025,31-03-2025,31-03-2025,344,344,33.53,11534.32,Delivered,0
PO003382,PROD0085,SUP019,WH01,23-04-2025,29-04-2025,30-04-2025,344,344,33.53,11534.32,Delivered,1
PO003383,PROD0085,SUP019,WH01,19-05-2025,25-05-2025,26-05-2025,344,344,33.53,11534.32,Delivered,1
PO003384,PROD0085,SUP019,WH01,16-06-2025,22-06-2025,22-06-2025,344,344,33.53,11534.32,Delivered,0
PO003385,PROD0085,SUP019,WH01,14-07-2025,20-07-2025,20-07-2025,344,344,33.53,11534.32,Delivered,0
PO003386,PROD0085,SUP019,WH01,11-08-2025,17-08-2025,21-08-2025,344,344,33.53,11534.32,Delivered,4
PO003387,PROD0085,SUP019,WH01,18-09-2025,24-09-2025,01-10-2025,344,344,33.53,11534.32,Delivered,7
PO003388,PROD0085,SUP019,WH01,25-10-2025,31-10-2025,01-11-2025,344,344,33.53,11534.32,Delivered,1
PO003389,PROD0085,SUP019,WH01,11-12-2025,17-12-2025,17-12-2025,344,344,33.53,11534.32,Delivered,0
PO003390,PROD0085,SUP019,WH04,05-01-2025,11-01-2025,13-01-2025,332,332,33.53,11131.96,Delivered,2
PO003391,PROD0085,SUP019,WH04,18-02-2025,24-02-2025,24-02-2025,332,332,33.53,11131.96,Delivered,0
PO003392,PROD0085,SUP019,WH04,24-03-2025,30-03-2025,31-03-2025,332,332,33.53,11131.96,Delivered,1
PO003393,PROD0085,SUP019,WH04,22-04-2025,28-04-2025,10-05-2025,332,332,33.53,11131.96,Delivered,12
PO003394,PROD0085,SUP019,WH04,31-05-2025,06-06-2025,07-06-2025,332,332,33.53,11131.96,Delivered,1
PO003395,PROD0085,SUP019,WH04,24-06-2025,30-06-2025,04-07-2025,332,332,33.53,11131.96,Delivered,4
PO003396,PROD0085,SUP019,WH04,26-07-2025,01-08-2025,03-08-2025,332,332,33.53,11131.96,Delivered,2
PO003397,PROD0085,SUP019,WH04,28-08-2025,03-09-2025,05-09-2025,332,332,33.53,11131.96,Delivered,2
PO003398,PROD0085,SUP019,WH04,05-10-2025,11-10-2025,11-10-2025,332,332,33.53,11131.96,Delivered,0
PO003399,PROD0085,SUP019,WH04,14-11-2025,20-11-2025,21-11-2025,332,332,33.53,11131.96,Delivered,1
PO003400,PROD0085,SUP019,WH04,26-12-2025,01-01-2026,01-01-2026,332,332,33.53,11131.96,Delivered,0
PO003401,PROD0085,SUP019,WH04,27-12-2025,02-01-2026,03-01-2026,332,332,33.53,11131.96,Delivered,1
PO003402,PROD0085,SUP019,WH04,28-12-2025,03-01-2026,04-01-2026,332,332,33.53,11131.96,Delivered,1
PO003403,PROD0085,SUP019,WH04,29-12-2025,04-01-2026,06-01-2026,332,332,33.53,11131.96,Delivered,2
PO003404,PROD0085,SUP019,WH04,30-12-2025,05-01-2026,05-01-2026,332,332,33.53,11131.96,Delivered,0
PO003405,PROD0085,SUP019,WH04,31-12-2025,06-01-2026,10-01-2026,332,332,33.53,11131.96,Delivered,4
PO003406,PROD0085,SUP019,WH03,08-01-2025,14-01-2025,14-01-2025,279,279,33.53,9354.87,Delivered,0
PO003407,PROD0085,SUP019,WH03,23-02-2025,01-03-2025,01-03-2025,279,279,33.53,9354.87,Delivered,0
PO003408,PROD0085,SUP019,WH03,24-03-2025,30-03-2025,01-04-2025,279,279,33.53,9354.87,Delivered,2
PO003409,PROD0085,SUP019,WH03,19-04-2025,25-04-2025,26-04-2025,279,279,33.53,9354.87,Delivered,1
PO003410,PROD0085,SUP019,WH03,18-05-2025,24-05-2025,25-05-2025,279,279,33.53,9354.87,Delivered,1
PO003411,PROD0085,SUP019,WH03,14-06-2025,20-06-2025,20-06-2025,279,279,33.53,9354.87,Delivered,0
PO003412,PROD0085,SUP019,WH03,16-07-2025,22-07-2025,24-07-2025,279,279,33.53,9354.87,Delivered,2
PO003413,PROD0085,SUP019,WH03,18-08-2025,24-08-2025,24-08-2025,279,279,33.53,9354.87,Delivered,0
PO003414,PROD0085,SUP019,WH03,23-09-2025,29-09-2025,30-09-2025,279,279,33.53,9354.87,Delivered,1
PO003415,PROD0085,SUP019,WH03,04-11-2025,10-11-2025,10-11-2025,279,279,33.53,9354.87,Delivered,0
PO003416,PROD0085,SUP019,WH03,17-12-2025,23-12-2025,25-12-2025,279,279,33.53,9354.87,Delivered,2
PO003417,PROD0086,SUP010,WH01,09-01-2025,23-01-2025,25-01-2025,951,951,13.03,12391.53,Delivered,2
PO003418,PROD0086,SUP010,WH01,20-02-2025,06-03-2025,07-03-2025,951,951,13.03,12391.53,Delivered,1
PO003419,PROD0086,SUP010,WH01,23-03-2025,06-04-2025,07-04-2025,951,951,13.03,12391.53,Delivered,1
PO003420,PROD0086,SUP010,WH01,24-04-2025,08-05-2025,10-05-2025,951,951,13.03,12391.53,Delivered,2
PO003421,PROD0086,SUP010,WH01,26-05-2025,09-06-2025,09-06-2025,951,951,13.03,12391.53,Delivered,0
PO003422,PROD0086,SUP010,WH01,29-06-2025,13-07-2025,14-07-2025,951,951,13.03,12391.53,Delivered,1
PO003423,PROD0086,SUP010,WH01,05-08-2025,19-08-2025,19-08-2025,951,951,13.03,12391.53,Delivered,0
PO003424,PROD0086,SUP010,WH01,04-09-2025,18-09-2025,20-09-2025,951,951,13.03,12391.53,Delivered,2
PO003425,PROD0086,SUP010,WH01,09-10-2025,23-10-2025,25-10-2025,951,951,13.03,12391.53,Delivered,2
PO003426,PROD0086,SUP010,WH01,08-11-2025,22-11-2025,23-11-2025,951,951,13.03,12391.53,Delivered,1
PO003427,PROD0086,SUP010,WH01,10-12-2025,24-12-2025,26-12-2025,951,951,13.03,12391.53,Delivered,2
PO003428,PROD0086,SUP010,WH04,12-01-2025,26-01-2025,28-01-2025,564,564,13.03,7348.92,Delivered,2
PO003429,PROD0086,SUP010,WH04,21-02-2025,07-03-2025,09-03-2025,564,564,13.03,7348.92,Delivered,2
PO003430,PROD0086,SUP010,WH04,25-03-2025,08-04-2025,08-04-2025,564,564,13.03,7348.92,Delivered,0
PO003431,PROD0086,SUP010,WH04,25-04-2025,09-05-2025,11-05-2025,564,564,13.03,7348.92,Delivered,2
PO003432,PROD0086,SUP010,WH04,30-05-2025,13-06-2025,13-06-2025,564,564,13.03,7348.92,Delivered,0
PO003433,PROD0086,SUP010,WH04,07-07-2025,21-07-2025,22-07-2025,564,564,13.03,7348.92,Delivered,1
PO003434,PROD0086,SUP010,WH04,12-08-2025,26-08-2025,27-08-2025,564,564,13.03,7348.92,Delivered,1
PO003435,PROD0086,SUP010,WH04,13-09-2025,27-09-2025,29-09-2025,564,564,13.03,7348.92,Delivered,2
PO003436,PROD0086,SUP010,WH04,17-10-2025,31-10-2025,31-10-2025,564,564,13.03,7348.92,Delivered,0
PO003437,PROD0086,SUP010,WH04,21-11-2025,05-12-2025,05-12-2025,564,538,13.03,7348.92,Partial - Defect/Shortage,0
PO003438,PROD0086,SUP010,WH04,17-12-2025,31-12-2025,01-01-2026,564,564,13.03,7348.92,Delivered,1
PO003439,PROD0086,SUP010,WH04,18-12-2025,01-01-2026,04-01-2026,564,564,13.03,7348.92,Delivered,3
PO003440,PROD0086,SUP010,WH04,19-12-2025,02-01-2026,03-01-2026,564,564,13.03,7348.92,Delivered,1
PO003441,PROD0086,SUP010,WH04,20-12-2025,03-01-2026,05-01-2026,564,564,13.03,7348.92,Delivered,2
PO003442,PROD0086,SUP010,WH04,21-12-2025,04-01-2026,05-01-2026,564,564,13.03,7348.92,Delivered,1
PO003443,PROD0086,SUP010,WH04,22-12-2025,05-01-2026,07-01-2026,564,564,13.03,7348.92,Delivered,2
PO003444,PROD0086,SUP010,WH04,23-12-2025,06-01-2026,06-01-2026,564,564,13.03,7348.92,Delivered,0
PO003445,PROD0086,SUP010,WH04,24-12-2025,07-01-2026,15-01-2026,564,510,13.03,7348.92,Partial - Defect/Shortage,8
PO003446,PROD0086,SUP010,WH04,25-12-2025,08-01-2026,09-01-2026,564,481,13.03,7348.92,Partial - Defect/Shortage,1
PO003447,PROD0086,SUP010,WH04,26-12-2025,09-01-2026,14-01-2026,564,564,13.03,7348.92,Delivered,5
PO003448,PROD0086,SUP010,WH04,27-12-2025,10-01-2026,12-01-2026,564,564,13.03,7348.92,Delivered,2
PO003449,PROD0086,SUP010,WH04,28-12-2025,11-01-2026,12-01-2026,564,564,13.03,7348.92,Delivered,1
PO003450,PROD0086,SUP010,WH04,29-12-2025,12-01-2026,13-01-2026,564,564,13.03,7348.92,Delivered,1
PO003451,PROD0086,SUP010,WH04,30-12-2025,13-01-2026,15-01-2026,564,564,13.03,7348.92,Delivered,2
PO003452,PROD0086,SUP010,WH04,31-12-2025,14-01-2026,16-01-2026,564,502,13.03,7348.92,Partial - Defect/Shortage,2
PO003453,PROD0086,SUP010,WH02,06-01-2025,20-01-2025,20-01-2025,719,719,13.03,9368.57,Delivered,0
PO003454,PROD0086,SUP010,WH02,17-02-2025,03-03-2025,04-03-2025,719,719,13.03,9368.57,Delivered,1
PO003455,PROD0086,SUP010,WH02,25-03-2025,08-04-2025,09-04-2025,719,719,13.03,9368.57,Delivered,1
PO003456,PROD0086,SUP010,WH02,22-04-2025,06-05-2025,08-05-2025,719,719,13.03,9368.57,Delivered,2
PO003457,PROD0086,SUP010,WH02,26-05-2025,09-06-2025,17-06-2025,719,719,13.03,9368.57,Delivered,8
PO003458,PROD0086,SUP010,WH02,05-07-2025,19-07-2025,21-07-2025,719,719,13.03,9368.57,Delivered,2
PO003459,PROD0086,SUP010,WH02,04-08-2025,18-08-2025,23-08-2025,719,719,13.03,9368.57,Delivered,5
PO003460,PROD0086,SUP010,WH02,08-09-2025,22-09-2025,23-09-2025,719,685,13.03,9368.57,Partial - Defect/Shortage,1
PO003461,PROD0086,SUP010,WH02,04-10-2025,18-10-2025,20-10-2025,719,654,13.03,9368.57,Partial - Defect/Shortage,2
PO003462,PROD0086,SUP010,WH02,03-11-2025,17-11-2025,19-11-2025,719,719,13.03,9368.57,Delivered,2
PO003463,PROD0086,SUP010,WH02,03-12-2025,17-12-2025,25-12-2025,719,678,13.03,9368.57,Partial - Defect/Shortage,8
PO003464,PROD0087,SUP007,WH04,03-01-2025,10-01-2025,10-01-2025,495,495,31.25,15468.75,Delivered,0
PO003465,PROD0087,SUP007,WH04,11-02-2025,18-02-2025,20-02-2025,495,495,31.25,15468.75,Delivered,2
PO003466,PROD0087,SUP007,WH04,18-03-2025,25-03-2025,26-03-2025,495,495,31.25,15468.75,Delivered,1
PO003467,PROD0087,SUP007,WH04,15-04-2025,22-04-2025,24-04-2025,495,495,31.25,15468.75,Delivered,2
PO003468,PROD0087,SUP007,WH04,16-05-2025,23-05-2025,24-05-2025,495,495,31.25,15468.75,Delivered,1
PO003469,PROD0087,SUP007,WH04,19-06-2025,26-06-2025,27-06-2025,495,495,31.25,15468.75,Delivered,1
PO003470,PROD0087,SUP007,WH04,28-07-2025,04-08-2025,06-08-2025,495,495,31.25,15468.75,Delivered,2
PO003471,PROD0087,SUP007,WH04,29-08-2025,05-09-2025,07-09-2025,495,495,31.25,15468.75,Delivered,2
PO003472,PROD0087,SUP007,WH04,30-09-2025,07-10-2025,09-10-2025,495,495,31.25,15468.75,Delivered,2
PO003473,PROD0087,SUP007,WH04,02-11-2025,09-11-2025,10-11-2025,495,495,31.25,15468.75,Delivered,1
PO003474,PROD0087,SUP007,WH04,01-12-2025,08-12-2025,08-12-2025,495,495,31.25,15468.75,Delivered,0
PO003475,PROD0087,SUP007,WH01,01-01-2025,08-01-2025,10-01-2025,676,676,31.25,21125,Delivered,2
PO003476,PROD0087,SUP007,WH01,01-02-2025,08-02-2025,22-02-2025,676,676,31.25,21125,Delivered,14
PO003477,PROD0087,SUP007,WH01,23-03-2025,30-03-2025,01-04-2025,676,676,31.25,21125,Delivered,2
PO003478,PROD0087,SUP007,WH01,18-04-2025,25-04-2025,25-04-2025,676,676,31.25,21125,Delivered,0
PO003479,PROD0087,SUP007,WH01,14-05-2025,21-05-2025,21-05-2025,676,676,31.25,21125,Delivered,0
PO003480,PROD0087,SUP007,WH01,15-06-2025,22-06-2025,28-06-2025,676,676,31.25,21125,Delivered,6
PO003481,PROD0087,SUP007,WH01,28-07-2025,04-08-2025,04-08-2025,676,676,31.25,21125,Delivered,0
PO003482,PROD0087,SUP007,WH01,31-08-2025,07-09-2025,07-09-2025,676,676,31.25,21125,Delivered,0
PO003483,PROD0087,SUP007,WH01,25-09-2025,02-10-2025,04-10-2025,676,676,31.25,21125,Delivered,2
PO003484,PROD0087,SUP007,WH01,24-10-2025,31-10-2025,31-10-2025,676,676,31.25,21125,Delivered,0
PO003485,PROD0087,SUP007,WH01,30-11-2025,07-12-2025,09-12-2025,676,676,31.25,21125,Delivered,2
PO003486,PROD0088,SUP009,WH01,04-01-2025,10-01-2025,12-01-2025,1415,1415,5.79,8192.85,Delivered,2
PO003487,PROD0088,SUP009,WH01,07-02-2025,13-02-2025,15-02-2025,1415,1415,5.79,8192.85,Delivered,2
PO003488,PROD0088,SUP009,WH01,15-03-2025,21-03-2025,30-03-2025,1415,1415,5.79,8192.85,Delivered,9
PO003489,PROD0088,SUP009,WH01,28-04-2025,04-05-2025,06-05-2025,1415,1415,5.79,8192.85,Delivered,2
PO003490,PROD0088,SUP009,WH01,02-06-2025,08-06-2025,10-06-2025,1415,1415,5.79,8192.85,Delivered,2
PO003491,PROD0088,SUP009,WH01,05-07-2025,11-07-2025,11-07-2025,1415,1415,5.79,8192.85,Delivered,0
PO003492,PROD0088,SUP009,WH01,06-08-2025,12-08-2025,13-08-2025,1415,1415,5.79,8192.85,Delivered,1
PO003493,PROD0088,SUP009,WH01,11-09-2025,17-09-2025,17-09-2025,1415,1415,5.79,8192.85,Delivered,0
PO003494,PROD0088,SUP009,WH01,16-10-2025,22-10-2025,23-10-2025,1415,1415,5.79,8192.85,Delivered,1
PO003495,PROD0088,SUP009,WH01,19-11-2025,25-11-2025,27-11-2025,1415,1415,5.79,8192.85,Delivered,2
PO003496,PROD0088,SUP009,WH01,16-12-2025,22-12-2025,22-12-2025,1415,1415,5.79,8192.85,Delivered,0
PO003497,PROD0088,SUP009,WH03,06-01-2025,12-01-2025,12-01-2025,1904,1904,5.79,11024.16,Delivered,0
PO003498,PROD0088,SUP009,WH03,10-02-2025,16-02-2025,18-02-2025,1904,1904,5.79,11024.16,Delivered,2
PO003499,PROD0088,SUP009,WH03,18-03-2025,24-03-2025,24-03-2025,1904,1904,5.79,11024.16,Delivered,0
PO003500,PROD0088,SUP009,WH03,24-04-2025,30-04-2025,01-05-2025,1904,1904,5.79,11024.16,Delivered,1
PO003501,PROD0088,SUP009,WH03,29-05-2025,04-06-2025,04-06-2025,1904,1904,5.79,11024.16,Delivered,0
PO003502,PROD0088,SUP009,WH03,02-07-2025,08-07-2025,10-07-2025,1904,1904,5.79,11024.16,Delivered,2
PO003503,PROD0088,SUP009,WH03,05-08-2025,11-08-2025,13-08-2025,1904,1904,5.79,11024.16,Delivered,2
PO003504,PROD0088,SUP009,WH03,08-09-2025,14-09-2025,14-09-2025,1904,1904,5.79,11024.16,Delivered,0
PO003505,PROD0088,SUP009,WH03,14-10-2025,20-10-2025,21-10-2025,1904,1904,5.79,11024.16,Delivered,1
PO003506,PROD0088,SUP009,WH03,16-11-2025,22-11-2025,24-11-2025,1904,1904,5.79,11024.16,Delivered,2
PO003507,PROD0088,SUP009,WH03,14-12-2025,20-12-2025,21-12-2025,1904,1904,5.79,11024.16,Delivered,1
PO003508,PROD0088,SUP009,WH02,03-01-2025,09-01-2025,11-01-2025,1938,1938,5.79,11221.02,Delivered,2
PO003509,PROD0088,SUP009,WH02,07-02-2025,13-02-2025,13-02-2025,1938,1938,5.79,11221.02,Delivered,0
PO003510,PROD0088,SUP009,WH02,14-03-2025,20-03-2025,22-03-2025,1938,1938,5.79,11221.02,Delivered,2
PO003511,PROD0088,SUP009,WH02,19-04-2025,25-04-2025,25-04-2025,1938,1938,5.79,11221.02,Delivered,0
PO003512,PROD0088,SUP009,WH02,23-05-2025,29-05-2025,04-06-2025,1938,1938,5.79,11221.02,Delivered,6
PO003513,PROD0088,SUP009,WH02,05-07-2025,11-07-2025,11-07-2025,1938,1938,5.79,11221.02,Delivered,0
PO003514,PROD0088,SUP009,WH02,10-08-2025,16-08-2025,16-08-2025,1938,1938,5.79,11221.02,Delivered,0
PO003515,PROD0088,SUP009,WH02,14-09-2025,20-09-2025,21-09-2025,1938,1938,5.79,11221.02,Delivered,1
PO003516,PROD0088,SUP009,WH02,18-10-2025,24-10-2025,25-10-2025,1938,1938,5.79,11221.02,Delivered,1
PO003517,PROD0088,SUP009,WH02,22-11-2025,28-11-2025,29-11-2025,1938,1938,5.79,11221.02,Delivered,1
PO003518,PROD0088,SUP009,WH02,17-12-2025,23-12-2025,24-12-2025,1938,1938,5.79,11221.02,Delivered,1
PO003519,PROD0088,SUP009,WH04,03-01-2025,09-01-2025,10-01-2025,1565,1565,5.79,9061.35,Delivered,1
PO003520,PROD0088,SUP009,WH04,05-02-2025,11-02-2025,12-02-2025,1565,1565,5.79,9061.35,Delivered,1
PO003521,PROD0088,SUP009,WH04,13-03-2025,19-03-2025,21-03-2025,1565,1565,5.79,9061.35,Delivered,2
PO003522,PROD0088,SUP009,WH04,16-04-2025,22-04-2025,23-04-2025,1565,1565,5.79,9061.35,Delivered,1
PO003523,PROD0088,SUP009,WH04,24-05-2025,30-05-2025,30-05-2025,1565,1565,5.79,9061.35,Delivered,0
PO003524,PROD0088,SUP009,WH04,28-06-2025,04-07-2025,05-07-2025,1565,1565,5.79,9061.35,Delivered,1
PO003525,PROD0088,SUP009,WH04,02-08-2025,08-08-2025,08-08-2025,1565,1565,5.79,9061.35,Delivered,0
PO003526,PROD0088,SUP009,WH04,07-09-2025,13-09-2025,14-09-2025,1565,1565,5.79,9061.35,Delivered,1
PO003527,PROD0088,SUP009,WH04,08-10-2025,14-10-2025,14-10-2025,1565,1565,5.79,9061.35,Delivered,0
PO003528,PROD0088,SUP009,WH04,12-11-2025,18-11-2025,18-11-2025,1565,1565,5.79,9061.35,Delivered,0
PO003529,PROD0088,SUP009,WH04,11-12-2025,17-12-2025,17-12-2025,1565,1565,5.79,9061.35,Delivered,0
PO003530,PROD0089,SUP001,WH01,09-01-2025,25-01-2025,25-01-2025,455,455,30.69,13963.95,Delivered,0
PO003531,PROD0089,SUP001,WH01,16-02-2025,04-03-2025,05-03-2025,455,455,30.69,13963.95,Delivered,1
PO003532,PROD0089,SUP001,WH01,20-03-2025,05-04-2025,08-04-2025,455,455,30.69,13963.95,Delivered,3
PO003533,PROD0089,SUP001,WH01,20-04-2025,06-05-2025,07-05-2025,455,455,30.69,13963.95,Delivered,1
PO003534,PROD0089,SUP001,WH01,20-05-2025,05-06-2025,08-06-2025,455,455,30.69,13963.95,Delivered,3
PO003535,PROD0089,SUP001,WH01,23-06-2025,09-07-2025,09-07-2025,455,455,30.69,13963.95,Delivered,0
PO003536,PROD0089,SUP001,WH01,30-07-2025,15-08-2025,15-08-2025,455,455,30.69,13963.95,Delivered,0
PO003537,PROD0089,SUP001,WH01,02-09-2025,18-09-2025,18-09-2025,455,455,30.69,13963.95,Delivered,0
PO003538,PROD0089,SUP001,WH01,02-10-2025,18-10-2025,18-10-2025,455,455,30.69,13963.95,Delivered,0
PO003539,PROD0089,SUP001,WH01,05-11-2025,21-11-2025,21-11-2025,455,455,30.69,13963.95,Delivered,0
PO003540,PROD0089,SUP001,WH01,08-12-2025,24-12-2025,26-12-2025,455,455,30.69,13963.95,Delivered,2
PO003541,PROD0089,SUP001,WH02,15-01-2025,31-01-2025,01-02-2025,359,359,30.69,11017.71,Delivered,1
PO003542,PROD0089,SUP001,WH02,21-02-2025,09-03-2025,23-03-2025,359,359,30.69,11017.71,Delivered,14
PO003543,PROD0089,SUP001,WH02,07-04-2025,23-04-2025,25-04-2025,359,359,30.69,11017.71,Delivered,2
PO003544,PROD0089,SUP001,WH02,08-05-2025,24-05-2025,24-05-2025,359,359,30.69,11017.71,Delivered,0
PO003545,PROD0089,SUP001,WH02,11-06-2025,27-06-2025,27-06-2025,359,359,30.69,11017.71,Delivered,0
PO003546,PROD0089,SUP001,WH02,20-07-2025,05-08-2025,07-08-2025,359,359,30.69,11017.71,Delivered,2
PO003547,PROD0089,SUP001,WH02,24-08-2025,09-09-2025,10-09-2025,359,359,30.69,11017.71,Delivered,1
PO003548,PROD0089,SUP001,WH02,25-09-2025,11-10-2025,11-10-2025,359,359,30.69,11017.71,Delivered,0
PO003549,PROD0089,SUP001,WH02,24-10-2025,09-11-2025,10-11-2025,359,359,30.69,11017.71,Delivered,1
PO003550,PROD0089,SUP001,WH02,25-11-2025,11-12-2025,13-12-2025,359,359,30.69,11017.71,Delivered,2
PO003551,PROD0089,SUP001,WH02,29-12-2025,14-01-2026,15-01-2026,359,359,30.69,11017.71,Delivered,1
PO003552,PROD0089,SUP001,WH02,30-12-2025,15-01-2026,28-01-2026,359,359,30.69,11017.71,Delivered,13
PO003553,PROD0089,SUP001,WH02,31-12-2025,16-01-2026,19-01-2026,359,359,30.69,11017.71,Delivered,3
PO003554,PROD0089,SUP001,WH03,11-01-2025,27-01-2025,04-02-2025,344,344,30.69,10557.36,Delivered,8
PO003555,PROD0089,SUP001,WH03,22-02-2025,10-03-2025,12-03-2025,344,317,30.69,10557.36,Partial - Defect/Shortage,2
PO003556,PROD0089,SUP001,WH03,25-03-2025,10-04-2025,11-04-2025,344,344,30.69,10557.36,Delivered,1
PO003557,PROD0089,SUP001,WH03,25-04-2025,11-05-2025,13-05-2025,344,344,30.69,10557.36,Delivered,2
PO003558,PROD0089,SUP001,WH03,27-05-2025,12-06-2025,13-06-2025,344,344,30.69,10557.36,Delivered,1
PO003559,PROD0089,SUP001,WH03,30-06-2025,16-07-2025,18-07-2025,344,344,30.69,10557.36,Delivered,2
PO003560,PROD0089,SUP001,WH03,06-08-2025,22-08-2025,23-08-2025,344,325,30.69,10557.36,Partial - Defect/Shortage,1
PO003561,PROD0089,SUP001,WH03,06-09-2025,22-09-2025,22-09-2025,344,313,30.69,10557.36,Partial - Defect/Shortage,0
PO003562,PROD0089,SUP001,WH03,30-09-2025,16-10-2025,16-10-2025,344,344,30.69,10557.36,Delivered,0
PO003563,PROD0089,SUP001,WH03,02-11-2025,18-11-2025,19-11-2025,344,344,30.69,10557.36,Delivered,1
PO003564,PROD0089,SUP001,WH03,06-12-2025,22-12-2025,26-12-2025,344,344,30.69,10557.36,Delivered,4
PO003565,PROD0090,SUP012,WH03,02-01-2025,20-01-2025,20-01-2025,364,364,39.38,14334.32,Delivered,0
PO003566,PROD0090,SUP012,WH03,09-02-2025,27-02-2025,13-03-2025,364,364,39.38,14334.32,Delivered,14
PO003567,PROD0090,SUP012,WH03,28-03-2025,15-04-2025,17-04-2025,364,364,39.38,14334.32,Delivered,2
PO003568,PROD0090,SUP012,WH03,29-04-2025,17-05-2025,18-05-2025,364,364,39.38,14334.32,Delivered,1
PO003569,PROD0090,SUP012,WH03,31-05-2025,18-06-2025,26-06-2025,364,364,39.38,14334.32,Delivered,8
PO003570,PROD0090,SUP012,WH03,11-07-2025,29-07-2025,02-08-2025,364,364,39.38,14334.32,Delivered,4
PO003571,PROD0090,SUP012,WH03,15-08-2025,02-09-2025,04-09-2025,364,364,39.38,14334.32,Delivered,2
PO003572,PROD0090,SUP012,WH03,16-09-2025,04-10-2025,06-10-2025,364,364,39.38,14334.32,Delivered,2
PO003573,PROD0090,SUP012,WH03,19-10-2025,06-11-2025,11-11-2025,364,364,39.38,14334.32,Delivered,5
PO003574,PROD0090,SUP012,WH03,25-11-2025,13-12-2025,25-12-2025,364,349,39.38,14334.32,Partial - Defect/Shortage,12
PO003575,PROD0090,SUP012,WH04,09-01-2025,27-01-2025,31-01-2025,377,377,39.38,14846.26,Delivered,4
PO003576,PROD0090,SUP012,WH04,18-02-2025,08-03-2025,21-03-2025,377,377,39.38,14846.26,Delivered,13
PO003577,PROD0090,SUP012,WH04,03-04-2025,21-04-2025,04-05-2025,377,377,39.38,14846.26,Delivered,13
PO003578,PROD0090,SUP012,WH04,16-05-2025,03-06-2025,16-06-2025,377,377,39.38,14846.26,Delivered,13
PO003579,PROD0090,SUP012,WH04,30-06-2025,18-07-2025,21-07-2025,377,377,39.38,14846.26,Delivered,3
PO003580,PROD0090,SUP012,WH04,07-08-2025,25-08-2025,02-09-2025,377,377,39.38,14846.26,Delivered,8
PO003581,PROD0090,SUP012,WH04,15-09-2025,03-10-2025,10-10-2025,377,377,39.38,14846.26,Delivered,7
PO003582,PROD0090,SUP012,WH04,24-10-2025,11-11-2025,21-11-2025,377,377,39.38,14846.26,Delivered,10
PO003583,PROD0090,SUP012,WH04,04-12-2025,22-12-2025,22-12-2025,377,377,39.38,14846.26,Delivered,0
PO003584,PROD0090,SUP012,WH01,18-01-2025,05-02-2025,09-02-2025,392,392,39.38,15436.96,Delivered,4
PO003585,PROD0090,SUP012,WH01,27-02-2025,17-03-2025,20-03-2025,392,392,39.38,15436.96,Delivered,3
PO003586,PROD0090,SUP012,WH01,03-04-2025,21-04-2025,21-04-2025,392,392,39.38,15436.96,Delivered,0
PO003587,PROD0090,SUP012,WH01,03-05-2025,21-05-2025,21-05-2025,392,392,39.38,15436.96,Delivered,0
PO003588,PROD0090,SUP012,WH01,01-06-2025,19-06-2025,21-06-2025,392,339,39.38,15436.96,Partial - Defect/Shortage,2
PO003589,PROD0090,SUP012,WH01,02-07-2025,20-07-2025,30-07-2025,392,392,39.38,15436.96,Delivered,10
PO003590,PROD0090,SUP012,WH01,13-08-2025,31-08-2025,09-09-2025,392,392,39.38,15436.96,Delivered,9
PO003591,PROD0090,SUP012,WH01,21-09-2025,09-10-2025,10-10-2025,392,392,39.38,15436.96,Delivered,1
PO003592,PROD0090,SUP012,WH01,23-10-2025,10-11-2025,15-11-2025,392,392,39.38,15436.96,Delivered,5
PO003593,PROD0090,SUP012,WH01,29-11-2025,17-12-2025,18-12-2025,392,392,39.38,15436.96,Delivered,1
PO003594,PROD0090,SUP012,WH01,31-12-2025,18-01-2026,26-01-2026,392,376,39.38,15436.96,Partial - Defect/Shortage,8
PO003595,PROD0090,SUP012,WH02,09-01-2025,27-01-2025,04-02-2025,444,444,39.38,17484.72,Delivered,8
PO003596,PROD0090,SUP012,WH02,22-02-2025,12-03-2025,12-03-2025,444,444,39.38,17484.72,Delivered,0
PO003597,PROD0090,SUP012,WH02,26-03-2025,13-04-2025,14-04-2025,444,444,39.38,17484.72,Delivered,1
PO003598,PROD0090,SUP012,WH02,24-04-2025,12-05-2025,13-05-2025,444,444,39.38,17484.72,Delivered,1
PO003599,PROD0090,SUP012,WH02,26-05-2025,13-06-2025,14-06-2025,444,444,39.38,17484.72,Delivered,1
PO003600,PROD0090,SUP012,WH02,28-06-2025,16-07-2025,20-07-2025,444,444,39.38,17484.72,Delivered,4
PO003601,PROD0090,SUP012,WH02,03-08-2025,21-08-2025,27-08-2025,444,444,39.38,17484.72,Delivered,6
PO003602,PROD0090,SUP012,WH02,08-09-2025,26-09-2025,27-09-2025,444,425,39.38,17484.72,Partial - Defect/Shortage,1
PO003603,PROD0090,SUP012,WH02,08-10-2025,26-10-2025,28-10-2025,444,444,39.38,17484.72,Delivered,2
PO003604,PROD0090,SUP012,WH02,12-11-2025,30-11-2025,30-11-2025,444,444,39.38,17484.72,Delivered,0
PO003605,PROD0090,SUP012,WH02,14-12-2025,01-01-2026,03-01-2026,444,407,39.38,17484.72,Partial - Defect/Shortage,2
PO003606,PROD0090,SUP012,WH02,15-12-2025,02-01-2026,03-01-2026,444,444,39.38,17484.72,Delivered,1
PO003607,PROD0090,SUP012,WH02,16-12-2025,03-01-2026,03-01-2026,444,444,39.38,17484.72,Delivered,0
PO003608,PROD0090,SUP012,WH02,17-12-2025,04-01-2026,12-01-2026,444,444,39.38,17484.72,Delivered,8
PO003609,PROD0090,SUP012,WH02,18-12-2025,05-01-2026,05-01-2026,444,444,39.38,17484.72,Delivered,0
PO003610,PROD0090,SUP012,WH02,19-12-2025,06-01-2026,06-01-2026,444,444,39.38,17484.72,Delivered,0
PO003611,PROD0090,SUP012,WH02,20-12-2025,07-01-2026,09-01-2026,444,444,39.38,17484.72,Delivered,2
PO003612,PROD0090,SUP012,WH02,21-12-2025,08-01-2026,19-01-2026,444,407,39.38,17484.72,Partial - Defect/Shortage,11
PO003613,PROD0090,SUP012,WH02,22-12-2025,09-01-2026,09-01-2026,444,444,39.38,17484.72,Delivered,0
PO003614,PROD0090,SUP012,WH02,23-12-2025,10-01-2026,20-01-2026,444,444,39.38,17484.72,Delivered,10
PO003615,PROD0090,SUP012,WH02,24-12-2025,11-01-2026,20-01-2026,444,444,39.38,17484.72,Delivered,9
PO003616,PROD0090,SUP012,WH02,25-12-2025,12-01-2026,17-01-2026,444,444,39.38,17484.72,Delivered,5
PO003617,PROD0090,SUP012,WH02,26-12-2025,13-01-2026,22-01-2026,444,444,39.38,17484.72,Delivered,9
PO003618,PROD0090,SUP012,WH02,27-12-2025,14-01-2026,14-01-2026,444,444,39.38,17484.72,Delivered,0
PO003619,PROD0090,SUP012,WH02,28-12-2025,15-01-2026,17-01-2026,444,444,39.38,17484.72,Delivered,2
PO003620,PROD0090,SUP012,WH02,29-12-2025,16-01-2026,22-01-2026,444,444,39.38,17484.72,Delivered,6
PO003621,PROD0090,SUP012,WH02,30-12-2025,17-01-2026,19-01-2026,444,444,39.38,17484.72,Delivered,2
PO003622,PROD0090,SUP012,WH02,31-12-2025,18-01-2026,18-01-2026,444,444,39.38,17484.72,Delivered,0
